train_number,class_type,amount
04601,SL,400.0
04601,3A,640.0
04601,2A,800.0
04601,1A,1200.0
04602,SL,400.0
04602,3A,640.0
04602,2A,800.0
04602,1A,1200.0
04603,SL,400.0
04603,3A,640.0
04603,2A,800.0
04603,1A,1200.0
04604,SL,400.0
04604,3A,640.0
04604,2A,800.0
04604,1A,1200.0
04728,SL,400.0
04728,3A,640.0
04728,2A,800.0
04728,1A,1200.0
04741,SL,400.0
04741,3A,640.0
04741,2A,800.0
04741,1A,1200.0
04742,SL,400.0
04742,3A,640.0
04742,2A,800.0
04742,1A,1200.0
04853,SL,400.0
04853,3A,640.0
04853,2A,800.0
04853,1A,1200.0
04854,SL,400.0
04854,3A,640.0
04854,2A,800.0
04854,1A,1200.0
09022,SL,400.0
09022,3A,640.0
09022,2A,800.0
09022,1A,1200.0
11017,SL,400.0
11017,3A,640.0
11017,2A,800.0
11017,1A,1200.0
11019,SL,400.0
11019,3A,640.0
11019,2A,800.0
11019,1A,1200.0
11020,SL,400.0
11020,3A,640.0
11020,2A,800.0
11020,1A,1200.0
11023,SL,400.0
11023,3A,640.0
11023,2A,800.0
11023,1A,1200.0
11024,SL,400.0
11024,3A,640.0
11024,2A,800.0
11024,1A,1200.0
11025,SL,400.0
11025,3A,640.0
11025,2A,800.0
11025,1A,1200.0
11026,SL,400.0
11026,3A,640.0
11026,2A,800.0
11026,1A,1200.0
11027,SL,400.0
11027,3A,640.0
11027,2A,800.0
11027,1A,1200.0
11029,SL,400.0
11029,3A,640.0
11029,2A,800.0
11029,1A,1200.0
11030,SL,400.0
11030,3A,640.0
11030,2A,800.0
11030,1A,1200.0
11033,SL,400.0
11033,3A,640.0
11033,2A,800.0
11033,1A,1200.0
11035,SL,400.0
11035,3A,640.0
11035,2A,800.0
11035,1A,1200.0
11036,SL,400.0
11036,3A,640.0
11036,2A,800.0
11036,1A,1200.0
11037,SL,400.0
11037,3A,640.0
11037,2A,800.0
11037,1A,1200.0
11038,SL,400.0
11038,3A,640.0
11038,2A,800.0
11038,1A,1200.0
11039,SL,400.0
11039,3A,640.0
11039,2A,800.0
11039,1A,1200.0
11039-Slip,SL,400.0
11039-Slip,3A,640.0
11039-Slip,2A,800.0
11039-Slip,1A,1200.0
11040,SL,400.0
11040,3A,640.0
11040,2A,800.0
11040,1A,1200.0
11040-Slip,SL,400.0
11040-Slip,3A,640.0
11040-Slip,2A,800.0
11040-Slip,1A,1200.0
11041,SL,400.0
11041,3A,640.0
11041,2A,800.0
11041,1A,1200.0
11043,SL,400.0
11043,3A,640.0
11043,2A,800.0
11043,1A,1200.0
11044,SL,400.0
11044,3A,640.0
11044,2A,800.0
11044,1A,1200.0
11045,SL,400.0
11045,3A,640.0
11045,2A,800.0
11045,1A,1200.0
11047,SL,400.0
11047,3A,640.0
11047,2A,800.0
11047,1A,1200.0
11048,SL,400.0
11048,3A,640.0
11048,2A,800.0
11048,1A,1200.0
11049,SL,400.0
11049,3A,640.0
11049,2A,800.0
11049,1A,1200.0
11050,SL,400.0
11050,3A,640.0
11050,2A,800.0
11050,1A,1200.0
11051,SL,400.0
11051,3A,640.0
11051,2A,800.0
11051,1A,1200.0
11052,SL,400.0
11052,3A,640.0
11052,2A,800.0
11052,1A,1200.0
11056,SL,400.0
11056,3A,640.0
11056,2A,800.0
11056,1A,1200.0
11057,SL,400.0
11057,3A,640.0
11057,2A,800.0
11057,1A,1200.0
11057-Slip,SL,400.0
11057-Slip,3A,640.0
11057-Slip,2A,800.0
11057-Slip,1A,1200.0
11058,SL,400.0
11058,3A,640.0
11058,2A,800.0
11058,1A,1200.0
11059,SL,400.0
11059,3A,640.0
11059,2A,800.0
11059,1A,1200.0
11060,SL,400.0
11060,3A,640.0
11060,2A,800.0
11060,1A,1200.0
11062,SL,400.0
11062,3A,640.0
11062,2A,800.0
11062,1A,1200.0
56305,SL,400.0
56305,3A,640.0
56305,2A,800.0
56305,1A,1200.0
58651,SL,400.0
58651,3A,640.0
58651,2A,800.0
58651,1A,1200.0
04858,SL,400.0
04858,3A,640.0
04858,2A,800.0
04858,1A,1200.0
05305,SL,400.0
05305,3A,640.0
05305,2A,800.0
05305,1A,1200.0
05306,SL,400.0
05306,3A,640.0
05306,2A,800.0
05306,1A,1200.0
05650,SL,400.0
05650,3A,640.0
05650,2A,800.0
05650,1A,1200.0
05697,SL,400.0
05697,3A,640.0
05697,2A,800.0
05697,1A,1200.0
05698,SL,400.0
05698,3A,640.0
05698,2A,800.0
05698,1A,1200.0
06002,SL,400.0
06002,3A,640.0
06002,2A,800.0
06002,1A,1200.0
06003,SL,400.0
06003,3A,640.0
06003,2A,800.0
06003,1A,1200.0
06004,SL,400.0
06004,3A,640.0
06004,2A,800.0
06004,1A,1200.0
06005,SL,400.0
06005,3A,640.0
06005,2A,800.0
06005,1A,1200.0
06006,SL,400.0
06006,3A,640.0
06006,2A,800.0
06006,1A,1200.0
06007,SL,400.0
06007,3A,640.0
06007,2A,800.0
06007,1A,1200.0
06008,SL,400.0
06008,3A,640.0
06008,2A,800.0
06008,1A,1200.0
06009,SL,400.0
06009,3A,640.0
06009,2A,800.0
06009,1A,1200.0
06011,SL,400.0
06011,3A,640.0
06011,2A,800.0
06011,1A,1200.0
06201,SL,400.0
06201,3A,640.0
06201,2A,800.0
06201,1A,1200.0
06202,SL,400.0
06202,3A,640.0
06202,2A,800.0
06202,1A,1200.0
06215,SL,400.0
06215,3A,640.0
06215,2A,800.0
06215,1A,1200.0
06216,SL,400.0
06216,3A,640.0
06216,2A,800.0
06216,1A,1200.0
06228,SL,400.0
06228,3A,640.0
06228,2A,800.0
06228,1A,1200.0
06301,SL,400.0
06301,3A,640.0
06301,2A,800.0
06301,1A,1200.0
06302,SL,400.0
06302,3A,640.0
06302,2A,800.0
06302,1A,1200.0
06501,SL,400.0
06501,3A,640.0
06501,2A,800.0
06501,1A,1200.0
06502,SL,400.0
06502,3A,640.0
06502,2A,800.0
06502,1A,1200.0
06535,SL,400.0
06535,3A,640.0
06535,2A,800.0
06535,1A,1200.0
06536,SL,400.0
06536,3A,640.0
06536,2A,800.0
06536,1A,1200.0
06591,SL,400.0
06591,3A,640.0
06591,2A,800.0
06591,1A,1200.0
06592,SL,400.0
06592,3A,640.0
06592,2A,800.0
06592,1A,1200.0
06594,SL,400.0
06594,3A,640.0
06594,2A,800.0
06594,1A,1200.0
06595,SL,400.0
06595,3A,640.0
06595,2A,800.0
06595,1A,1200.0
06596,SL,400.0
06596,3A,640.0
06596,2A,800.0
06596,1A,1200.0
06617,SL,400.0
06617,3A,640.0
06617,2A,800.0
06617,1A,1200.0
06618,SL,400.0
06618,3A,640.0
06618,2A,800.0
06618,1A,1200.0
06621,SL,400.0
06621,3A,640.0
06621,2A,800.0
06621,1A,1200.0
06622,SL,400.0
06622,3A,640.0
06622,2A,800.0
06622,1A,1200.0
06837,SL,400.0
06837,3A,640.0
06837,2A,800.0
06837,1A,1200.0
06838,SL,400.0
06838,3A,640.0
06838,2A,800.0
06838,1A,1200.0
06839,SL,400.0
06839,3A,640.0
06839,2A,800.0
06839,1A,1200.0
06840,SL,400.0
06840,3A,640.0
06840,2A,800.0
06840,1A,1200.0
06948,SL,400.0
06948,3A,640.0
06948,2A,800.0
06948,1A,1200.0
07003,SL,400.0
07003,3A,640.0
07003,2A,800.0
07003,1A,1200.0
07004,SL,400.0
07004,3A,640.0
07004,2A,800.0
07004,1A,1200.0
07105,SL,400.0
07105,3A,640.0
07105,2A,800.0
07105,1A,1200.0
40005,SL,400.0
40005,3A,640.0
40005,2A,800.0
40005,1A,1200.0
55138,SL,400.0
55138,3A,640.0
55138,2A,800.0
55138,1A,1200.0
56393,SL,400.0
56393,3A,640.0
56393,2A,800.0
56393,1A,1200.0
24041,SL,400.0
24041,3A,640.0
24041,2A,800.0
24041,1A,1200.0
07144,SL,400.0
07144,3A,640.0
07144,2A,800.0
07144,1A,1200.0
07301,SL,400.0
07301,3A,640.0
07301,2A,800.0
07301,1A,1200.0
07403,SL,400.0
07403,3A,640.0
07403,2A,800.0
07403,1A,1200.0
07404,SL,400.0
07404,3A,640.0
07404,2A,800.0
07404,1A,1200.0
07603,SL,400.0
07603,3A,640.0
07603,2A,800.0
07603,1A,1200.0
07605,SL,400.0
07605,3A,640.0
07605,2A,800.0
07605,1A,1200.0
07606,SL,400.0
07606,3A,640.0
07606,2A,800.0
07606,1A,1200.0
07607,SL,400.0
07607,3A,640.0
07607,2A,800.0
07607,1A,1200.0
07608,SL,400.0
07608,3A,640.0
07608,2A,800.0
07608,1A,1200.0
08001,SL,400.0
08001,3A,640.0
08001,2A,800.0
08001,1A,1200.0
08002,SL,400.0
08002,3A,640.0
08002,2A,800.0
08002,1A,1200.0
08004,SL,400.0
08004,3A,640.0
08004,2A,800.0
08004,1A,1200.0
08017,SL,400.0
08017,3A,640.0
08017,2A,800.0
08017,1A,1200.0
08018,SL,400.0
08018,3A,640.0
08018,2A,800.0
08018,1A,1200.0
08043,SL,400.0
08043,3A,640.0
08043,2A,800.0
08043,1A,1200.0
08051,SL,400.0
08051,3A,640.0
08051,2A,800.0
08051,1A,1200.0
08052,SL,400.0
08052,3A,640.0
08052,2A,800.0
08052,1A,1200.0
08055,SL,400.0
08055,3A,640.0
08055,2A,800.0
08055,1A,1200.0
08113,SL,400.0
08113,3A,640.0
08113,2A,800.0
08113,1A,1200.0
08114,SL,400.0
08114,3A,640.0
08114,2A,800.0
08114,1A,1200.0
08469,SL,400.0
08469,3A,640.0
08469,2A,800.0
08469,1A,1200.0
08470,SL,400.0
08470,3A,640.0
08470,2A,800.0
08470,1A,1200.0
08471,SL,400.0
08471,3A,640.0
08471,2A,800.0
08471,1A,1200.0
08472,SL,400.0
08472,3A,640.0
08472,2A,800.0
08472,1A,1200.0
08565,SL,400.0
08565,3A,640.0
08565,2A,800.0
08565,1A,1200.0
08566,SL,400.0
08566,3A,640.0
08566,2A,800.0
08566,1A,1200.0
08567,SL,400.0
08567,3A,640.0
08567,2A,800.0
08567,1A,1200.0
08568,SL,400.0
08568,3A,640.0
08568,2A,800.0
08568,1A,1200.0
08569,SL,400.0
08569,3A,640.0
08569,2A,800.0
08569,1A,1200.0
08786,SL,400.0
08786,3A,640.0
08786,2A,800.0
08786,1A,1200.0
08787,SL,400.0
08787,3A,640.0
08787,2A,800.0
08787,1A,1200.0
08788,SL,400.0
08788,3A,640.0
08788,2A,800.0
08788,1A,1200.0
09002,SL,400.0
09002,3A,640.0
09002,2A,800.0
09002,1A,1200.0
09021,SL,400.0
09021,3A,640.0
09021,2A,800.0
09021,1A,1200.0
09051,SL,400.0
09051,3A,640.0
09051,2A,800.0
09051,1A,1200.0
09221,SL,400.0
09221,3A,640.0
09221,2A,800.0
09221,1A,1200.0
09561,SL,400.0
09561,3A,640.0
09561,2A,800.0
09561,1A,1200.0
09733,SL,400.0
09733,3A,640.0
09733,2A,800.0
09733,1A,1200.0
09734,SL,400.0
09734,3A,640.0
09734,2A,800.0
09734,1A,1200.0
11015,SL,400.0
11015,3A,640.0
11015,2A,800.0
11015,1A,1200.0
12084,SL,400.0
12084,3A,640.0
12084,2A,800.0
12084,1A,1200.0
13401,SL,400.0
13401,3A,640.0
13401,2A,800.0
13401,1A,1200.0
13410,SL,400.0
13410,3A,640.0
13410,2A,800.0
13410,1A,1200.0
40007,SL,400.0
40007,3A,640.0
40007,2A,800.0
40007,1A,1200.0
56320,SL,400.0
56320,3A,640.0
56320,2A,800.0
56320,1A,1200.0
08785,SL,400.0
08785,3A,640.0
08785,2A,800.0
08785,1A,1200.0
01494,SL,400.0
01494,3A,640.0
01494,2A,800.0
01494,1A,1200.0
09222,SL,400.0
09222,3A,640.0
09222,2A,800.0
09222,1A,1200.0
09405,SL,400.0
09405,3A,640.0
09405,2A,800.0
09405,1A,1200.0
09406,SL,400.0
09406,3A,640.0
09406,2A,800.0
09406,1A,1200.0
09562,SL,400.0
09562,3A,640.0
09562,2A,800.0
09562,1A,1200.0
09621,SL,400.0
09621,3A,640.0
09621,2A,800.0
09621,1A,1200.0
09622,SL,400.0
09622,3A,640.0
09622,2A,800.0
09622,1A,1200.0
09715,SL,400.0
09715,3A,640.0
09715,2A,800.0
09715,1A,1200.0
09716,SL,400.0
09716,3A,640.0
09716,2A,800.0
09716,1A,1200.0
09721,SL,400.0
09721,3A,640.0
09721,2A,800.0
09721,1A,1200.0
09724,SL,400.0
09724,3A,640.0
09724,2A,800.0
09724,1A,1200.0
09727,SL,400.0
09727,3A,640.0
09727,2A,800.0
09727,1A,1200.0
09728,SL,400.0
09728,3A,640.0
09728,2A,800.0
09728,1A,1200.0
09735,SL,400.0
09735,3A,640.0
09735,2A,800.0
09735,1A,1200.0
09736,SL,400.0
09736,3A,640.0
09736,2A,800.0
09736,1A,1200.0
09741,SL,400.0
09741,3A,640.0
09741,2A,800.0
09741,1A,1200.0
09742,SL,400.0
09742,3A,640.0
09742,2A,800.0
09742,1A,1200.0
09761,SL,400.0
09761,3A,640.0
09761,2A,800.0
09761,1A,1200.0
09762,SL,400.0
09762,3A,640.0
09762,2A,800.0
09762,1A,1200.0
09763,SL,400.0
09763,3A,640.0
09763,2A,800.0
09763,1A,1200.0
09764,SL,400.0
09764,3A,640.0
09764,2A,800.0
09764,1A,1200.0
09765,SL,400.0
09765,3A,640.0
09765,2A,800.0
09765,1A,1200.0
09766,SL,400.0
09766,3A,640.0
09766,2A,800.0
09766,1A,1200.0
10001,SL,400.0
10001,3A,640.0
10001,2A,800.0
10001,1A,1200.0
10002,SL,400.0
10002,3A,640.0
10002,2A,800.0
10002,1A,1200.0
10103,SL,400.0
10103,3A,640.0
10103,2A,800.0
10103,1A,1200.0
10104,SL,400.0
10104,3A,640.0
10104,2A,800.0
10104,1A,1200.0
10111,SL,400.0
10111,3A,640.0
10111,2A,800.0
10111,1A,1200.0
10112,SL,400.0
10112,3A,640.0
10112,2A,800.0
10112,1A,1200.0
10215,SL,400.0
10215,3A,640.0
10215,2A,800.0
10215,1A,1200.0
10216,SL,400.0
10216,3A,640.0
10216,2A,800.0
10216,1A,1200.0
11003,SL,400.0
11003,3A,640.0
11003,2A,800.0
11003,1A,1200.0
11004,SL,400.0
11004,3A,640.0
11004,2A,800.0
11004,1A,1200.0
11007,SL,400.0
11007,3A,640.0
11007,2A,800.0
11007,1A,1200.0
11009,SL,400.0
11009,3A,640.0
11009,2A,800.0
11009,1A,1200.0
11010,SL,400.0
11010,3A,640.0
11010,2A,800.0
11010,1A,1200.0
11011,SL,400.0
11011,3A,640.0
11011,2A,800.0
11011,1A,1200.0
11012,SL,400.0
11012,3A,640.0
11012,2A,800.0
11012,1A,1200.0
11014,SL,400.0
11014,3A,640.0
11014,2A,800.0
11014,1A,1200.0
11016,SL,400.0
11016,3A,640.0
11016,2A,800.0
11016,1A,1200.0
11018,SL,400.0
11018,3A,640.0
11018,2A,800.0
11018,1A,1200.0
15212,SL,400.0
15212,3A,640.0
15212,2A,800.0
15212,1A,1200.0
40013,SL,400.0
40013,3A,640.0
40013,2A,800.0
40013,1A,1200.0
56304,SL,400.0
56304,3A,640.0
56304,2A,800.0
56304,1A,1200.0
56386,SL,400.0
56386,3A,640.0
56386,2A,800.0
56386,1A,1200.0
56390,SL,400.0
56390,3A,640.0
56390,2A,800.0
56390,1A,1200.0
02082,SL,400.0
02082,3A,640.0
02082,2A,800.0
02082,1A,1200.0
02083,SL,400.0
02083,3A,640.0
02083,2A,800.0
02083,1A,1200.0
02084,SL,400.0
02084,3A,640.0
02084,2A,800.0
02084,1A,1200.0
02085,SL,400.0
02085,3A,640.0
02085,2A,800.0
02085,1A,1200.0
02086,SL,400.0
02086,3A,640.0
02086,2A,800.0
02086,1A,1200.0
02087,SL,400.0
02087,3A,640.0
02087,2A,800.0
02087,1A,1200.0
02088,SL,400.0
02088,3A,640.0
02088,2A,800.0
02088,1A,1200.0
02089,SL,400.0
02089,3A,640.0
02089,2A,800.0
02089,1A,1200.0
02090,SL,400.0
02090,3A,640.0
02090,2A,800.0
02090,1A,1200.0
02093,SL,400.0
02093,3A,640.0
02093,2A,800.0
02093,1A,1200.0
02411,SL,400.0
02411,3A,640.0
02411,2A,800.0
02411,1A,1200.0
02412,SL,400.0
02412,3A,640.0
02412,2A,800.0
02412,1A,1200.0
02413,SL,400.0
02413,3A,640.0
02413,2A,800.0
02413,1A,1200.0
02423,SL,400.0
02423,3A,640.0
02423,2A,800.0
02423,1A,1200.0
02424,SL,400.0
02424,3A,640.0
02424,2A,800.0
02424,1A,1200.0
02435,SL,400.0
02435,3A,640.0
02435,2A,800.0
02435,1A,1200.0
02436,SL,400.0
02436,3A,640.0
02436,2A,800.0
02436,1A,1200.0
02451,SL,400.0
02451,3A,640.0
02451,2A,800.0
02451,1A,1200.0
02452,SL,400.0
02452,3A,640.0
02452,2A,800.0
02452,1A,1200.0
02453,SL,400.0
02453,3A,640.0
02453,2A,800.0
02453,1A,1200.0
02454,SL,400.0
02454,3A,640.0
02454,2A,800.0
02454,1A,1200.0
02779,SL,400.0
02779,3A,640.0
02779,2A,800.0
02779,1A,1200.0
03283,SL,400.0
03283,3A,640.0
03283,2A,800.0
03283,1A,1200.0
03284,SL,400.0
03284,3A,640.0
03284,2A,800.0
03284,1A,1200.0
03686,SL,400.0
03686,3A,640.0
03686,2A,800.0
03686,1A,1200.0
04011,SL,400.0
04011,3A,640.0
04011,2A,800.0
04011,1A,1200.0
04031,SL,400.0
04031,3A,640.0
04031,2A,800.0
04031,1A,1200.0
04032,SL,400.0
04032,3A,640.0
04032,2A,800.0
04032,1A,1200.0
04053,SL,400.0
04053,3A,640.0
04053,2A,800.0
04053,1A,1200.0
04054,SL,400.0
04054,3A,640.0
04054,2A,800.0
04054,1A,1200.0
04115,SL,400.0
04115,3A,640.0
04115,2A,800.0
04115,1A,1200.0
02081,SL,400.0
02081,3A,640.0
02081,2A,800.0
02081,1A,1200.0
04116,SL,400.0
04116,3A,640.0
04116,2A,800.0
04116,1A,1200.0
04201,SL,400.0
04201,3A,640.0
04201,2A,800.0
04201,1A,1200.0
04202,SL,400.0
04202,3A,640.0
04202,2A,800.0
04202,1A,1200.0
04203,SL,400.0
04203,3A,640.0
04203,2A,800.0
04203,1A,1200.0
11067-Slip,SL,400.0
11067-Slip,3A,640.0
11067-Slip,2A,800.0
11067-Slip,1A,1200.0
11108,SL,400.0
11108,3A,640.0
11108,2A,800.0
11108,1A,1200.0
11109,SL,400.0
11109,3A,640.0
11109,2A,800.0
11109,1A,1200.0
11110,SL,400.0
11110,3A,640.0
11110,2A,800.0
11110,1A,1200.0
11123,SL,400.0
11123,3A,640.0
11123,2A,800.0
11123,1A,1200.0
11124,SL,400.0
11124,3A,640.0
11124,2A,800.0
11124,1A,1200.0
11125,SL,400.0
11125,3A,640.0
11125,2A,800.0
11125,1A,1200.0
11126,SL,400.0
11126,3A,640.0
11126,2A,800.0
11126,1A,1200.0
11454,SL,400.0
11454,3A,640.0
11454,2A,800.0
11454,1A,1200.0
52071,SL,400.0
52071,3A,640.0
52071,2A,800.0
52071,1A,1200.0
11063-Slip,SL,400.0
11063-Slip,3A,640.0
11063-Slip,2A,800.0
11063-Slip,1A,1200.0
11065,SL,400.0
11065,3A,640.0
11065,2A,800.0
11065,1A,1200.0
11066,SL,400.0
11066,3A,640.0
11066,2A,800.0
11066,1A,1200.0
11067,SL,400.0
11067,3A,640.0
11067,2A,800.0
11067,1A,1200.0
11068,SL,400.0
11068,3A,640.0
11068,2A,800.0
11068,1A,1200.0
11069,SL,400.0
11069,3A,640.0
11069,2A,800.0
11069,1A,1200.0
11070,SL,400.0
11070,3A,640.0
11070,2A,800.0
11070,1A,1200.0
11071,SL,400.0
11071,3A,640.0
11071,2A,800.0
11071,1A,1200.0
11072,SL,400.0
11072,3A,640.0
11072,2A,800.0
11072,1A,1200.0
11077,SL,400.0
11077,3A,640.0
11077,2A,800.0
11077,1A,1200.0
11078,SL,400.0
11078,3A,640.0
11078,2A,800.0
11078,1A,1200.0
11087,SL,400.0
11087,3A,640.0
11087,2A,800.0
11087,1A,1200.0
11088,SL,400.0
11088,3A,640.0
11088,2A,800.0
11088,1A,1200.0
11089,SL,400.0
11089,3A,640.0
11089,2A,800.0
11089,1A,1200.0
11090,SL,400.0
11090,3A,640.0
11090,2A,800.0
11090,1A,1200.0
11091,SL,400.0
11091,3A,640.0
11091,2A,800.0
11091,1A,1200.0
11092,SL,400.0
11092,3A,640.0
11092,2A,800.0
11092,1A,1200.0
11093,SL,400.0
11093,3A,640.0
11093,2A,800.0
11093,1A,1200.0
11094,SL,400.0
11094,3A,640.0
11094,2A,800.0
11094,1A,1200.0
11095,SL,400.0
11095,3A,640.0
11095,2A,800.0
11095,1A,1200.0
11096,SL,400.0
11096,3A,640.0
11096,2A,800.0
11096,1A,1200.0
11105,SL,400.0
11105,3A,640.0
11105,2A,800.0
11105,1A,1200.0
11106,SL,400.0
11106,3A,640.0
11106,2A,800.0
11106,1A,1200.0
11266,SL,400.0
11266,3A,640.0
11266,2A,800.0
11266,1A,1200.0
11401,SL,400.0
11401,3A,640.0
11401,2A,800.0
11401,1A,1200.0
11402,SL,400.0
11402,3A,640.0
11402,2A,800.0
11402,1A,1200.0
11403,SL,400.0
11403,3A,640.0
11403,2A,800.0
11403,1A,1200.0
11404,SL,400.0
11404,3A,640.0
11404,2A,800.0
11404,1A,1200.0
11423,SL,400.0
11423,3A,640.0
11423,2A,800.0
11423,1A,1200.0
11424,SL,400.0
11424,3A,640.0
11424,2A,800.0
11424,1A,1200.0
11447,SL,400.0
11447,3A,640.0
11447,2A,800.0
11447,1A,1200.0
11448,SL,400.0
11448,3A,640.0
11448,2A,800.0
11448,1A,1200.0
11449,SL,400.0
11449,3A,640.0
11449,2A,800.0
11449,1A,1200.0
11450,SL,400.0
11450,3A,640.0
11450,2A,800.0
11450,1A,1200.0
11451,SL,400.0
11451,3A,640.0
11451,2A,800.0
11451,1A,1200.0
11452,SL,400.0
11452,3A,640.0
11452,2A,800.0
11452,1A,1200.0
11453,SL,400.0
11453,3A,640.0
11453,2A,800.0
11453,1A,1200.0
11463,SL,400.0
11463,3A,640.0
11463,2A,800.0
11463,1A,1200.0
11464,SL,400.0
11464,3A,640.0
11464,2A,800.0
11464,1A,1200.0
11471,SL,400.0
11471,3A,640.0
11471,2A,800.0
11471,1A,1200.0
11472,SL,400.0
11472,3A,640.0
11472,2A,800.0
11472,1A,1200.0
12003,SL,400.0
12003,3A,640.0
12003,2A,800.0
12003,1A,1200.0
12020,SL,400.0
12020,3A,640.0
12020,2A,800.0
12020,1A,1200.0
12021,SL,400.0
12021,3A,640.0
12021,2A,800.0
12021,1A,1200.0
12022,SL,400.0
12022,3A,640.0
12022,2A,800.0
12022,1A,1200.0
12189,SL,400.0
12189,3A,640.0
12189,2A,800.0
12189,1A,1200.0
53030,SL,400.0
53030,3A,640.0
53030,2A,800.0
53030,1A,1200.0
56385,SL,400.0
56385,3A,640.0
56385,2A,800.0
56385,1A,1200.0
11465,SL,400.0
11465,3A,640.0
11465,2A,800.0
11465,1A,1200.0
11466,SL,400.0
11466,3A,640.0
11466,2A,800.0
11466,1A,1200.0
11702,SL,400.0
11702,3A,640.0
11702,2A,800.0
11702,1A,1200.0
12002,SL,400.0
12002,3A,640.0
12002,2A,800.0
12002,1A,1200.0
12004,SL,400.0
12004,3A,640.0
12004,2A,800.0
12004,1A,1200.0
12005,SL,400.0
12005,3A,640.0
12005,2A,800.0
12005,1A,1200.0
12006,SL,400.0
12006,3A,640.0
12006,2A,800.0
12006,1A,1200.0
12008,SL,400.0
12008,3A,640.0
12008,2A,800.0
12008,1A,1200.0
12009,SL,400.0
12009,3A,640.0
12009,2A,800.0
12009,1A,1200.0
12010,SL,400.0
12010,3A,640.0
12010,2A,800.0
12010,1A,1200.0
12011,SL,400.0
12011,3A,640.0
12011,2A,800.0
12011,1A,1200.0
12012,SL,400.0
12012,3A,640.0
12012,2A,800.0
12012,1A,1200.0
12013,SL,400.0
12013,3A,640.0
12013,2A,800.0
12013,1A,1200.0
12014,SL,400.0
12014,3A,640.0
12014,2A,800.0
12014,1A,1200.0
12015,SL,400.0
12015,3A,640.0
12015,2A,800.0
12015,1A,1200.0
12016,SL,400.0
12016,3A,640.0
12016,2A,800.0
12016,1A,1200.0
12017,SL,400.0
12017,3A,640.0
12017,2A,800.0
12017,1A,1200.0
12018,SL,400.0
12018,3A,640.0
12018,2A,800.0
12018,1A,1200.0
12023,SL,400.0
12023,3A,640.0
12023,2A,800.0
12023,1A,1200.0
12024,SL,400.0
12024,3A,640.0
12024,2A,800.0
12024,1A,1200.0
12025,SL,400.0
12025,3A,640.0
12025,2A,800.0
12025,1A,1200.0
12026,SL,400.0
12026,3A,640.0
12026,2A,800.0
12026,1A,1200.0
12028,SL,400.0
12028,3A,640.0
12028,2A,800.0
12028,1A,1200.0
12029,SL,400.0
12029,3A,640.0
12029,2A,800.0
12029,1A,1200.0
12031,SL,400.0
12031,3A,640.0
12031,2A,800.0
12031,1A,1200.0
12032,SL,400.0
12032,3A,640.0
12032,2A,800.0
12032,1A,1200.0
12033,SL,400.0
12033,3A,640.0
12033,2A,800.0
12033,1A,1200.0
12034,SL,400.0
12034,3A,640.0
12034,2A,800.0
12034,1A,1200.0
12037,SL,400.0
12037,3A,640.0
12037,2A,800.0
12037,1A,1200.0
12038,SL,400.0
12038,3A,640.0
12038,2A,800.0
12038,1A,1200.0
12051,SL,400.0
12051,3A,640.0
12051,2A,800.0
12051,1A,1200.0
12052,SL,400.0
12052,3A,640.0
12052,2A,800.0
12052,1A,1200.0
12053,SL,400.0
12053,3A,640.0
12053,2A,800.0
12053,1A,1200.0
12054,SL,400.0
12054,3A,640.0
12054,2A,800.0
12054,1A,1200.0
12055,SL,400.0
12055,3A,640.0
12055,2A,800.0
12055,1A,1200.0
12059,SL,400.0
12059,3A,640.0
12059,2A,800.0
12059,1A,1200.0
12060,SL,400.0
12060,3A,640.0
12060,2A,800.0
12060,1A,1200.0
12063,SL,400.0
12063,3A,640.0
12063,2A,800.0
12063,1A,1200.0
12064,SL,400.0
12064,3A,640.0
12064,2A,800.0
12064,1A,1200.0
12067,SL,400.0
12067,3A,640.0
12067,2A,800.0
12067,1A,1200.0
12083,SL,400.0
12083,3A,640.0
12083,2A,800.0
12083,1A,1200.0
12107,SL,400.0
12107,3A,640.0
12107,2A,800.0
12107,1A,1200.0
12108,SL,400.0
12108,3A,640.0
12108,2A,800.0
12108,1A,1200.0
12110,SL,400.0
12110,3A,640.0
12110,2A,800.0
12110,1A,1200.0
12118,SL,400.0
12118,3A,640.0
12118,2A,800.0
12118,1A,1200.0
56389,SL,400.0
56389,3A,640.0
56389,2A,800.0
56389,1A,1200.0
12056,SL,400.0
12056,3A,640.0
12056,2A,800.0
12056,1A,1200.0
12057,SL,400.0
12057,3A,640.0
12057,2A,800.0
12057,1A,1200.0
12058,SL,400.0
12058,3A,640.0
12058,2A,800.0
12058,1A,1200.0
12061,SL,400.0
12061,3A,640.0
12061,2A,800.0
12061,1A,1200.0
12062,SL,400.0
12062,3A,640.0
12062,2A,800.0
12062,1A,1200.0
12068,SL,400.0
12068,3A,640.0
12068,2A,800.0
12068,1A,1200.0
12069,SL,400.0
12069,3A,640.0
12069,2A,800.0
12069,1A,1200.0
12070,SL,400.0
12070,3A,640.0
12070,2A,800.0
12070,1A,1200.0
12072,SL,400.0
12072,3A,640.0
12072,2A,800.0
12072,1A,1200.0
12074,SL,400.0
12074,3A,640.0
12074,2A,800.0
12074,1A,1200.0
12075,SL,400.0
12075,3A,640.0
12075,2A,800.0
12075,1A,1200.0
12076,SL,400.0
12076,3A,640.0
12076,2A,800.0
12076,1A,1200.0
12078,SL,400.0
12078,3A,640.0
12078,2A,800.0
12078,1A,1200.0
12079,SL,400.0
12079,3A,640.0
12079,2A,800.0
12079,1A,1200.0
12080,SL,400.0
12080,3A,640.0
12080,2A,800.0
12080,1A,1200.0
12081,SL,400.0
12081,3A,640.0
12081,2A,800.0
12081,1A,1200.0
12082,SL,400.0
12082,3A,640.0
12082,2A,800.0
12082,1A,1200.0
12101,SL,400.0
12101,3A,640.0
12101,2A,800.0
12101,1A,1200.0
12102,SL,400.0
12102,3A,640.0
12102,2A,800.0
12102,1A,1200.0
12103,SL,400.0
12103,3A,640.0
12103,2A,800.0
12103,1A,1200.0
12104,SL,400.0
12104,3A,640.0
12104,2A,800.0
12104,1A,1200.0
12105,SL,400.0
12105,3A,640.0
12105,2A,800.0
12105,1A,1200.0
12106,SL,400.0
12106,3A,640.0
12106,2A,800.0
12106,1A,1200.0
12109,SL,400.0
12109,3A,640.0
12109,2A,800.0
12109,1A,1200.0
12111,SL,400.0
12111,3A,640.0
12111,2A,800.0
12111,1A,1200.0
12112,SL,400.0
12112,3A,640.0
12112,2A,800.0
12112,1A,1200.0
12113,SL,400.0
12113,3A,640.0
12113,2A,800.0
12113,1A,1200.0
12114,SL,400.0
12114,3A,640.0
12114,2A,800.0
12114,1A,1200.0
12115,SL,400.0
12115,3A,640.0
12115,2A,800.0
12115,1A,1200.0
12116,SL,400.0
12116,3A,640.0
12116,2A,800.0
12116,1A,1200.0
12117,SL,400.0
12117,3A,640.0
12117,2A,800.0
12117,1A,1200.0
12119,SL,400.0
12119,3A,640.0
12119,2A,800.0
12119,1A,1200.0
12120,SL,400.0
12120,3A,640.0
12120,2A,800.0
12120,1A,1200.0
12122,SL,400.0
12122,3A,640.0
12122,2A,800.0
12122,1A,1200.0
12135,SL,400.0
12135,3A,640.0
12135,2A,800.0
12135,1A,1200.0
12136,SL,400.0
12136,3A,640.0
12136,2A,800.0
12136,1A,1200.0
12137,SL,400.0
12137,3A,640.0
12137,2A,800.0
12137,1A,1200.0
12138,SL,400.0
12138,3A,640.0
12138,2A,800.0
12138,1A,1200.0
12139,SL,400.0
12139,3A,640.0
12139,2A,800.0
12139,1A,1200.0
12139-Slip,SL,400.0
12139-Slip,3A,640.0
12139-Slip,2A,800.0
12139-Slip,1A,1200.0
12140,SL,400.0
12140,3A,640.0
12140,2A,800.0
12140,1A,1200.0
12143,SL,400.0
12143,3A,640.0
12143,2A,800.0
12143,1A,1200.0
12144,SL,400.0
12144,3A,640.0
12144,2A,800.0
12144,1A,1200.0
12148,SL,400.0
12148,3A,640.0
12148,2A,800.0
12148,1A,1200.0
12161,SL,400.0
12161,3A,640.0
12161,2A,800.0
12161,1A,1200.0
12162,SL,400.0
12162,3A,640.0
12162,2A,800.0
12162,1A,1200.0
51817,SL,400.0
51817,3A,640.0
51817,2A,800.0
51817,1A,1200.0
12123,SL,400.0
12123,3A,640.0
12123,2A,800.0
12123,1A,1200.0
12124,SL,400.0
12124,3A,640.0
12124,2A,800.0
12124,1A,1200.0
12125,SL,400.0
12125,3A,640.0
12125,2A,800.0
12125,1A,1200.0
12126,SL,400.0
12126,3A,640.0
12126,2A,800.0
12126,1A,1200.0
12127,SL,400.0
12127,3A,640.0
12127,2A,800.0
12127,1A,1200.0
12128,SL,400.0
12128,3A,640.0
12128,2A,800.0
12128,1A,1200.0
12129,SL,400.0
12129,3A,640.0
12129,2A,800.0
12129,1A,1200.0
12130,SL,400.0
12130,3A,640.0
12130,2A,800.0
12130,1A,1200.0
12131,SL,400.0
12131,3A,640.0
12131,2A,800.0
12131,1A,1200.0
12132,SL,400.0
12132,3A,640.0
12132,2A,800.0
12132,1A,1200.0
12133,SL,400.0
12133,3A,640.0
12133,2A,800.0
12133,1A,1200.0
12134,SL,400.0
12134,3A,640.0
12134,2A,800.0
12134,1A,1200.0
12141,SL,400.0
12141,3A,640.0
12141,2A,800.0
12141,1A,1200.0
12145,SL,400.0
12145,3A,640.0
12145,2A,800.0
12145,1A,1200.0
12147,SL,400.0
12147,3A,640.0
12147,2A,800.0
12147,1A,1200.0
12149,SL,400.0
12149,3A,640.0
12149,2A,800.0
12149,1A,1200.0
12150,SL,400.0
12150,3A,640.0
12150,2A,800.0
12150,1A,1200.0
12151,SL,400.0
12151,3A,640.0
12151,2A,800.0
12151,1A,1200.0
12152,SL,400.0
12152,3A,640.0
12152,2A,800.0
12152,1A,1200.0
12153,SL,400.0
12153,3A,640.0
12153,2A,800.0
12153,1A,1200.0
12154,SL,400.0
12154,3A,640.0
12154,2A,800.0
12154,1A,1200.0
12155,SL,400.0
12155,3A,640.0
12155,2A,800.0
12155,1A,1200.0
12156,SL,400.0
12156,3A,640.0
12156,2A,800.0
12156,1A,1200.0
12157,SL,400.0
12157,3A,640.0
12157,2A,800.0
12157,1A,1200.0
12158,SL,400.0
12158,3A,640.0
12158,2A,800.0
12158,1A,1200.0
12159,SL,400.0
12159,3A,640.0
12159,2A,800.0
12159,1A,1200.0
12160,SL,400.0
12160,3A,640.0
12160,2A,800.0
12160,1A,1200.0
12166,SL,400.0
12166,3A,640.0
12166,2A,800.0
12166,1A,1200.0
12167,SL,400.0
12167,3A,640.0
12167,2A,800.0
12167,1A,1200.0
12168,SL,400.0
12168,3A,640.0
12168,2A,800.0
12168,1A,1200.0
12169,SL,400.0
12169,3A,640.0
12169,2A,800.0
12169,1A,1200.0
12170,SL,400.0
12170,3A,640.0
12170,2A,800.0
12170,1A,1200.0
12171,SL,400.0
12171,3A,640.0
12171,2A,800.0
12171,1A,1200.0
12172,SL,400.0
12172,3A,640.0
12172,2A,800.0
12172,1A,1200.0
12173,SL,400.0
12173,3A,640.0
12173,2A,800.0
12173,1A,1200.0
12174,SL,400.0
12174,3A,640.0
12174,2A,800.0
12174,1A,1200.0
12177,SL,400.0
12177,3A,640.0
12177,2A,800.0
12177,1A,1200.0
12178,SL,400.0
12178,3A,640.0
12178,2A,800.0
12178,1A,1200.0
12183,SL,400.0
12183,3A,640.0
12183,2A,800.0
12183,1A,1200.0
12184,SL,400.0
12184,3A,640.0
12184,2A,800.0
12184,1A,1200.0
12185,SL,400.0
12185,3A,640.0
12185,2A,800.0
12185,1A,1200.0
12186,SL,400.0
12186,3A,640.0
12186,2A,800.0
12186,1A,1200.0
12187,SL,400.0
12187,3A,640.0
12187,2A,800.0
12187,1A,1200.0
12188,SL,400.0
12188,3A,640.0
12188,2A,800.0
12188,1A,1200.0
12194,SL,400.0
12194,3A,640.0
12194,2A,800.0
12194,1A,1200.0
12195,SL,400.0
12195,3A,640.0
12195,2A,800.0
12195,1A,1200.0
12196,SL,400.0
12196,3A,640.0
12196,2A,800.0
12196,1A,1200.0
53444,SL,400.0
53444,3A,640.0
53444,2A,800.0
53444,1A,1200.0
12176,SL,400.0
12176,3A,640.0
12176,2A,800.0
12176,1A,1200.0
12179,SL,400.0
12179,3A,640.0
12179,2A,800.0
12179,1A,1200.0
12180,SL,400.0
12180,3A,640.0
12180,2A,800.0
12180,1A,1200.0
12190,SL,400.0
12190,3A,640.0
12190,2A,800.0
12190,1A,1200.0
12191,SL,400.0
12191,3A,640.0
12191,2A,800.0
12191,1A,1200.0
12192,SL,400.0
12192,3A,640.0
12192,2A,800.0
12192,1A,1200.0
12197,SL,400.0
12197,3A,640.0
12197,2A,800.0
12197,1A,1200.0
12198,SL,400.0
12198,3A,640.0
12198,2A,800.0
12198,1A,1200.0
12201,SL,400.0
12201,3A,640.0
12201,2A,800.0
12201,1A,1200.0
12202,SL,400.0
12202,3A,640.0
12202,2A,800.0
12202,1A,1200.0
12203,SL,400.0
12203,3A,640.0
12203,2A,800.0
12203,1A,1200.0
12204,SL,400.0
12204,3A,640.0
12204,2A,800.0
12204,1A,1200.0
12205,SL,400.0
12205,3A,640.0
12205,2A,800.0
12205,1A,1200.0
12206,SL,400.0
12206,3A,640.0
12206,2A,800.0
12206,1A,1200.0
12207,SL,400.0
12207,3A,640.0
12207,2A,800.0
12207,1A,1200.0
12208,SL,400.0
12208,3A,640.0
12208,2A,800.0
12208,1A,1200.0
12209,SL,400.0
12209,3A,640.0
12209,2A,800.0
12209,1A,1200.0
12210,SL,400.0
12210,3A,640.0
12210,2A,800.0
12210,1A,1200.0
12211,SL,400.0
12211,3A,640.0
12211,2A,800.0
12211,1A,1200.0
12212,SL,400.0
12212,3A,640.0
12212,2A,800.0
12212,1A,1200.0
12213,SL,400.0
12213,3A,640.0
12213,2A,800.0
12213,1A,1200.0
12214,SL,400.0
12214,3A,640.0
12214,2A,800.0
12214,1A,1200.0
12215,SL,400.0
12215,3A,640.0
12215,2A,800.0
12215,1A,1200.0
12216,SL,400.0
12216,3A,640.0
12216,2A,800.0
12216,1A,1200.0
12217,SL,400.0
12217,3A,640.0
12217,2A,800.0
12217,1A,1200.0
12218,SL,400.0
12218,3A,640.0
12218,2A,800.0
12218,1A,1200.0
12219,SL,400.0
12219,3A,640.0
12219,2A,800.0
12219,1A,1200.0
12220,SL,400.0
12220,3A,640.0
12220,2A,800.0
12220,1A,1200.0
12222,SL,400.0
12222,3A,640.0
12222,2A,800.0
12222,1A,1200.0
12223,SL,400.0
12223,3A,640.0
12223,2A,800.0
12223,1A,1200.0
12224,SL,400.0
12224,3A,640.0
12224,2A,800.0
12224,1A,1200.0
12225,SL,400.0
12225,3A,640.0
12225,2A,800.0
12225,1A,1200.0
12226,SL,400.0
12226,3A,640.0
12226,2A,800.0
12226,1A,1200.0
12228,SL,400.0
12228,3A,640.0
12228,2A,800.0
12228,1A,1200.0
12229,SL,400.0
12229,3A,640.0
12229,2A,800.0
12229,1A,1200.0
12230,SL,400.0
12230,3A,640.0
12230,2A,800.0
12230,1A,1200.0
12231,SL,400.0
12231,3A,640.0
12231,2A,800.0
12231,1A,1200.0
12232,SL,400.0
12232,3A,640.0
12232,2A,800.0
12232,1A,1200.0
12233,SL,400.0
12233,3A,640.0
12233,2A,800.0
12233,1A,1200.0
12239,SL,400.0
12239,3A,640.0
12239,2A,800.0
12239,1A,1200.0
12260,SL,400.0
12260,3A,640.0
12260,2A,800.0
12260,1A,1200.0
12271,SL,400.0
12271,3A,640.0
12271,2A,800.0
12271,1A,1200.0
12273,SL,400.0
12273,3A,640.0
12273,2A,800.0
12273,1A,1200.0
12274,SL,400.0
12274,3A,640.0
12274,2A,800.0
12274,1A,1200.0
40029,SL,400.0
40029,3A,640.0
40029,2A,800.0
40029,1A,1200.0
56394,SL,400.0
56394,3A,640.0
56394,2A,800.0
56394,1A,1200.0
12234,SL,400.0
12234,3A,640.0
12234,2A,800.0
12234,1A,1200.0
12235,SL,400.0
12235,3A,640.0
12235,2A,800.0
12235,1A,1200.0
12236,SL,400.0
12236,3A,640.0
12236,2A,800.0
12236,1A,1200.0
12237,SL,400.0
12237,3A,640.0
12237,2A,800.0
12237,1A,1200.0
12238,SL,400.0
12238,3A,640.0
12238,2A,800.0
12238,1A,1200.0
12241,SL,400.0
12241,3A,640.0
12241,2A,800.0
12241,1A,1200.0
12242,SL,400.0
12242,3A,640.0
12242,2A,800.0
12242,1A,1200.0
12243,SL,400.0
12243,3A,640.0
12243,2A,800.0
12243,1A,1200.0
12244,SL,400.0
12244,3A,640.0
12244,2A,800.0
12244,1A,1200.0
12245,SL,400.0
12245,3A,640.0
12245,2A,800.0
12245,1A,1200.0
12251,SL,400.0
12251,3A,640.0
12251,2A,800.0
12251,1A,1200.0
12252,SL,400.0
12252,3A,640.0
12252,2A,800.0
12252,1A,1200.0
12253,SL,400.0
12253,3A,640.0
12253,2A,800.0
12253,1A,1200.0
12254,SL,400.0
12254,3A,640.0
12254,2A,800.0
12254,1A,1200.0
12261,SL,400.0
12261,3A,640.0
12261,2A,800.0
12261,1A,1200.0
12262,SL,400.0
12262,3A,640.0
12262,2A,800.0
12262,1A,1200.0
12264,SL,400.0
12264,3A,640.0
12264,2A,800.0
12264,1A,1200.0
12265,SL,400.0
12265,3A,640.0
12265,2A,800.0
12265,1A,1200.0
12266,SL,400.0
12266,3A,640.0
12266,2A,800.0
12266,1A,1200.0
12267,SL,400.0
12267,3A,640.0
12267,2A,800.0
12267,1A,1200.0
12268,SL,400.0
12268,3A,640.0
12268,2A,800.0
12268,1A,1200.0
12269,SL,400.0
12269,3A,640.0
12269,2A,800.0
12269,1A,1200.0
12270,SL,400.0
12270,3A,640.0
12270,2A,800.0
12270,1A,1200.0
12272,SL,400.0
12272,3A,640.0
12272,2A,800.0
12272,1A,1200.0
12275,SL,400.0
12275,3A,640.0
12275,2A,800.0
12275,1A,1200.0
12276,SL,400.0
12276,3A,640.0
12276,2A,800.0
12276,1A,1200.0
12277,SL,400.0
12277,3A,640.0
12277,2A,800.0
12277,1A,1200.0
12301,SL,400.0
12301,3A,640.0
12301,2A,800.0
12301,1A,1200.0
12303,SL,400.0
12303,3A,640.0
12303,2A,800.0
12303,1A,1200.0
12307,SL,400.0
12307,3A,640.0
12307,2A,800.0
12307,1A,1200.0
12307-Slip,SL,400.0
12307-Slip,3A,640.0
12307-Slip,2A,800.0
12307-Slip,1A,1200.0
12311,SL,400.0
12311,3A,640.0
12311,2A,800.0
12311,1A,1200.0
12313,SL,400.0
12313,3A,640.0
12313,2A,800.0
12313,1A,1200.0
12314,SL,400.0
12314,3A,640.0
12314,2A,800.0
12314,1A,1200.0
12316,SL,400.0
12316,3A,640.0
12316,2A,800.0
12316,1A,1200.0
12318,SL,400.0
12318,3A,640.0
12318,2A,800.0
12318,1A,1200.0
12320,SL,400.0
12320,3A,640.0
12320,2A,800.0
12320,1A,1200.0
12325,SL,400.0
12325,3A,640.0
12325,2A,800.0
12325,1A,1200.0
12326,SL,400.0
12326,3A,640.0
12326,2A,800.0
12326,1A,1200.0
12327,SL,400.0
12327,3A,640.0
12327,2A,800.0
12327,1A,1200.0
12329,SL,400.0
12329,3A,640.0
12329,2A,800.0
12329,1A,1200.0
12330,SL,400.0
12330,3A,640.0
12330,2A,800.0
12330,1A,1200.0
12331,SL,400.0
12331,3A,640.0
12331,2A,800.0
12331,1A,1200.0
15941,SL,400.0
15941,3A,640.0
15941,2A,800.0
15941,1A,1200.0
40031,SL,400.0
40031,3A,640.0
40031,2A,800.0
40031,1A,1200.0
55334,SL,400.0
55334,3A,640.0
55334,2A,800.0
55334,1A,1200.0
63566,SL,400.0
63566,3A,640.0
63566,2A,800.0
63566,1A,1200.0
12278,SL,400.0
12278,3A,640.0
12278,2A,800.0
12278,1A,1200.0
12279,SL,400.0
12279,3A,640.0
12279,2A,800.0
12279,1A,1200.0
12280,SL,400.0
12280,3A,640.0
12280,2A,800.0
12280,1A,1200.0
12281,SL,400.0
12281,3A,640.0
12281,2A,800.0
12281,1A,1200.0
12282,SL,400.0
12282,3A,640.0
12282,2A,800.0
12282,1A,1200.0
12284,SL,400.0
12284,3A,640.0
12284,2A,800.0
12284,1A,1200.0
12287,SL,400.0
12287,3A,640.0
12287,2A,800.0
12287,1A,1200.0
12289,SL,400.0
12289,3A,640.0
12289,2A,800.0
12289,1A,1200.0
12290,SL,400.0
12290,3A,640.0
12290,2A,800.0
12290,1A,1200.0
12291,SL,400.0
12291,3A,640.0
12291,2A,800.0
12291,1A,1200.0
12292,SL,400.0
12292,3A,640.0
12292,2A,800.0
12292,1A,1200.0
12295,SL,400.0
12295,3A,640.0
12295,2A,800.0
12295,1A,1200.0
12296,SL,400.0
12296,3A,640.0
12296,2A,800.0
12296,1A,1200.0
12302,SL,400.0
12302,3A,640.0
12302,2A,800.0
12302,1A,1200.0
12304,SL,400.0
12304,3A,640.0
12304,2A,800.0
12304,1A,1200.0
12305,SL,400.0
12305,3A,640.0
12305,2A,800.0
12305,1A,1200.0
12306,SL,400.0
12306,3A,640.0
12306,2A,800.0
12306,1A,1200.0
12308,SL,400.0
12308,3A,640.0
12308,2A,800.0
12308,1A,1200.0
12309,SL,400.0
12309,3A,640.0
12309,2A,800.0
12309,1A,1200.0
12310,SL,400.0
12310,3A,640.0
12310,2A,800.0
12310,1A,1200.0
12312,SL,400.0
12312,3A,640.0
12312,2A,800.0
12312,1A,1200.0
12321,SL,400.0
12321,3A,640.0
12321,2A,800.0
12321,1A,1200.0
12322,SL,400.0
12322,3A,640.0
12322,2A,800.0
12322,1A,1200.0
12323,SL,400.0
12323,3A,640.0
12323,2A,800.0
12323,1A,1200.0
12324,SL,400.0
12324,3A,640.0
12324,2A,800.0
12324,1A,1200.0
12328,SL,400.0
12328,3A,640.0
12328,2A,800.0
12328,1A,1200.0
12332,SL,400.0
12332,3A,640.0
12332,2A,800.0
12332,1A,1200.0
12333,SL,400.0
12333,3A,640.0
12333,2A,800.0
12333,1A,1200.0
12339,SL,400.0
12339,3A,640.0
12339,2A,800.0
12339,1A,1200.0
12340,SL,400.0
12340,3A,640.0
12340,2A,800.0
12340,1A,1200.0
12343-Slip,SL,400.0
12343-Slip,3A,640.0
12343-Slip,2A,800.0
12343-Slip,1A,1200.0
12344,SL,400.0
12344,3A,640.0
12344,2A,800.0
12344,1A,1200.0
12355,SL,400.0
12355,3A,640.0
12355,2A,800.0
12355,1A,1200.0
12359,SL,400.0
12359,3A,640.0
12359,2A,800.0
12359,1A,1200.0
12363,SL,400.0
12363,3A,640.0
12363,2A,800.0
12363,1A,1200.0
12367,SL,400.0
12367,3A,640.0
12367,2A,800.0
12367,1A,1200.0
12377,SL,400.0
12377,3A,640.0
12377,2A,800.0
12377,1A,1200.0
12378,SL,400.0
12378,3A,640.0
12378,2A,800.0
12378,1A,1200.0
12379,SL,400.0
12379,3A,640.0
12379,2A,800.0
12379,1A,1200.0
12383,SL,400.0
12383,3A,640.0
12383,2A,800.0
12383,1A,1200.0
12384,SL,400.0
12384,3A,640.0
12384,2A,800.0
12384,1A,1200.0
12757,SL,400.0
12757,3A,640.0
12757,2A,800.0
12757,1A,1200.0
12758,SL,400.0
12758,3A,640.0
12758,2A,800.0
12758,1A,1200.0
17488,SL,400.0
17488,3A,640.0
17488,2A,800.0
17488,1A,1200.0
19065,SL,400.0
19065,3A,640.0
19065,2A,800.0
19065,1A,1200.0
54552,SL,400.0
54552,3A,640.0
54552,2A,800.0
54552,1A,1200.0
56041,SL,400.0
56041,3A,640.0
56041,2A,800.0
56041,1A,1200.0
57200,SL,400.0
57200,3A,640.0
57200,2A,800.0
57200,1A,1200.0
12246,SL,400.0
12246,3A,640.0
12246,2A,800.0
12246,1A,1200.0
12334,SL,400.0
12334,3A,640.0
12334,2A,800.0
12334,1A,1200.0
12337,SL,400.0
12337,3A,640.0
12337,2A,800.0
12337,1A,1200.0
12338,SL,400.0
12338,3A,640.0
12338,2A,800.0
12338,1A,1200.0
12341,SL,400.0
12341,3A,640.0
12341,2A,800.0
12341,1A,1200.0
12342,SL,400.0
12342,3A,640.0
12342,2A,800.0
12342,1A,1200.0
12345,SL,400.0
12345,3A,640.0
12345,2A,800.0
12345,1A,1200.0
12347,SL,400.0
12347,3A,640.0
12347,2A,800.0
12347,1A,1200.0
12348,SL,400.0
12348,3A,640.0
12348,2A,800.0
12348,1A,1200.0
12351,SL,400.0
12351,3A,640.0
12351,2A,800.0
12351,1A,1200.0
12352,SL,400.0
12352,3A,640.0
12352,2A,800.0
12352,1A,1200.0
12356,SL,400.0
12356,3A,640.0
12356,2A,800.0
12356,1A,1200.0
12357,SL,400.0
12357,3A,640.0
12357,2A,800.0
12357,1A,1200.0
12358,SL,400.0
12358,3A,640.0
12358,2A,800.0
12358,1A,1200.0
12360,SL,400.0
12360,3A,640.0
12360,2A,800.0
12360,1A,1200.0
12361,SL,400.0
12361,3A,640.0
12361,2A,800.0
12361,1A,1200.0
12362,SL,400.0
12362,3A,640.0
12362,2A,800.0
12362,1A,1200.0
12364,SL,400.0
12364,3A,640.0
12364,2A,800.0
12364,1A,1200.0
12365,SL,400.0
12365,3A,640.0
12365,2A,800.0
12365,1A,1200.0
12366,SL,400.0
12366,3A,640.0
12366,2A,800.0
12366,1A,1200.0
12369,SL,400.0
12369,3A,640.0
12369,2A,800.0
12369,1A,1200.0
12370,SL,400.0
12370,3A,640.0
12370,2A,800.0
12370,1A,1200.0
12381,SL,400.0
12381,3A,640.0
12381,2A,800.0
12381,1A,1200.0
12382,SL,400.0
12382,3A,640.0
12382,2A,800.0
12382,1A,1200.0
12389,SL,400.0
12389,3A,640.0
12389,2A,800.0
12389,1A,1200.0
12390,SL,400.0
12390,3A,640.0
12390,2A,800.0
12390,1A,1200.0
12391,SL,400.0
12391,3A,640.0
12391,2A,800.0
12391,1A,1200.0
12392,SL,400.0
12392,3A,640.0
12392,2A,800.0
12392,1A,1200.0
12396,SL,400.0
12396,3A,640.0
12396,2A,800.0
12396,1A,1200.0
12404,SL,400.0
12404,3A,640.0
12404,2A,800.0
12404,1A,1200.0
12408,SL,400.0
12408,3A,640.0
12408,2A,800.0
12408,1A,1200.0
12410,SL,400.0
12410,3A,640.0
12410,2A,800.0
12410,1A,1200.0
12411,SL,400.0
12411,3A,640.0
12411,2A,800.0
12411,1A,1200.0
12412,SL,400.0
12412,3A,640.0
12412,2A,800.0
12412,1A,1200.0
12413,SL,400.0
12413,3A,640.0
12413,2A,800.0
12413,1A,1200.0
12414,SL,400.0
12414,3A,640.0
12414,2A,800.0
12414,1A,1200.0
12419,SL,400.0
12419,3A,640.0
12419,2A,800.0
12419,1A,1200.0
12420,SL,400.0
12420,3A,640.0
12420,2A,800.0
12420,1A,1200.0
12423,SL,400.0
12423,3A,640.0
12423,2A,800.0
12423,1A,1200.0
12427,SL,400.0
12427,3A,640.0
12427,2A,800.0
12427,1A,1200.0
12428,SL,400.0
12428,3A,640.0
12428,2A,800.0
12428,1A,1200.0
12431,SL,400.0
12431,3A,640.0
12431,2A,800.0
12431,1A,1200.0
12432,SL,400.0
12432,3A,640.0
12432,2A,800.0
12432,1A,1200.0
12437,SL,400.0
12437,3A,640.0
12437,2A,800.0
12437,1A,1200.0
12438,SL,400.0
12438,3A,640.0
12438,2A,800.0
12438,1A,1200.0
12439,SL,400.0
12439,3A,640.0
12439,2A,800.0
12439,1A,1200.0
12440,SL,400.0
12440,3A,640.0
12440,2A,800.0
12440,1A,1200.0
40001,SL,400.0
40001,3A,640.0
40001,2A,800.0
40001,1A,1200.0
12397,SL,400.0
12397,3A,640.0
12397,2A,800.0
12397,1A,1200.0
12398,SL,400.0
12398,3A,640.0
12398,2A,800.0
12398,1A,1200.0
12401,SL,400.0
12401,3A,640.0
12401,2A,800.0
12401,1A,1200.0
12402,SL,400.0
12402,3A,640.0
12402,2A,800.0
12402,1A,1200.0
12405,SL,400.0
12405,3A,640.0
12405,2A,800.0
12405,1A,1200.0
12406,SL,400.0
12406,3A,640.0
12406,2A,800.0
12406,1A,1200.0
12415,SL,400.0
12415,3A,640.0
12415,2A,800.0
12415,1A,1200.0
12416,SL,400.0
12416,3A,640.0
12416,2A,800.0
12416,1A,1200.0
12417,SL,400.0
12417,3A,640.0
12417,2A,800.0
12417,1A,1200.0
12418,SL,400.0
12418,3A,640.0
12418,2A,800.0
12418,1A,1200.0
12424,SL,400.0
12424,3A,640.0
12424,2A,800.0
12424,1A,1200.0
12425,SL,400.0
12425,3A,640.0
12425,2A,800.0
12425,1A,1200.0
12426,SL,400.0
12426,3A,640.0
12426,2A,800.0
12426,1A,1200.0
12429,SL,400.0
12429,3A,640.0
12429,2A,800.0
12429,1A,1200.0
12430,SL,400.0
12430,3A,640.0
12430,2A,800.0
12430,1A,1200.0
12433,SL,400.0
12433,3A,640.0
12433,2A,800.0
12433,1A,1200.0
12435,SL,400.0
12435,3A,640.0
12435,2A,800.0
12435,1A,1200.0
12436,SL,400.0
12436,3A,640.0
12436,2A,800.0
12436,1A,1200.0
12441,SL,400.0
12441,3A,640.0
12441,2A,800.0
12441,1A,1200.0
12442,SL,400.0
12442,3A,640.0
12442,2A,800.0
12442,1A,1200.0
12445,SL,400.0
12445,3A,640.0
12445,2A,800.0
12445,1A,1200.0
12446,SL,400.0
12446,3A,640.0
12446,2A,800.0
12446,1A,1200.0
12447,SL,400.0
12447,3A,640.0
12447,2A,800.0
12447,1A,1200.0
12448,SL,400.0
12448,3A,640.0
12448,2A,800.0
12448,1A,1200.0
12497,SL,400.0
12497,3A,640.0
12497,2A,800.0
12497,1A,1200.0
12455,SL,400.0
12455,3A,640.0
12455,2A,800.0
12455,1A,1200.0
12456,SL,400.0
12456,3A,640.0
12456,2A,800.0
12456,1A,1200.0
12457,SL,400.0
12457,3A,640.0
12457,2A,800.0
12457,1A,1200.0
12458,SL,400.0
12458,3A,640.0
12458,2A,800.0
12458,1A,1200.0
12468,SL,400.0
12468,3A,640.0
12468,2A,800.0
12468,1A,1200.0
12472,SL,400.0
12472,3A,640.0
12472,2A,800.0
12472,1A,1200.0
12475,SL,400.0
12475,3A,640.0
12475,2A,800.0
12475,1A,1200.0
12476,SL,400.0
12476,3A,640.0
12476,2A,800.0
12476,1A,1200.0
12477,SL,400.0
12477,3A,640.0
12477,2A,800.0
12477,1A,1200.0
12479,SL,400.0
12479,3A,640.0
12479,2A,800.0
12479,1A,1200.0
12480,SL,400.0
12480,3A,640.0
12480,2A,800.0
12480,1A,1200.0
12485,SL,400.0
12485,3A,640.0
12485,2A,800.0
12485,1A,1200.0
12486,SL,400.0
12486,3A,640.0
12486,2A,800.0
12486,1A,1200.0
12487,SL,400.0
12487,3A,640.0
12487,2A,800.0
12487,1A,1200.0
12489,SL,400.0
12489,3A,640.0
12489,2A,800.0
12489,1A,1200.0
12490,SL,400.0
12490,3A,640.0
12490,2A,800.0
12490,1A,1200.0
12491,SL,400.0
12491,3A,640.0
12491,2A,800.0
12491,1A,1200.0
12492,SL,400.0
12492,3A,640.0
12492,2A,800.0
12492,1A,1200.0
12496,SL,400.0
12496,3A,640.0
12496,2A,800.0
12496,1A,1200.0
16359,SL,400.0
16359,3A,640.0
16359,2A,800.0
16359,1A,1200.0
22607,SL,400.0
22607,3A,640.0
22607,2A,800.0
22607,1A,1200.0
53446,SL,400.0
53446,3A,640.0
53446,2A,800.0
53446,1A,1200.0
12449,SL,400.0
12449,3A,640.0
12449,2A,800.0
12449,1A,1200.0
12450,SL,400.0
12450,3A,640.0
12450,2A,800.0
12450,1A,1200.0
12451,SL,400.0
12451,3A,640.0
12451,2A,800.0
12451,1A,1200.0
12452,SL,400.0
12452,3A,640.0
12452,2A,800.0
12452,1A,1200.0
12453,SL,400.0
12453,3A,640.0
12453,2A,800.0
12453,1A,1200.0
12454,SL,400.0
12454,3A,640.0
12454,2A,800.0
12454,1A,1200.0
12459,SL,400.0
12459,3A,640.0
12459,2A,800.0
12459,1A,1200.0
12460,SL,400.0
12460,3A,640.0
12460,2A,800.0
12460,1A,1200.0
12461,SL,400.0
12461,3A,640.0
12461,2A,800.0
12461,1A,1200.0
12462,SL,400.0
12462,3A,640.0
12462,2A,800.0
12462,1A,1200.0
12464,SL,400.0
12464,3A,640.0
12464,2A,800.0
12464,1A,1200.0
12465,SL,400.0
12465,3A,640.0
12465,2A,800.0
12465,1A,1200.0
12466,SL,400.0
12466,3A,640.0
12466,2A,800.0
12466,1A,1200.0
12469,SL,400.0
12469,3A,640.0
12469,2A,800.0
12469,1A,1200.0
12470,SL,400.0
12470,3A,640.0
12470,2A,800.0
12470,1A,1200.0
12473,SL,400.0
12473,3A,640.0
12473,2A,800.0
12473,1A,1200.0
12474,SL,400.0
12474,3A,640.0
12474,2A,800.0
12474,1A,1200.0
12478,SL,400.0
12478,3A,640.0
12478,2A,800.0
12478,1A,1200.0
12481,SL,400.0
12481,3A,640.0
12481,2A,800.0
12481,1A,1200.0
12482,SL,400.0
12482,3A,640.0
12482,2A,800.0
12482,1A,1200.0
12484,SL,400.0
12484,3A,640.0
12484,2A,800.0
12484,1A,1200.0
12493,SL,400.0
12493,3A,640.0
12493,2A,800.0
12493,1A,1200.0
12494,SL,400.0
12494,3A,640.0
12494,2A,800.0
12494,1A,1200.0
12501,SL,400.0
12501,3A,640.0
12501,2A,800.0
12501,1A,1200.0
12502,SL,400.0
12502,3A,640.0
12502,2A,800.0
12502,1A,1200.0
12507,SL,400.0
12507,3A,640.0
12507,2A,800.0
12507,1A,1200.0
12508,SL,400.0
12508,3A,640.0
12508,2A,800.0
12508,1A,1200.0
12511,SL,400.0
12511,3A,640.0
12511,2A,800.0
12511,1A,1200.0
12512,SL,400.0
12512,3A,640.0
12512,2A,800.0
12512,1A,1200.0
12514,SL,400.0
12514,3A,640.0
12514,2A,800.0
12514,1A,1200.0
12519,SL,400.0
12519,3A,640.0
12519,2A,800.0
12519,1A,1200.0
12520,SL,400.0
12520,3A,640.0
12520,2A,800.0
12520,1A,1200.0
12522,SL,400.0
12522,3A,640.0
12522,2A,800.0
12522,1A,1200.0
12527,SL,400.0
12527,3A,640.0
12527,2A,800.0
12527,1A,1200.0
12528,SL,400.0
12528,3A,640.0
12528,2A,800.0
12528,1A,1200.0
12535,SL,400.0
12535,3A,640.0
12535,2A,800.0
12535,1A,1200.0
12536,SL,400.0
12536,3A,640.0
12536,2A,800.0
12536,1A,1200.0
12537,SL,400.0
12537,3A,640.0
12537,2A,800.0
12537,1A,1200.0
12538,SL,400.0
12538,3A,640.0
12538,2A,800.0
12538,1A,1200.0
12539,SL,400.0
12539,3A,640.0
12539,2A,800.0
12539,1A,1200.0
12540,SL,400.0
12540,3A,640.0
12540,2A,800.0
12540,1A,1200.0
12541,SL,400.0
12541,3A,640.0
12541,2A,800.0
12541,1A,1200.0
12543,SL,400.0
12543,3A,640.0
12543,2A,800.0
12543,1A,1200.0
12544,SL,400.0
12544,3A,640.0
12544,2A,800.0
12544,1A,1200.0
12549,SL,400.0
12549,3A,640.0
12549,2A,800.0
12549,1A,1200.0
12550,SL,400.0
12550,3A,640.0
12550,2A,800.0
12550,1A,1200.0
12553,SL,400.0
12553,3A,640.0
12553,2A,800.0
12553,1A,1200.0
40003,SL,400.0
40003,3A,640.0
40003,2A,800.0
40003,1A,1200.0
12498,SL,400.0
12498,3A,640.0
12498,2A,800.0
12498,1A,1200.0
12505,SL,400.0
12505,3A,640.0
12505,2A,800.0
12505,1A,1200.0
12506,SL,400.0
12506,3A,640.0
12506,2A,800.0
12506,1A,1200.0
12509,SL,400.0
12509,3A,640.0
12509,2A,800.0
12509,1A,1200.0
12510,SL,400.0
12510,3A,640.0
12510,2A,800.0
12510,1A,1200.0
12515,SL,400.0
12515,3A,640.0
12515,2A,800.0
12515,1A,1200.0
12516,SL,400.0
12516,3A,640.0
12516,2A,800.0
12516,1A,1200.0
12517,SL,400.0
12517,3A,640.0
12517,2A,800.0
12517,1A,1200.0
12518,SL,400.0
12518,3A,640.0
12518,2A,800.0
12518,1A,1200.0
12521,SL,400.0
12521,3A,640.0
12521,2A,800.0
12521,1A,1200.0
12523,SL,400.0
12523,3A,640.0
12523,2A,800.0
12523,1A,1200.0
12524,SL,400.0
12524,3A,640.0
12524,2A,800.0
12524,1A,1200.0
12525,SL,400.0
12525,3A,640.0
12525,2A,800.0
12525,1A,1200.0
12526,SL,400.0
12526,3A,640.0
12526,2A,800.0
12526,1A,1200.0
12529,SL,400.0
12529,3A,640.0
12529,2A,800.0
12529,1A,1200.0
12530,SL,400.0
12530,3A,640.0
12530,2A,800.0
12530,1A,1200.0
12531,SL,400.0
12531,3A,640.0
12531,2A,800.0
12531,1A,1200.0
12532,SL,400.0
12532,3A,640.0
12532,2A,800.0
12532,1A,1200.0
12533,SL,400.0
12533,3A,640.0
12533,2A,800.0
12533,1A,1200.0
12534,SL,400.0
12534,3A,640.0
12534,2A,800.0
12534,1A,1200.0
12545,SL,400.0
12545,3A,640.0
12545,2A,800.0
12545,1A,1200.0
12547,SL,400.0
12547,3A,640.0
12547,2A,800.0
12547,1A,1200.0
12548,SL,400.0
12548,3A,640.0
12548,2A,800.0
12548,1A,1200.0
12554,SL,400.0
12554,3A,640.0
12554,2A,800.0
12554,1A,1200.0
12557,SL,400.0
12557,3A,640.0
12557,2A,800.0
12557,1A,1200.0
12558,SL,400.0
12558,3A,640.0
12558,2A,800.0
12558,1A,1200.0
12569,SL,400.0
12569,3A,640.0
12569,2A,800.0
12569,1A,1200.0
12570,SL,400.0
12570,3A,640.0
12570,2A,800.0
12570,1A,1200.0
12571,SL,400.0
12571,3A,640.0
12571,2A,800.0
12571,1A,1200.0
12572,SL,400.0
12572,3A,640.0
12572,2A,800.0
12572,1A,1200.0
12573,SL,400.0
12573,3A,640.0
12573,2A,800.0
12573,1A,1200.0
12577,SL,400.0
12577,3A,640.0
12577,2A,800.0
12577,1A,1200.0
12578,SL,400.0
12578,3A,640.0
12578,2A,800.0
12578,1A,1200.0
12579,SL,400.0
12579,3A,640.0
12579,2A,800.0
12579,1A,1200.0
12581,SL,400.0
12581,3A,640.0
12581,2A,800.0
12581,1A,1200.0
12582,SL,400.0
12582,3A,640.0
12582,2A,800.0
12582,1A,1200.0
12583,SL,400.0
12583,3A,640.0
12583,2A,800.0
12583,1A,1200.0
12584,SL,400.0
12584,3A,640.0
12584,2A,800.0
12584,1A,1200.0
12592,SL,400.0
12592,3A,640.0
12592,2A,800.0
12592,1A,1200.0
12593,SL,400.0
12593,3A,640.0
12593,2A,800.0
12593,1A,1200.0
12594,SL,400.0
12594,3A,640.0
12594,2A,800.0
12594,1A,1200.0
12605,SL,400.0
12605,3A,640.0
12605,2A,800.0
12605,1A,1200.0
12606,SL,400.0
12606,3A,640.0
12606,2A,800.0
12606,1A,1200.0
12607,SL,400.0
12607,3A,640.0
12607,2A,800.0
12607,1A,1200.0
12608,SL,400.0
12608,3A,640.0
12608,2A,800.0
12608,1A,1200.0
12609,SL,400.0
12609,3A,640.0
12609,2A,800.0
12609,1A,1200.0
40009,SL,400.0
40009,3A,640.0
40009,2A,800.0
40009,1A,1200.0
12556,SL,400.0
12556,3A,640.0
12556,2A,800.0
12556,1A,1200.0
12559,SL,400.0
12559,3A,640.0
12559,2A,800.0
12559,1A,1200.0
12560,SL,400.0
12560,3A,640.0
12560,2A,800.0
12560,1A,1200.0
12562,SL,400.0
12562,3A,640.0
12562,2A,800.0
12562,1A,1200.0
12563,SL,400.0
12563,3A,640.0
12563,2A,800.0
12563,1A,1200.0
12564,SL,400.0
12564,3A,640.0
12564,2A,800.0
12564,1A,1200.0
12565,SL,400.0
12565,3A,640.0
12565,2A,800.0
12565,1A,1200.0
12566,SL,400.0
12566,3A,640.0
12566,2A,800.0
12566,1A,1200.0
12575,SL,400.0
12575,3A,640.0
12575,2A,800.0
12575,1A,1200.0
12576,SL,400.0
12576,3A,640.0
12576,2A,800.0
12576,1A,1200.0
12587,SL,400.0
12587,3A,640.0
12587,2A,800.0
12587,1A,1200.0
12588,SL,400.0
12588,3A,640.0
12588,2A,800.0
12588,1A,1200.0
12589,SL,400.0
12589,3A,640.0
12589,2A,800.0
12589,1A,1200.0
12590,SL,400.0
12590,3A,640.0
12590,2A,800.0
12590,1A,1200.0
12601,SL,400.0
12601,3A,640.0
12601,2A,800.0
12601,1A,1200.0
12602,SL,400.0
12602,3A,640.0
12602,2A,800.0
12602,1A,1200.0
12603,SL,400.0
12603,3A,640.0
12603,2A,800.0
12603,1A,1200.0
12604,SL,400.0
12604,3A,640.0
12604,2A,800.0
12604,1A,1200.0
12611,SL,400.0
12611,3A,640.0
12611,2A,800.0
12611,1A,1200.0
12612,SL,400.0
12612,3A,640.0
12612,2A,800.0
12612,1A,1200.0
12613,SL,400.0
12613,3A,640.0
12613,2A,800.0
12613,1A,1200.0
12614,SL,400.0
12614,3A,640.0
12614,2A,800.0
12614,1A,1200.0
12616,SL,400.0
12616,3A,640.0
12616,2A,800.0
12616,1A,1200.0
12620,SL,400.0
12620,3A,640.0
12620,2A,800.0
12620,1A,1200.0
12622,SL,400.0
12622,3A,640.0
12622,2A,800.0
12622,1A,1200.0
12623,SL,400.0
12623,3A,640.0
12623,2A,800.0
12623,1A,1200.0
12625,SL,400.0
12625,3A,640.0
12625,2A,800.0
12625,1A,1200.0
12626,SL,400.0
12626,3A,640.0
12626,2A,800.0
12626,1A,1200.0
12628,SL,400.0
12628,3A,640.0
12628,2A,800.0
12628,1A,1200.0
12629,SL,400.0
12629,3A,640.0
12629,2A,800.0
12629,1A,1200.0
12630,SL,400.0
12630,3A,640.0
12630,2A,800.0
12630,1A,1200.0
12635,SL,400.0
12635,3A,640.0
12635,2A,800.0
12635,1A,1200.0
12637,SL,400.0
12637,3A,640.0
12637,2A,800.0
12637,1A,1200.0
12638,SL,400.0
12638,3A,640.0
12638,2A,800.0
12638,1A,1200.0
12640,SL,400.0
12640,3A,640.0
12640,2A,800.0
12640,1A,1200.0
12643,SL,400.0
12643,3A,640.0
12643,2A,800.0
12643,1A,1200.0
12644,SL,400.0
12644,3A,640.0
12644,2A,800.0
12644,1A,1200.0
12649,SL,400.0
12649,3A,640.0
12649,2A,800.0
12649,1A,1200.0
12650,SL,400.0
12650,3A,640.0
12650,2A,800.0
12650,1A,1200.0
12651,SL,400.0
12651,3A,640.0
12651,2A,800.0
12651,1A,1200.0
12654,SL,400.0
12654,3A,640.0
12654,2A,800.0
12654,1A,1200.0
12657,SL,400.0
12657,3A,640.0
12657,2A,800.0
12657,1A,1200.0
12658,SL,400.0
12658,3A,640.0
12658,2A,800.0
12658,1A,1200.0
12662,SL,400.0
12662,3A,640.0
12662,2A,800.0
12662,1A,1200.0
12664,SL,400.0
12664,3A,640.0
12664,2A,800.0
12664,1A,1200.0
15605,SL,400.0
15605,3A,640.0
15605,2A,800.0
15605,1A,1200.0
40011,SL,400.0
40011,3A,640.0
40011,2A,800.0
40011,1A,1200.0
12617,SL,400.0
12617,3A,640.0
12617,2A,800.0
12617,1A,1200.0
12618,SL,400.0
12618,3A,640.0
12618,2A,800.0
12618,1A,1200.0
12621,SL,400.0
12621,3A,640.0
12621,2A,800.0
12621,1A,1200.0
12627,SL,400.0
12627,3A,640.0
12627,2A,800.0
12627,1A,1200.0
12631,SL,400.0
12631,3A,640.0
12631,2A,800.0
12631,1A,1200.0
12632,SL,400.0
12632,3A,640.0
12632,2A,800.0
12632,1A,1200.0
12634,SL,400.0
12634,3A,640.0
12634,2A,800.0
12634,1A,1200.0
12639,SL,400.0
12639,3A,640.0
12639,2A,800.0
12639,1A,1200.0
12642,SL,400.0
12642,3A,640.0
12642,2A,800.0
12642,1A,1200.0
12645,SL,400.0
12645,3A,640.0
12645,2A,800.0
12645,1A,1200.0
12646,SL,400.0
12646,3A,640.0
12646,2A,800.0
12646,1A,1200.0
12647,SL,400.0
12647,3A,640.0
12647,2A,800.0
12647,1A,1200.0
12648,SL,400.0
12648,3A,640.0
12648,2A,800.0
12648,1A,1200.0
12655,SL,400.0
12655,3A,640.0
12655,2A,800.0
12655,1A,1200.0
12656,SL,400.0
12656,3A,640.0
12656,2A,800.0
12656,1A,1200.0
12659,SL,400.0
12659,3A,640.0
12659,2A,800.0
12659,1A,1200.0
12660,SL,400.0
12660,3A,640.0
12660,2A,800.0
12660,1A,1200.0
12667,SL,400.0
12667,3A,640.0
12667,2A,800.0
12667,1A,1200.0
12668,SL,400.0
12668,3A,640.0
12668,2A,800.0
12668,1A,1200.0
12673,SL,400.0
12673,3A,640.0
12673,2A,800.0
12673,1A,1200.0
12674,SL,400.0
12674,3A,640.0
12674,2A,800.0
12674,1A,1200.0
12675,SL,400.0
12675,3A,640.0
12675,2A,800.0
12675,1A,1200.0
12676,SL,400.0
12676,3A,640.0
12676,2A,800.0
12676,1A,1200.0
12677,SL,400.0
12677,3A,640.0
12677,2A,800.0
12677,1A,1200.0
12678,SL,400.0
12678,3A,640.0
12678,2A,800.0
12678,1A,1200.0
12679,SL,400.0
12679,3A,640.0
12679,2A,800.0
12679,1A,1200.0
12680,SL,400.0
12680,3A,640.0
12680,2A,800.0
12680,1A,1200.0
12681,SL,400.0
12681,3A,640.0
12681,2A,800.0
12681,1A,1200.0
12682,SL,400.0
12682,3A,640.0
12682,2A,800.0
12682,1A,1200.0
12683,SL,400.0
12683,3A,640.0
12683,2A,800.0
12683,1A,1200.0
12695,SL,400.0
12695,3A,640.0
12695,2A,800.0
12695,1A,1200.0
12696,SL,400.0
12696,3A,640.0
12696,2A,800.0
12696,1A,1200.0
12697,SL,400.0
12697,3A,640.0
12697,2A,800.0
12697,1A,1200.0
12698,SL,400.0
12698,3A,640.0
12698,2A,800.0
12698,1A,1200.0
12701,SL,400.0
12701,3A,640.0
12701,2A,800.0
12701,1A,1200.0
12702,SL,400.0
12702,3A,640.0
12702,2A,800.0
12702,1A,1200.0
12703,SL,400.0
12703,3A,640.0
12703,2A,800.0
12703,1A,1200.0
12704,SL,400.0
12704,3A,640.0
12704,2A,800.0
12704,1A,1200.0
12707,SL,400.0
12707,3A,640.0
12707,2A,800.0
12707,1A,1200.0
12708,SL,400.0
12708,3A,640.0
12708,2A,800.0
12708,1A,1200.0
12710,SL,400.0
12710,3A,640.0
12710,2A,800.0
12710,1A,1200.0
12711,SL,400.0
12711,3A,640.0
12711,2A,800.0
12711,1A,1200.0
12712,SL,400.0
12712,3A,640.0
12712,2A,800.0
12712,1A,1200.0
12714,SL,400.0
12714,3A,640.0
12714,2A,800.0
12714,1A,1200.0
12715,SL,400.0
12715,3A,640.0
12715,2A,800.0
12715,1A,1200.0
15718,SL,400.0
15718,3A,640.0
15718,2A,800.0
15718,1A,1200.0
40015,SL,400.0
40015,3A,640.0
40015,2A,800.0
40015,1A,1200.0
52473,SL,400.0
52473,3A,640.0
52473,2A,800.0
52473,1A,1200.0
12666,SL,400.0
12666,3A,640.0
12666,2A,800.0
12666,1A,1200.0
12669,SL,400.0
12669,3A,640.0
12669,2A,800.0
12669,1A,1200.0
12670,SL,400.0
12670,3A,640.0
12670,2A,800.0
12670,1A,1200.0
12671,SL,400.0
12671,3A,640.0
12671,2A,800.0
12671,1A,1200.0
12672,SL,400.0
12672,3A,640.0
12672,2A,800.0
12672,1A,1200.0
12685,SL,400.0
12685,3A,640.0
12685,2A,800.0
12685,1A,1200.0
12686,SL,400.0
12686,3A,640.0
12686,2A,800.0
12686,1A,1200.0
12687,SL,400.0
12687,3A,640.0
12687,2A,800.0
12687,1A,1200.0
12688,SL,400.0
12688,3A,640.0
12688,2A,800.0
12688,1A,1200.0
12690,SL,400.0
12690,3A,640.0
12690,2A,800.0
12690,1A,1200.0
12691,SL,400.0
12691,3A,640.0
12691,2A,800.0
12691,1A,1200.0
12692,SL,400.0
12692,3A,640.0
12692,2A,800.0
12692,1A,1200.0
12693,SL,400.0
12693,3A,640.0
12693,2A,800.0
12693,1A,1200.0
12694,SL,400.0
12694,3A,640.0
12694,2A,800.0
12694,1A,1200.0
12705,SL,400.0
12705,3A,640.0
12705,2A,800.0
12705,1A,1200.0
12706,SL,400.0
12706,3A,640.0
12706,2A,800.0
12706,1A,1200.0
12716,SL,400.0
12716,3A,640.0
12716,2A,800.0
12716,1A,1200.0
12719,SL,400.0
12719,3A,640.0
12719,2A,800.0
12719,1A,1200.0
12720,SL,400.0
12720,3A,640.0
12720,2A,800.0
12720,1A,1200.0
12725,SL,400.0
12725,3A,640.0
12725,2A,800.0
12725,1A,1200.0
12726,SL,400.0
12726,3A,640.0
12726,2A,800.0
12726,1A,1200.0
12731,SL,400.0
12731,3A,640.0
12731,2A,800.0
12731,1A,1200.0
12732,SL,400.0
12732,3A,640.0
12732,2A,800.0
12732,1A,1200.0
12733,SL,400.0
12733,3A,640.0
12733,2A,800.0
12733,1A,1200.0
12734,SL,400.0
12734,3A,640.0
12734,2A,800.0
12734,1A,1200.0
12737,SL,400.0
12737,3A,640.0
12737,2A,800.0
12737,1A,1200.0
12738,SL,400.0
12738,3A,640.0
12738,2A,800.0
12738,1A,1200.0
12740,SL,400.0
12740,3A,640.0
12740,2A,800.0
12740,1A,1200.0
12741,SL,400.0
12741,3A,640.0
12741,2A,800.0
12741,1A,1200.0
12742,SL,400.0
12742,3A,640.0
12742,2A,800.0
12742,1A,1200.0
12747,SL,400.0
12747,3A,640.0
12747,2A,800.0
12747,1A,1200.0
12748,SL,400.0
12748,3A,640.0
12748,2A,800.0
12748,1A,1200.0
12750,SL,400.0
12750,3A,640.0
12750,2A,800.0
12750,1A,1200.0
12751,SL,400.0
12751,3A,640.0
12751,2A,800.0
12751,1A,1200.0
12752,SL,400.0
12752,3A,640.0
12752,2A,800.0
12752,1A,1200.0
12753,SL,400.0
12753,3A,640.0
12753,2A,800.0
12753,1A,1200.0
12754,SL,400.0
12754,3A,640.0
12754,2A,800.0
12754,1A,1200.0
12763,SL,400.0
12763,3A,640.0
12763,2A,800.0
12763,1A,1200.0
12764,SL,400.0
12764,3A,640.0
12764,2A,800.0
12764,1A,1200.0
12777,SL,400.0
12777,3A,640.0
12777,2A,800.0
12777,1A,1200.0
40045,SL,400.0
40045,3A,640.0
40045,2A,800.0
40045,1A,1200.0
52469,SL,400.0
52469,3A,640.0
52469,2A,800.0
52469,1A,1200.0
53448,SL,400.0
53448,3A,640.0
53448,2A,800.0
53448,1A,1200.0
55010,SL,400.0
55010,3A,640.0
55010,2A,800.0
55010,1A,1200.0
55102,SL,400.0
55102,3A,640.0
55102,2A,800.0
55102,1A,1200.0
55103,SL,400.0
55103,3A,640.0
55103,2A,800.0
55103,1A,1200.0
55118,SL,400.0
55118,3A,640.0
55118,2A,800.0
55118,1A,1200.0
55123,SL,400.0
55123,3A,640.0
55123,2A,800.0
55123,1A,1200.0
12717,SL,400.0
12717,3A,640.0
12717,2A,800.0
12717,1A,1200.0
12718,SL,400.0
12718,3A,640.0
12718,2A,800.0
12718,1A,1200.0
12721,SL,400.0
12721,3A,640.0
12721,2A,800.0
12721,1A,1200.0
12722,SL,400.0
12722,3A,640.0
12722,2A,800.0
12722,1A,1200.0
12723,SL,400.0
12723,3A,640.0
12723,2A,800.0
12723,1A,1200.0
12724,SL,400.0
12724,3A,640.0
12724,2A,800.0
12724,1A,1200.0
12727,SL,400.0
12727,3A,640.0
12727,2A,800.0
12727,1A,1200.0
12728,SL,400.0
12728,3A,640.0
12728,2A,800.0
12728,1A,1200.0
12729,SL,400.0
12729,3A,640.0
12729,2A,800.0
12729,1A,1200.0
12730,SL,400.0
12730,3A,640.0
12730,2A,800.0
12730,1A,1200.0
12755,SL,400.0
12755,3A,640.0
12755,2A,800.0
12755,1A,1200.0
12756,SL,400.0
12756,3A,640.0
12756,2A,800.0
12756,1A,1200.0
12759,SL,400.0
12759,3A,640.0
12759,2A,800.0
12759,1A,1200.0
12760,SL,400.0
12760,3A,640.0
12760,2A,800.0
12760,1A,1200.0
12785,SL,400.0
12785,3A,640.0
12785,2A,800.0
12785,1A,1200.0
12789,SL,400.0
12789,3A,640.0
12789,2A,800.0
12789,1A,1200.0
12790,SL,400.0
12790,3A,640.0
12790,2A,800.0
12790,1A,1200.0
12791,SL,400.0
12791,3A,640.0
12791,2A,800.0
12791,1A,1200.0
12792,SL,400.0
12792,3A,640.0
12792,2A,800.0
12792,1A,1200.0
12793,SL,400.0
12793,3A,640.0
12793,2A,800.0
12793,1A,1200.0
12794,SL,400.0
12794,3A,640.0
12794,2A,800.0
12794,1A,1200.0
12802,SL,400.0
12802,3A,640.0
12802,2A,800.0
12802,1A,1200.0
12805,SL,400.0
12805,3A,640.0
12805,2A,800.0
12805,1A,1200.0
12806,SL,400.0
12806,3A,640.0
12806,2A,800.0
12806,1A,1200.0
12811,SL,400.0
12811,3A,640.0
12811,2A,800.0
12811,1A,1200.0
12812,SL,400.0
12812,3A,640.0
12812,2A,800.0
12812,1A,1200.0
12813,SL,400.0
12813,3A,640.0
12813,2A,800.0
12813,1A,1200.0
12814,SL,400.0
12814,3A,640.0
12814,2A,800.0
12814,1A,1200.0
12816,SL,400.0
12816,3A,640.0
12816,2A,800.0
12816,1A,1200.0
12817,SL,400.0
12817,3A,640.0
12817,2A,800.0
12817,1A,1200.0
12818,SL,400.0
12818,3A,640.0
12818,2A,800.0
12818,1A,1200.0
12819,SL,400.0
12819,3A,640.0
12819,2A,800.0
12819,1A,1200.0
12820,SL,400.0
12820,3A,640.0
12820,2A,800.0
12820,1A,1200.0
12821,SL,400.0
12821,3A,640.0
12821,2A,800.0
12821,1A,1200.0
12822,SL,400.0
12822,3A,640.0
12822,2A,800.0
12822,1A,1200.0
12827,SL,400.0
12827,3A,640.0
12827,2A,800.0
12827,1A,1200.0
12828,SL,400.0
12828,3A,640.0
12828,2A,800.0
12828,1A,1200.0
12829,SL,400.0
12829,3A,640.0
12829,2A,800.0
12829,1A,1200.0
12830,SL,400.0
12830,3A,640.0
12830,2A,800.0
12830,1A,1200.0
12831,SL,400.0
12831,3A,640.0
12831,2A,800.0
12831,1A,1200.0
12832,SL,400.0
12832,3A,640.0
12832,2A,800.0
12832,1A,1200.0
12833,SL,400.0
12833,3A,640.0
12833,2A,800.0
12833,1A,1200.0
12834,SL,400.0
12834,3A,640.0
12834,2A,800.0
12834,1A,1200.0
40017,SL,400.0
40017,3A,640.0
40017,2A,800.0
40017,1A,1200.0
55104,SL,400.0
55104,3A,640.0
55104,2A,800.0
55104,1A,1200.0
55117,SL,400.0
55117,3A,640.0
55117,2A,800.0
55117,1A,1200.0
55121,SL,400.0
55121,3A,640.0
55121,2A,800.0
55121,1A,1200.0
55122,SL,400.0
55122,3A,640.0
55122,2A,800.0
55122,1A,1200.0
55124,SL,400.0
55124,3A,640.0
55124,2A,800.0
55124,1A,1200.0
12779,SL,400.0
12779,3A,640.0
12779,2A,800.0
12779,1A,1200.0
12780-Slip,SL,400.0
12780-Slip,3A,640.0
12780-Slip,2A,800.0
12780-Slip,1A,1200.0
12781,SL,400.0
12781,3A,640.0
12781,2A,800.0
12781,1A,1200.0
12787,SL,400.0
12787,3A,640.0
12787,2A,800.0
12787,1A,1200.0
12788,SL,400.0
12788,3A,640.0
12788,2A,800.0
12788,1A,1200.0
12801,SL,400.0
12801,3A,640.0
12801,2A,800.0
12801,1A,1200.0
12804,SL,400.0
12804,3A,640.0
12804,2A,800.0
12804,1A,1200.0
12807,SL,400.0
12807,3A,640.0
12807,2A,800.0
12807,1A,1200.0
12808,SL,400.0
12808,3A,640.0
12808,2A,800.0
12808,1A,1200.0
12815,SL,400.0
12815,3A,640.0
12815,2A,800.0
12815,1A,1200.0
12823,SL,400.0
12823,3A,640.0
12823,2A,800.0
12823,1A,1200.0
12824,SL,400.0
12824,3A,640.0
12824,2A,800.0
12824,1A,1200.0
12825,SL,400.0
12825,3A,640.0
12825,2A,800.0
12825,1A,1200.0
12837,SL,400.0
12837,3A,640.0
12837,2A,800.0
12837,1A,1200.0
12838,SL,400.0
12838,3A,640.0
12838,2A,800.0
12838,1A,1200.0
12839,SL,400.0
12839,3A,640.0
12839,2A,800.0
12839,1A,1200.0
12841,SL,400.0
12841,3A,640.0
12841,2A,800.0
12841,1A,1200.0
12842,SL,400.0
12842,3A,640.0
12842,2A,800.0
12842,1A,1200.0
12845,SL,400.0
12845,3A,640.0
12845,2A,800.0
12845,1A,1200.0
40019,SL,400.0
40019,3A,640.0
40019,2A,800.0
40019,1A,1200.0
12887,SL,400.0
12887,3A,640.0
12887,2A,800.0
12887,1A,1200.0
12886,SL,400.0
12886,3A,640.0
12886,2A,800.0
12886,1A,1200.0
12885,SL,400.0
12885,3A,640.0
12885,2A,800.0
12885,1A,1200.0
12883,SL,400.0
12883,3A,640.0
12883,2A,800.0
12883,1A,1200.0
12882,SL,400.0
12882,3A,640.0
12882,2A,800.0
12882,1A,1200.0
12881,SL,400.0
12881,3A,640.0
12881,2A,800.0
12881,1A,1200.0
12872,SL,400.0
12872,3A,640.0
12872,2A,800.0
12872,1A,1200.0
12873,SL,400.0
12873,3A,640.0
12873,2A,800.0
12873,1A,1200.0
12874,SL,400.0
12874,3A,640.0
12874,2A,800.0
12874,1A,1200.0
12875,SL,400.0
12875,3A,640.0
12875,2A,800.0
12875,1A,1200.0
12876,SL,400.0
12876,3A,640.0
12876,2A,800.0
12876,1A,1200.0
12877,SL,400.0
12877,3A,640.0
12877,2A,800.0
12877,1A,1200.0
12780,SL,400.0
12780,3A,640.0
12780,2A,800.0
12780,1A,1200.0
12843,SL,400.0
12843,3A,640.0
12843,2A,800.0
12843,1A,1200.0
12844,SL,400.0
12844,3A,640.0
12844,2A,800.0
12844,1A,1200.0
12879,SL,400.0
12879,3A,640.0
12879,2A,800.0
12879,1A,1200.0
12884,SL,400.0
12884,3A,640.0
12884,2A,800.0
12884,1A,1200.0
12880,SL,400.0
12880,3A,640.0
12880,2A,800.0
12880,1A,1200.0
12891,SL,400.0
12891,3A,640.0
12891,2A,800.0
12891,1A,1200.0
12888,SL,400.0
12888,3A,640.0
12888,2A,800.0
12888,1A,1200.0
12893,SL,400.0
12893,3A,640.0
12893,2A,800.0
12893,1A,1200.0
12892,SL,400.0
12892,3A,640.0
12892,2A,800.0
12892,1A,1200.0
12895,SL,400.0
12895,3A,640.0
12895,2A,800.0
12895,1A,1200.0
12894,SL,400.0
12894,3A,640.0
12894,2A,800.0
12894,1A,1200.0
12897,SL,400.0
12897,3A,640.0
12897,2A,800.0
12897,1A,1200.0
12896,SL,400.0
12896,3A,640.0
12896,2A,800.0
12896,1A,1200.0
12903,SL,400.0
12903,3A,640.0
12903,2A,800.0
12903,1A,1200.0
12898,SL,400.0
12898,3A,640.0
12898,2A,800.0
12898,1A,1200.0
12908,SL,400.0
12908,3A,640.0
12908,2A,800.0
12908,1A,1200.0
12906-Slip,SL,400.0
12906-Slip,3A,640.0
12906-Slip,2A,800.0
12906-Slip,1A,1200.0
12911,SL,400.0
12911,3A,640.0
12911,2A,800.0
12911,1A,1200.0
12910,SL,400.0
12910,3A,640.0
12910,2A,800.0
12910,1A,1200.0
12913,SL,400.0
12913,3A,640.0
12913,2A,800.0
12913,1A,1200.0
12912,SL,400.0
12912,3A,640.0
12912,2A,800.0
12912,1A,1200.0
12919,SL,400.0
12919,3A,640.0
12919,2A,800.0
12919,1A,1200.0
12914,SL,400.0
12914,3A,640.0
12914,2A,800.0
12914,1A,1200.0
12921,SL,400.0
12921,3A,640.0
12921,2A,800.0
12921,1A,1200.0
12920,SL,400.0
12920,3A,640.0
12920,2A,800.0
12920,1A,1200.0
12923,SL,400.0
12923,3A,640.0
12923,2A,800.0
12923,1A,1200.0
12922,SL,400.0
12922,3A,640.0
12922,2A,800.0
12922,1A,1200.0
12925,SL,400.0
12925,3A,640.0
12925,2A,800.0
12925,1A,1200.0
12924,SL,400.0
12924,3A,640.0
12924,2A,800.0
12924,1A,1200.0
12925-Slip,SL,400.0
12925-Slip,3A,640.0
12925-Slip,2A,800.0
12925-Slip,1A,1200.0
12926,SL,400.0
12926,3A,640.0
12926,2A,800.0
12926,1A,1200.0
12927,SL,400.0
12927,3A,640.0
12927,2A,800.0
12927,1A,1200.0
12928,SL,400.0
12928,3A,640.0
12928,2A,800.0
12928,1A,1200.0
12929,SL,400.0
12929,3A,640.0
12929,2A,800.0
12929,1A,1200.0
12930,SL,400.0
12930,3A,640.0
12930,2A,800.0
12930,1A,1200.0
12935,SL,400.0
12935,3A,640.0
12935,2A,800.0
12935,1A,1200.0
12936,SL,400.0
12936,3A,640.0
12936,2A,800.0
12936,1A,1200.0
12937,SL,400.0
12937,3A,640.0
12937,2A,800.0
12937,1A,1200.0
12938,SL,400.0
12938,3A,640.0
12938,2A,800.0
12938,1A,1200.0
12939,SL,400.0
12939,3A,640.0
12939,2A,800.0
12939,1A,1200.0
12940,SL,400.0
12940,3A,640.0
12940,2A,800.0
12940,1A,1200.0
40025,SL,400.0
40025,3A,640.0
40025,2A,800.0
40025,1A,1200.0
58115,SL,400.0
58115,3A,640.0
58115,2A,800.0
58115,1A,1200.0
12901,SL,400.0
12901,3A,640.0
12901,2A,800.0
12901,1A,1200.0
12902,SL,400.0
12902,3A,640.0
12902,2A,800.0
12902,1A,1200.0
12907,SL,400.0
12907,3A,640.0
12907,2A,800.0
12907,1A,1200.0
12909,SL,400.0
12909,3A,640.0
12909,2A,800.0
12909,1A,1200.0
12915,SL,400.0
12915,3A,640.0
12915,2A,800.0
12915,1A,1200.0
12916,SL,400.0
12916,3A,640.0
12916,2A,800.0
12916,1A,1200.0
12917,SL,400.0
12917,3A,640.0
12917,2A,800.0
12917,1A,1200.0
12933,SL,400.0
12933,3A,640.0
12933,2A,800.0
12933,1A,1200.0
12934,SL,400.0
12934,3A,640.0
12934,2A,800.0
12934,1A,1200.0
12943,SL,400.0
12943,3A,640.0
12943,2A,800.0
12943,1A,1200.0
12944,SL,400.0
12944,3A,640.0
12944,2A,800.0
12944,1A,1200.0
12945,SL,400.0
12945,3A,640.0
12945,2A,800.0
12945,1A,1200.0
12947,SL,400.0
12947,3A,640.0
12947,2A,800.0
12947,1A,1200.0
12948,SL,400.0
12948,3A,640.0
12948,2A,800.0
12948,1A,1200.0
12949,SL,400.0
12949,3A,640.0
12949,2A,800.0
12949,1A,1200.0
12951,SL,400.0
12951,3A,640.0
12951,2A,800.0
12951,1A,1200.0
12955,SL,400.0
12955,3A,640.0
12955,2A,800.0
12955,1A,1200.0
12956,SL,400.0
12956,3A,640.0
12956,2A,800.0
12956,1A,1200.0
12959,SL,400.0
12959,3A,640.0
12959,2A,800.0
12959,1A,1200.0
12960,SL,400.0
12960,3A,640.0
12960,2A,800.0
12960,1A,1200.0
12961,SL,400.0
12961,3A,640.0
12961,2A,800.0
12961,1A,1200.0
12962,SL,400.0
12962,3A,640.0
12962,2A,800.0
12962,1A,1200.0
12965,SL,400.0
12965,3A,640.0
12965,2A,800.0
12965,1A,1200.0
12966,SL,400.0
12966,3A,640.0
12966,2A,800.0
12966,1A,1200.0
12967,SL,400.0
12967,3A,640.0
12967,2A,800.0
12967,1A,1200.0
12968,SL,400.0
12968,3A,640.0
12968,2A,800.0
12968,1A,1200.0
12969,SL,400.0
12969,3A,640.0
12969,2A,800.0
12969,1A,1200.0
12970,SL,400.0
12970,3A,640.0
12970,2A,800.0
12970,1A,1200.0
12971,SL,400.0
12971,3A,640.0
12971,2A,800.0
12971,1A,1200.0
12973,SL,400.0
12973,3A,640.0
12973,2A,800.0
12973,1A,1200.0
12974,SL,400.0
12974,3A,640.0
12974,2A,800.0
12974,1A,1200.0
12975,SL,400.0
12975,3A,640.0
12975,2A,800.0
12975,1A,1200.0
12976,SL,400.0
12976,3A,640.0
12976,2A,800.0
12976,1A,1200.0
12977,SL,400.0
12977,3A,640.0
12977,2A,800.0
12977,1A,1200.0
12978,SL,400.0
12978,3A,640.0
12978,2A,800.0
12978,1A,1200.0
12979,SL,400.0
12979,3A,640.0
12979,2A,800.0
12979,1A,1200.0
12981,SL,400.0
12981,3A,640.0
12981,2A,800.0
12981,1A,1200.0
12982,SL,400.0
12982,3A,640.0
12982,2A,800.0
12982,1A,1200.0
12983,SL,400.0
12983,3A,640.0
12983,2A,800.0
12983,1A,1200.0
12984,SL,400.0
12984,3A,640.0
12984,2A,800.0
12984,1A,1200.0
12988,SL,400.0
12988,3A,640.0
12988,2A,800.0
12988,1A,1200.0
12989,SL,400.0
12989,3A,640.0
12989,2A,800.0
12989,1A,1200.0
12990,SL,400.0
12990,3A,640.0
12990,2A,800.0
12990,1A,1200.0
12991,SL,400.0
12991,3A,640.0
12991,2A,800.0
12991,1A,1200.0
12992,SL,400.0
12992,3A,640.0
12992,2A,800.0
12992,1A,1200.0
40027,SL,400.0
40027,3A,640.0
40027,2A,800.0
40027,1A,1200.0
40033,SL,400.0
40033,3A,640.0
40033,2A,800.0
40033,1A,1200.0
40055,SL,400.0
40055,3A,640.0
40055,2A,800.0
40055,1A,1200.0
58610,SL,400.0
58610,3A,640.0
58610,2A,800.0
58610,1A,1200.0
12941,SL,400.0
12941,3A,640.0
12941,2A,800.0
12941,1A,1200.0
12942,SL,400.0
12942,3A,640.0
12942,2A,800.0
12942,1A,1200.0
12954,SL,400.0
12954,3A,640.0
12954,2A,800.0
12954,1A,1200.0
12957,SL,400.0
12957,3A,640.0
12957,2A,800.0
12957,1A,1200.0
12958,SL,400.0
12958,3A,640.0
12958,2A,800.0
12958,1A,1200.0
12963,SL,400.0
12963,3A,640.0
12963,2A,800.0
12963,1A,1200.0
12964,SL,400.0
12964,3A,640.0
12964,2A,800.0
12964,1A,1200.0
12995,SL,400.0
12995,3A,640.0
12995,2A,800.0
12995,1A,1200.0
12996,SL,400.0
12996,3A,640.0
12996,2A,800.0
12996,1A,1200.0
12997,SL,400.0
12997,3A,640.0
12997,2A,800.0
12997,1A,1200.0
12998,SL,400.0
12998,3A,640.0
12998,2A,800.0
12998,1A,1200.0
13005,SL,400.0
13005,3A,640.0
13005,2A,800.0
13005,1A,1200.0
13007,SL,400.0
13007,3A,640.0
13007,2A,800.0
13007,1A,1200.0
13008-Slip,SL,400.0
13008-Slip,3A,640.0
13008-Slip,2A,800.0
13008-Slip,1A,1200.0
13009,SL,400.0
13009,3A,640.0
13009,2A,800.0
13009,1A,1200.0
13009-Slip,SL,400.0
13009-Slip,3A,640.0
13009-Slip,2A,800.0
13009-Slip,1A,1200.0
13010,SL,400.0
13010,3A,640.0
13010,2A,800.0
13010,1A,1200.0
13011,SL,400.0
13011,3A,640.0
13011,2A,800.0
13011,1A,1200.0
13012,SL,400.0
13012,3A,640.0
13012,2A,800.0
13012,1A,1200.0
13015,SL,400.0
13015,3A,640.0
13015,2A,800.0
13015,1A,1200.0
13017,SL,400.0
13017,3A,640.0
13017,2A,800.0
13017,1A,1200.0
13018,SL,400.0
13018,3A,640.0
13018,2A,800.0
13018,1A,1200.0
13019,SL,400.0
13019,3A,640.0
13019,2A,800.0
13019,1A,1200.0
13020,SL,400.0
13020,3A,640.0
13020,2A,800.0
13020,1A,1200.0
13021,SL,400.0
13021,3A,640.0
13021,2A,800.0
13021,1A,1200.0
13022,SL,400.0
13022,3A,640.0
13022,2A,800.0
13022,1A,1200.0
13023,SL,400.0
13023,3A,640.0
13023,2A,800.0
13023,1A,1200.0
13025,SL,400.0
13025,3A,640.0
13025,2A,800.0
13025,1A,1200.0
13026,SL,400.0
13026,3A,640.0
13026,2A,800.0
13026,1A,1200.0
13027,SL,400.0
13027,3A,640.0
13027,2A,800.0
13027,1A,1200.0
13028,SL,400.0
13028,3A,640.0
13028,2A,800.0
13028,1A,1200.0
13039,SL,400.0
13039,3A,640.0
13039,2A,800.0
13039,1A,1200.0
13040,SL,400.0
13040,3A,640.0
13040,2A,800.0
13040,1A,1200.0
13049,SL,400.0
13049,3A,640.0
13049,2A,800.0
13049,1A,1200.0
13050,SL,400.0
13050,3A,640.0
13050,2A,800.0
13050,1A,1200.0
13051,SL,400.0
13051,3A,640.0
13051,2A,800.0
13051,1A,1200.0
13052,SL,400.0
13052,3A,640.0
13052,2A,800.0
13052,1A,1200.0
13054,SL,400.0
13054,3A,640.0
13054,2A,800.0
13054,1A,1200.0
13072,SL,400.0
13072,3A,640.0
13072,2A,800.0
13072,1A,1200.0
13104,SL,400.0
13104,3A,640.0
13104,2A,800.0
13104,1A,1200.0
13105,SL,400.0
13105,3A,640.0
13105,2A,800.0
13105,1A,1200.0
13106,SL,400.0
13106,3A,640.0
13106,2A,800.0
13106,1A,1200.0
13107,SL,400.0
13107,3A,640.0
13107,2A,800.0
13107,1A,1200.0
13108,SL,400.0
13108,3A,640.0
13108,2A,800.0
13108,1A,1200.0
13109,SL,400.0
13109,3A,640.0
13109,2A,800.0
13109,1A,1200.0
13110,SL,400.0
13110,3A,640.0
13110,2A,800.0
13110,1A,1200.0
13111,SL,400.0
13111,3A,640.0
13111,2A,800.0
13111,1A,1200.0
13111-Slip,SL,400.0
13111-Slip,3A,640.0
13111-Slip,2A,800.0
13111-Slip,1A,1200.0
40035,SL,400.0
40035,3A,640.0
40035,2A,800.0
40035,1A,1200.0
40059,SL,400.0
40059,3A,640.0
40059,2A,800.0
40059,1A,1200.0
13008,SL,400.0
13008,3A,640.0
13008,2A,800.0
13008,1A,1200.0
13013,SL,400.0
13013,3A,640.0
13013,2A,800.0
13013,1A,1200.0
13014,SL,400.0
13014,3A,640.0
13014,2A,800.0
13014,1A,1200.0
13016,SL,400.0
13016,3A,640.0
13016,2A,800.0
13016,1A,1200.0
13024,SL,400.0
13024,3A,640.0
13024,2A,800.0
13024,1A,1200.0
13112,SL,400.0
13112,3A,640.0
13112,2A,800.0
13112,1A,1200.0
13113,SL,400.0
13113,3A,640.0
13113,2A,800.0
13113,1A,1200.0
13114,SL,400.0
13114,3A,640.0
13114,2A,800.0
13114,1A,1200.0
13117,SL,400.0
13117,3A,640.0
13117,2A,800.0
13117,1A,1200.0
13118,SL,400.0
13118,3A,640.0
13118,2A,800.0
13118,1A,1200.0
13133,SL,400.0
13133,3A,640.0
13133,2A,800.0
13133,1A,1200.0
13134,SL,400.0
13134,3A,640.0
13134,2A,800.0
13134,1A,1200.0
13141,SL,400.0
13141,3A,640.0
13141,2A,800.0
13141,1A,1200.0
13141-Slip,SL,400.0
13141-Slip,3A,640.0
13141-Slip,2A,800.0
13141-Slip,1A,1200.0
13142,SL,400.0
13142,3A,640.0
13142,2A,800.0
13142,1A,1200.0
13145,SL,400.0
13145,3A,640.0
13145,2A,800.0
13145,1A,1200.0
13146,SL,400.0
13146,3A,640.0
13146,2A,800.0
13146,1A,1200.0
13147,SL,400.0
13147,3A,640.0
13147,2A,800.0
13147,1A,1200.0
13148,SL,400.0
13148,3A,640.0
13148,2A,800.0
13148,1A,1200.0
13149,SL,400.0
13149,3A,640.0
13149,2A,800.0
13149,1A,1200.0
13150,SL,400.0
13150,3A,640.0
13150,2A,800.0
13150,1A,1200.0
13152,SL,400.0
13152,3A,640.0
13152,2A,800.0
13152,1A,1200.0
13153-Slip,SL,400.0
13153-Slip,3A,640.0
13153-Slip,2A,800.0
13153-Slip,1A,1200.0
13154,SL,400.0
13154,3A,640.0
13154,2A,800.0
13154,1A,1200.0
13156,SL,400.0
13156,3A,640.0
13156,2A,800.0
13156,1A,1200.0
13159,SL,400.0
13159,3A,640.0
13159,2A,800.0
13159,1A,1200.0
13160,SL,400.0
13160,3A,640.0
13160,2A,800.0
13160,1A,1200.0
13161,SL,400.0
13161,3A,640.0
13161,2A,800.0
13161,1A,1200.0
13162,SL,400.0
13162,3A,640.0
13162,2A,800.0
13162,1A,1200.0
13163,SL,400.0
13163,3A,640.0
13163,2A,800.0
13163,1A,1200.0
13164,SL,400.0
13164,3A,640.0
13164,2A,800.0
13164,1A,1200.0
13185,SL,400.0
13185,3A,640.0
13185,2A,800.0
13185,1A,1200.0
13186,SL,400.0
13186,3A,640.0
13186,2A,800.0
13186,1A,1200.0
13188,SL,400.0
13188,3A,640.0
13188,2A,800.0
13188,1A,1200.0
13202,SL,400.0
13202,3A,640.0
13202,2A,800.0
13202,1A,1200.0
13225,SL,400.0
13225,3A,640.0
13225,2A,800.0
13225,1A,1200.0
13226,SL,400.0
13226,3A,640.0
13226,2A,800.0
13226,1A,1200.0
13233,SL,400.0
13233,3A,640.0
13233,2A,800.0
13233,1A,1200.0
13234,SL,400.0
13234,3A,640.0
13234,2A,800.0
13234,1A,1200.0
13237,SL,400.0
13237,3A,640.0
13237,2A,800.0
13237,1A,1200.0
13238,SL,400.0
13238,3A,640.0
13238,2A,800.0
13238,1A,1200.0
13239,SL,400.0
13239,3A,640.0
13239,2A,800.0
13239,1A,1200.0
13240,SL,400.0
13240,3A,640.0
13240,2A,800.0
13240,1A,1200.0
13241,SL,400.0
13241,3A,640.0
13241,2A,800.0
13241,1A,1200.0
13242,SL,400.0
13242,3A,640.0
13242,2A,800.0
13242,1A,1200.0
13243,SL,400.0
13243,3A,640.0
13243,2A,800.0
13243,1A,1200.0
13248,SL,400.0
13248,3A,640.0
13248,2A,800.0
13248,1A,1200.0
19321,SL,400.0
19321,3A,640.0
19321,2A,800.0
19321,1A,1200.0
40037,SL,400.0
40037,3A,640.0
40037,2A,800.0
40037,1A,1200.0
13235,SL,400.0
13235,3A,640.0
13235,2A,800.0
13235,1A,1200.0
13236,SL,400.0
13236,3A,640.0
13236,2A,800.0
13236,1A,1200.0
13244,SL,400.0
13244,3A,640.0
13244,2A,800.0
13244,1A,1200.0
13246,SL,400.0
13246,3A,640.0
13246,2A,800.0
13246,1A,1200.0
13247,SL,400.0
13247,3A,640.0
13247,2A,800.0
13247,1A,1200.0
13251,SL,400.0
13251,3A,640.0
13251,2A,800.0
13251,1A,1200.0
13252,SL,400.0
13252,3A,640.0
13252,2A,800.0
13252,1A,1200.0
13287,SL,400.0
13287,3A,640.0
13287,2A,800.0
13287,1A,1200.0
13288,SL,400.0
13288,3A,640.0
13288,2A,800.0
13288,1A,1200.0
13301,SL,400.0
13301,3A,640.0
13301,2A,800.0
13301,1A,1200.0
13302,SL,400.0
13302,3A,640.0
13302,2A,800.0
13302,1A,1200.0
13304,SL,400.0
13304,3A,640.0
13304,2A,800.0
13304,1A,1200.0
13305,SL,400.0
13305,3A,640.0
13305,2A,800.0
13305,1A,1200.0
13306,SL,400.0
13306,3A,640.0
13306,2A,800.0
13306,1A,1200.0
13307,SL,400.0
13307,3A,640.0
13307,2A,800.0
13307,1A,1200.0
13308,SL,400.0
13308,3A,640.0
13308,2A,800.0
13308,1A,1200.0
13317,SL,400.0
13317,3A,640.0
13317,2A,800.0
13317,1A,1200.0
13319,SL,400.0
13319,3A,640.0
13319,2A,800.0
13319,1A,1200.0
13320,SL,400.0
13320,3A,640.0
13320,2A,800.0
13320,1A,1200.0
13329,SL,400.0
13329,3A,640.0
13329,2A,800.0
13329,1A,1200.0
13330,SL,400.0
13330,3A,640.0
13330,2A,800.0
13330,1A,1200.0
13331,SL,400.0
13331,3A,640.0
13331,2A,800.0
13331,1A,1200.0
13332,SL,400.0
13332,3A,640.0
13332,2A,800.0
13332,1A,1200.0
13345,SL,400.0
13345,3A,640.0
13345,2A,800.0
13345,1A,1200.0
13347,SL,400.0
13347,3A,640.0
13347,2A,800.0
13347,1A,1200.0
13348,SL,400.0
13348,3A,640.0
13348,2A,800.0
13348,1A,1200.0
13352,SL,400.0
13352,3A,640.0
13352,2A,800.0
13352,1A,1200.0
13404,SL,400.0
13404,3A,640.0
13404,2A,800.0
13404,1A,1200.0
13413,SL,400.0
13413,3A,640.0
13413,2A,800.0
13413,1A,1200.0
13414,SL,400.0
13414,3A,640.0
13414,2A,800.0
13414,1A,1200.0
13415,SL,400.0
13415,3A,640.0
13415,2A,800.0
13415,1A,1200.0
13416,SL,400.0
13416,3A,640.0
13416,2A,800.0
13416,1A,1200.0
13419,SL,400.0
13419,3A,640.0
13419,2A,800.0
13419,1A,1200.0
13421,SL,400.0
13421,3A,640.0
13421,2A,800.0
13421,1A,1200.0
13422,SL,400.0
13422,3A,640.0
13422,2A,800.0
13422,1A,1200.0
13465,SL,400.0
13465,3A,640.0
13465,2A,800.0
13465,1A,1200.0
13466,SL,400.0
13466,3A,640.0
13466,2A,800.0
13466,1A,1200.0
13483,SL,400.0
13483,3A,640.0
13483,2A,800.0
13483,1A,1200.0
13484,SL,400.0
13484,3A,640.0
13484,2A,800.0
13484,1A,1200.0
13501,SL,400.0
13501,3A,640.0
13501,2A,800.0
13501,1A,1200.0
40039,SL,400.0
40039,3A,640.0
40039,2A,800.0
40039,1A,1200.0
40041,SL,400.0
40041,3A,640.0
40041,2A,800.0
40041,1A,1200.0
40043,SL,400.0
40043,3A,640.0
40043,2A,800.0
40043,1A,1200.0
40047,SL,400.0
40047,3A,640.0
40047,2A,800.0
40047,1A,1200.0
40049,SL,400.0
40049,3A,640.0
40049,2A,800.0
40049,1A,1200.0
40051,SL,400.0
40051,3A,640.0
40051,2A,800.0
40051,1A,1200.0
40053,SL,400.0
40053,3A,640.0
40053,2A,800.0
40053,1A,1200.0
56842,SL,400.0
56842,3A,640.0
56842,2A,800.0
56842,1A,1200.0
56860,SL,400.0
56860,3A,640.0
56860,2A,800.0
56860,1A,1200.0
12259,SL,400.0
12259,3A,640.0
12259,2A,800.0
12259,1A,1200.0
13346,SL,400.0
13346,3A,640.0
13346,2A,800.0
13346,1A,1200.0
13502,SL,400.0
13502,3A,640.0
13502,2A,800.0
13502,1A,1200.0
13504,SL,400.0
13504,3A,640.0
13504,2A,800.0
13504,1A,1200.0
13506,SL,400.0
13506,3A,640.0
13506,2A,800.0
13506,1A,1200.0
13507,SL,400.0
13507,3A,640.0
13507,2A,800.0
13507,1A,1200.0
13509,SL,400.0
13509,3A,640.0
13509,2A,800.0
13509,1A,1200.0
13510,SL,400.0
13510,3A,640.0
13510,2A,800.0
13510,1A,1200.0
14001,SL,400.0
14001,3A,640.0
14001,2A,800.0
14001,1A,1200.0
14002,SL,400.0
14002,3A,640.0
14002,2A,800.0
14002,1A,1200.0
14004,SL,400.0
14004,3A,640.0
14004,2A,800.0
14004,1A,1200.0
14005,SL,400.0
14005,3A,640.0
14005,2A,800.0
14005,1A,1200.0
14006,SL,400.0
14006,3A,640.0
14006,2A,800.0
14006,1A,1200.0
14007,SL,400.0
14007,3A,640.0
14007,2A,800.0
14007,1A,1200.0
14008,SL,400.0
14008,3A,640.0
14008,2A,800.0
14008,1A,1200.0
14009,SL,400.0
14009,3A,640.0
14009,2A,800.0
14009,1A,1200.0
14010,SL,400.0
14010,3A,640.0
14010,2A,800.0
14010,1A,1200.0
14011,SL,400.0
14011,3A,640.0
14011,2A,800.0
14011,1A,1200.0
14012,SL,400.0
14012,3A,640.0
14012,2A,800.0
14012,1A,1200.0
14013,SL,400.0
14013,3A,640.0
14013,2A,800.0
14013,1A,1200.0
14014,SL,400.0
14014,3A,640.0
14014,2A,800.0
14014,1A,1200.0
14015,SL,400.0
14015,3A,640.0
14015,2A,800.0
14015,1A,1200.0
14016,SL,400.0
14016,3A,640.0
14016,2A,800.0
14016,1A,1200.0
14017,SL,400.0
14017,3A,640.0
14017,2A,800.0
14017,1A,1200.0
14018,SL,400.0
14018,3A,640.0
14018,2A,800.0
14018,1A,1200.0
14020,SL,400.0
14020,3A,640.0
14020,2A,800.0
14020,1A,1200.0
14033,SL,400.0
14033,3A,640.0
14033,2A,800.0
14033,1A,1200.0
14034,SL,400.0
14034,3A,640.0
14034,2A,800.0
14034,1A,1200.0
14035,SL,400.0
14035,3A,640.0
14035,2A,800.0
14035,1A,1200.0
14036,SL,400.0
14036,3A,640.0
14036,2A,800.0
14036,1A,1200.0
14037,SL,400.0
14037,3A,640.0
14037,2A,800.0
14037,1A,1200.0
14038,SL,400.0
14038,3A,640.0
14038,2A,800.0
14038,1A,1200.0
14041-Slip,SL,400.0
14041-Slip,3A,640.0
14041-Slip,2A,800.0
14041-Slip,1A,1200.0
14042,SL,400.0
14042,3A,640.0
14042,2A,800.0
14042,1A,1200.0
14043,SL,400.0
14043,3A,640.0
14043,2A,800.0
14043,1A,1200.0
14044,SL,400.0
14044,3A,640.0
14044,2A,800.0
14044,1A,1200.0
14056,SL,400.0
14056,3A,640.0
14056,2A,800.0
14056,1A,1200.0
14083,SL,400.0
14083,3A,640.0
14083,2A,800.0
14083,1A,1200.0
14084,SL,400.0
14084,3A,640.0
14084,2A,800.0
14084,1A,1200.0
14085,SL,400.0
14085,3A,640.0
14085,2A,800.0
14085,1A,1200.0
14086,SL,400.0
14086,3A,640.0
14086,2A,800.0
14086,1A,1200.0
14095,SL,400.0
14095,3A,640.0
14095,2A,800.0
14095,1A,1200.0
14096,SL,400.0
14096,3A,640.0
14096,2A,800.0
14096,1A,1200.0
14096-Slip,SL,400.0
14096-Slip,3A,640.0
14096-Slip,2A,800.0
14096-Slip,1A,1200.0
14109,SL,400.0
14109,3A,640.0
14109,2A,800.0
14109,1A,1200.0
14110,SL,400.0
14110,3A,640.0
14110,2A,800.0
14110,1A,1200.0
14114,SL,400.0
14114,3A,640.0
14114,2A,800.0
14114,1A,1200.0
40057,SL,400.0
40057,3A,640.0
40057,2A,800.0
40057,1A,1200.0
51672,SL,400.0
51672,3A,640.0
51672,2A,800.0
51672,1A,1200.0
12343,SL,400.0
12343,3A,640.0
12343,2A,800.0
12343,1A,1200.0
12483,SL,400.0
12483,3A,640.0
12483,2A,800.0
12483,1A,1200.0
14119,SL,400.0
14119,3A,640.0
14119,2A,800.0
14119,1A,1200.0
14120,SL,400.0
14120,3A,640.0
14120,2A,800.0
14120,1A,1200.0
14123,SL,400.0
14123,3A,640.0
14123,2A,800.0
14123,1A,1200.0
14124,SL,400.0
14124,3A,640.0
14124,2A,800.0
14124,1A,1200.0
14126,SL,400.0
14126,3A,640.0
14126,2A,800.0
14126,1A,1200.0
14163,SL,400.0
14163,3A,640.0
14163,2A,800.0
14163,1A,1200.0
14163-Slip,SL,400.0
14163-Slip,3A,640.0
14163-Slip,2A,800.0
14163-Slip,1A,1200.0
14164,SL,400.0
14164,3A,640.0
14164,2A,800.0
14164,1A,1200.0
14201,SL,400.0
14201,3A,640.0
14201,2A,800.0
14201,1A,1200.0
14203,SL,400.0
14203,3A,640.0
14203,2A,800.0
14203,1A,1200.0
14204,SL,400.0
14204,3A,640.0
14204,2A,800.0
14204,1A,1200.0
14205,SL,400.0
14205,3A,640.0
14205,2A,800.0
14205,1A,1200.0
14206,SL,400.0
14206,3A,640.0
14206,2A,800.0
14206,1A,1200.0
14207,SL,400.0
14207,3A,640.0
14207,2A,800.0
14207,1A,1200.0
14208,SL,400.0
14208,3A,640.0
14208,2A,800.0
14208,1A,1200.0
14210,SL,400.0
14210,3A,640.0
14210,2A,800.0
14210,1A,1200.0
14211,SL,400.0
14211,3A,640.0
14211,2A,800.0
14211,1A,1200.0
14212,SL,400.0
14212,3A,640.0
14212,2A,800.0
14212,1A,1200.0
14213,SL,400.0
14213,3A,640.0
14213,2A,800.0
14213,1A,1200.0
14214,SL,400.0
14214,3A,640.0
14214,2A,800.0
14214,1A,1200.0
14215,SL,400.0
14215,3A,640.0
14215,2A,800.0
14215,1A,1200.0
14216,SL,400.0
14216,3A,640.0
14216,2A,800.0
14216,1A,1200.0
14217,SL,400.0
14217,3A,640.0
14217,2A,800.0
14217,1A,1200.0
14227,SL,400.0
14227,3A,640.0
14227,2A,800.0
14227,1A,1200.0
14228,SL,400.0
14228,3A,640.0
14228,2A,800.0
14228,1A,1200.0
14235,SL,400.0
14235,3A,640.0
14235,2A,800.0
14235,1A,1200.0
14236,SL,400.0
14236,3A,640.0
14236,2A,800.0
14236,1A,1200.0
14257,SL,400.0
14257,3A,640.0
14257,2A,800.0
14257,1A,1200.0
14258,SL,400.0
14258,3A,640.0
14258,2A,800.0
14258,1A,1200.0
14259,SL,400.0
14259,3A,640.0
14259,2A,800.0
14259,1A,1200.0
14265,SL,400.0
14265,3A,640.0
14265,2A,800.0
14265,1A,1200.0
14265-Slip,SL,400.0
14265-Slip,3A,640.0
14265-Slip,2A,800.0
14265-Slip,1A,1200.0
14266,SL,400.0
14266,3A,640.0
14266,2A,800.0
14266,1A,1200.0
14307,SL,400.0
14307,3A,640.0
14307,2A,800.0
14307,1A,1200.0
14308,SL,400.0
14308,3A,640.0
14308,2A,800.0
14308,1A,1200.0
14309,SL,400.0
14309,3A,640.0
14309,2A,800.0
14309,1A,1200.0
14310,SL,400.0
14310,3A,640.0
14310,2A,800.0
14310,1A,1200.0
14311,SL,400.0
14311,3A,640.0
14311,2A,800.0
14311,1A,1200.0
14314,SL,400.0
14314,3A,640.0
14314,2A,800.0
14314,1A,1200.0
14315,SL,400.0
14315,3A,640.0
14315,2A,800.0
14315,1A,1200.0
14316,SL,400.0
14316,3A,640.0
14316,2A,800.0
14316,1A,1200.0
14317,SL,400.0
14317,3A,640.0
14317,2A,800.0
14317,1A,1200.0
14318,SL,400.0
14318,3A,640.0
14318,2A,800.0
14318,1A,1200.0
14321,SL,400.0
14321,3A,640.0
14321,2A,800.0
14321,1A,1200.0
19131,SL,400.0
19131,3A,640.0
19131,2A,800.0
19131,1A,1200.0
40107,SL,400.0
40107,3A,640.0
40107,2A,800.0
40107,1A,1200.0
40555,SL,400.0
40555,3A,640.0
40555,2A,800.0
40555,1A,1200.0
14322,SL,400.0
14322,3A,640.0
14322,2A,800.0
14322,1A,1200.0
14323,SL,400.0
14323,3A,640.0
14323,2A,800.0
14323,1A,1200.0
14324,SL,400.0
14324,3A,640.0
14324,2A,800.0
14324,1A,1200.0
14369,SL,400.0
14369,3A,640.0
14369,2A,800.0
14369,1A,1200.0
14370,SL,400.0
14370,3A,640.0
14370,2A,800.0
14370,1A,1200.0
14370-Slip,SL,400.0
14370-Slip,3A,640.0
14370-Slip,2A,800.0
14370-Slip,1A,1200.0
14511-Slip,SL,400.0
14511-Slip,3A,640.0
14511-Slip,2A,800.0
14511-Slip,1A,1200.0
14512,SL,400.0
14512,3A,640.0
14512,2A,800.0
14512,1A,1200.0
14519,SL,400.0
14519,3A,640.0
14519,2A,800.0
14519,1A,1200.0
14520,SL,400.0
14520,3A,640.0
14520,2A,800.0
14520,1A,1200.0
14524,SL,400.0
14524,3A,640.0
14524,2A,800.0
14524,1A,1200.0
14525,SL,400.0
14525,3A,640.0
14525,2A,800.0
14525,1A,1200.0
14526,SL,400.0
14526,3A,640.0
14526,2A,800.0
14526,1A,1200.0
14545,SL,400.0
14545,3A,640.0
14545,2A,800.0
14545,1A,1200.0
14546,SL,400.0
14546,3A,640.0
14546,2A,800.0
14546,1A,1200.0
14553,SL,400.0
14553,3A,640.0
14553,2A,800.0
14553,1A,1200.0
14554,SL,400.0
14554,3A,640.0
14554,2A,800.0
14554,1A,1200.0
14555,SL,400.0
14555,3A,640.0
14555,2A,800.0
14555,1A,1200.0
14556,SL,400.0
14556,3A,640.0
14556,2A,800.0
14556,1A,1200.0
14603,SL,400.0
14603,3A,640.0
14603,2A,800.0
14603,1A,1200.0
14607,SL,400.0
14607,3A,640.0
14607,2A,800.0
14607,1A,1200.0
14608,SL,400.0
14608,3A,640.0
14608,2A,800.0
14608,1A,1200.0
14609,SL,400.0
14609,3A,640.0
14609,2A,800.0
14609,1A,1200.0
14610,SL,400.0
14610,3A,640.0
14610,2A,800.0
14610,1A,1200.0
14629,SL,400.0
14629,3A,640.0
14629,2A,800.0
14629,1A,1200.0
14630,SL,400.0
14630,3A,640.0
14630,2A,800.0
14630,1A,1200.0
14631,SL,400.0
14631,3A,640.0
14631,2A,800.0
14631,1A,1200.0
14632,SL,400.0
14632,3A,640.0
14632,2A,800.0
14632,1A,1200.0
14633,SL,400.0
14633,3A,640.0
14633,2A,800.0
14633,1A,1200.0
14634,SL,400.0
14634,3A,640.0
14634,2A,800.0
14634,1A,1200.0
14645,SL,400.0
14645,3A,640.0
14645,2A,800.0
14645,1A,1200.0
14646,SL,400.0
14646,3A,640.0
14646,2A,800.0
14646,1A,1200.0
14650,SL,400.0
14650,3A,640.0
14650,2A,800.0
14650,1A,1200.0
14659-Slip,SL,400.0
14659-Slip,3A,640.0
14659-Slip,2A,800.0
14659-Slip,1A,1200.0
14660,SL,400.0
14660,3A,640.0
14660,2A,800.0
14660,1A,1200.0
14661,SL,400.0
14661,3A,640.0
14661,2A,800.0
14661,1A,1200.0
14662,SL,400.0
14662,3A,640.0
14662,2A,800.0
14662,1A,1200.0
14673,SL,400.0
14673,3A,640.0
14673,2A,800.0
14673,1A,1200.0
14674,SL,400.0
14674,3A,640.0
14674,2A,800.0
14674,1A,1200.0
14681,SL,400.0
14681,3A,640.0
14681,2A,800.0
14681,1A,1200.0
14682,SL,400.0
14682,3A,640.0
14682,2A,800.0
14682,1A,1200.0
14701,SL,400.0
14701,3A,640.0
14701,2A,800.0
14701,1A,1200.0
14702,SL,400.0
14702,3A,640.0
14702,2A,800.0
14702,1A,1200.0
14703,SL,400.0
14703,3A,640.0
14703,2A,800.0
14703,1A,1200.0
14704,SL,400.0
14704,3A,640.0
14704,2A,800.0
14704,1A,1200.0
14705,SL,400.0
14705,3A,640.0
14705,2A,800.0
14705,1A,1200.0
14706,SL,400.0
14706,3A,640.0
14706,2A,800.0
14706,1A,1200.0
15011,SL,400.0
15011,3A,640.0
15011,2A,800.0
15011,1A,1200.0
15012,SL,400.0
15012,3A,640.0
15012,2A,800.0
15012,1A,1200.0
13103,SL,400.0
13103,3A,640.0
13103,2A,800.0
13103,1A,1200.0
13245,SL,400.0
13245,3A,640.0
13245,2A,800.0
13245,1A,1200.0
14708,SL,400.0
14708,3A,640.0
14708,2A,800.0
14708,1A,1200.0
14711,SL,400.0
14711,3A,640.0
14711,2A,800.0
14711,1A,1200.0
14712,SL,400.0
14712,3A,640.0
14712,2A,800.0
14712,1A,1200.0
14723,SL,400.0
14723,3A,640.0
14723,2A,800.0
14723,1A,1200.0
14724,SL,400.0
14724,3A,640.0
14724,2A,800.0
14724,1A,1200.0
14731,SL,400.0
14731,3A,640.0
14731,2A,800.0
14731,1A,1200.0
14732,SL,400.0
14732,3A,640.0
14732,2A,800.0
14732,1A,1200.0
14795,SL,400.0
14795,3A,640.0
14795,2A,800.0
14795,1A,1200.0
14796,SL,400.0
14796,3A,640.0
14796,2A,800.0
14796,1A,1200.0
14801,SL,400.0
14801,3A,640.0
14801,2A,800.0
14801,1A,1200.0
14802,SL,400.0
14802,3A,640.0
14802,2A,800.0
14802,1A,1200.0
14809,SL,400.0
14809,3A,640.0
14809,2A,800.0
14809,1A,1200.0
14810,SL,400.0
14810,3A,640.0
14810,2A,800.0
14810,1A,1200.0
14853,SL,400.0
14853,3A,640.0
14853,2A,800.0
14853,1A,1200.0
14854,SL,400.0
14854,3A,640.0
14854,2A,800.0
14854,1A,1200.0
14863,SL,400.0
14863,3A,640.0
14863,2A,800.0
14863,1A,1200.0
14864,SL,400.0
14864,3A,640.0
14864,2A,800.0
14864,1A,1200.0
14865,SL,400.0
14865,3A,640.0
14865,2A,800.0
14865,1A,1200.0
14866,SL,400.0
14866,3A,640.0
14866,2A,800.0
14866,1A,1200.0
14887-Slip,SL,400.0
14887-Slip,3A,640.0
14887-Slip,2A,800.0
14887-Slip,1A,1200.0
14887S,SL,400.0
14887S,3A,640.0
14887S,2A,800.0
14887S,1A,1200.0
14888,SL,400.0
14888,3A,640.0
14888,2A,800.0
14888,1A,1200.0
14889,SL,400.0
14889,3A,640.0
14889,2A,800.0
14889,1A,1200.0
14890,SL,400.0
14890,3A,640.0
14890,2A,800.0
14890,1A,1200.0
15001,SL,400.0
15001,3A,640.0
15001,2A,800.0
15001,1A,1200.0
15002,SL,400.0
15002,3A,640.0
15002,2A,800.0
15002,1A,1200.0
15004,SL,400.0
15004,3A,640.0
15004,2A,800.0
15004,1A,1200.0
15005,SL,400.0
15005,3A,640.0
15005,2A,800.0
15005,1A,1200.0
15006,SL,400.0
15006,3A,640.0
15006,2A,800.0
15006,1A,1200.0
15007,SL,400.0
15007,3A,640.0
15007,2A,800.0
15007,1A,1200.0
15009,SL,400.0
15009,3A,640.0
15009,2A,800.0
15009,1A,1200.0
15010,SL,400.0
15010,3A,640.0
15010,2A,800.0
15010,1A,1200.0
15013,SL,400.0
15013,3A,640.0
15013,2A,800.0
15013,1A,1200.0
15013-Slip,SL,400.0
15013-Slip,3A,640.0
15013-Slip,2A,800.0
15013-Slip,1A,1200.0
15014,SL,400.0
15014,3A,640.0
15014,2A,800.0
15014,1A,1200.0
15016,SL,400.0
15016,3A,640.0
15016,2A,800.0
15016,1A,1200.0
15018,SL,400.0
15018,3A,640.0
15018,2A,800.0
15018,1A,1200.0
15018-Slip,SL,400.0
15018-Slip,3A,640.0
15018-Slip,2A,800.0
15018-Slip,1A,1200.0
15019,SL,400.0
15019,3A,640.0
15019,2A,800.0
15019,1A,1200.0
15020,SL,400.0
15020,3A,640.0
15020,2A,800.0
15020,1A,1200.0
15021,SL,400.0
15021,3A,640.0
15021,2A,800.0
15021,1A,1200.0
15022,SL,400.0
15022,3A,640.0
15022,2A,800.0
15022,1A,1200.0
15023,SL,400.0
15023,3A,640.0
15023,2A,800.0
15023,1A,1200.0
15035,SL,400.0
15035,3A,640.0
15035,2A,800.0
15035,1A,1200.0
15035-Slip,SL,400.0
15035-Slip,3A,640.0
15035-Slip,2A,800.0
15035-Slip,1A,1200.0
15236,SL,400.0
15236,3A,640.0
15236,2A,800.0
15236,1A,1200.0
41057,SL,400.0
41057,3A,640.0
41057,2A,800.0
41057,1A,1200.0
41501,SL,400.0
41501,3A,640.0
41501,2A,800.0
41501,1A,1200.0
14649,SL,400.0
14649,3A,640.0
14649,2A,800.0
14649,1A,1200.0
15003,SL,400.0
15003,3A,640.0
15003,2A,800.0
15003,1A,1200.0
15008,SL,400.0
15008,3A,640.0
15008,2A,800.0
15008,1A,1200.0
15027,SL,400.0
15027,3A,640.0
15027,2A,800.0
15027,1A,1200.0
15028,SL,400.0
15028,3A,640.0
15028,2A,800.0
15028,1A,1200.0
15037,SL,400.0
15037,3A,640.0
15037,2A,800.0
15037,1A,1200.0
15038,SL,400.0
15038,3A,640.0
15038,2A,800.0
15038,1A,1200.0
15039,SL,400.0
15039,3A,640.0
15039,2A,800.0
15039,1A,1200.0
15040,SL,400.0
15040,3A,640.0
15040,2A,800.0
15040,1A,1200.0
15041,SL,400.0
15041,3A,640.0
15041,2A,800.0
15041,1A,1200.0
15042,SL,400.0
15042,3A,640.0
15042,2A,800.0
15042,1A,1200.0
15045,SL,400.0
15045,3A,640.0
15045,2A,800.0
15045,1A,1200.0
15046,SL,400.0
15046,3A,640.0
15046,2A,800.0
15046,1A,1200.0
15047,SL,400.0
15047,3A,640.0
15047,2A,800.0
15047,1A,1200.0
15048,SL,400.0
15048,3A,640.0
15048,2A,800.0
15048,1A,1200.0
15049,SL,400.0
15049,3A,640.0
15049,2A,800.0
15049,1A,1200.0
15050,SL,400.0
15050,3A,640.0
15050,2A,800.0
15050,1A,1200.0
15051,SL,400.0
15051,3A,640.0
15051,2A,800.0
15051,1A,1200.0
15052,SL,400.0
15052,3A,640.0
15052,2A,800.0
15052,1A,1200.0
15097,SL,400.0
15097,3A,640.0
15097,2A,800.0
15097,1A,1200.0
15098,SL,400.0
15098,3A,640.0
15098,2A,800.0
15098,1A,1200.0
15101,SL,400.0
15101,3A,640.0
15101,2A,800.0
15101,1A,1200.0
15102,SL,400.0
15102,3A,640.0
15102,2A,800.0
15102,1A,1200.0
15103,SL,400.0
15103,3A,640.0
15103,2A,800.0
15103,1A,1200.0
15104,SL,400.0
15104,3A,640.0
15104,2A,800.0
15104,1A,1200.0
15105,SL,400.0
15105,3A,640.0
15105,2A,800.0
15105,1A,1200.0
15106,SL,400.0
15106,3A,640.0
15106,2A,800.0
15106,1A,1200.0
15107,SL,400.0
15107,3A,640.0
15107,2A,800.0
15107,1A,1200.0
15108,SL,400.0
15108,3A,640.0
15108,2A,800.0
15108,1A,1200.0
15109,SL,400.0
15109,3A,640.0
15109,2A,800.0
15109,1A,1200.0
15110,SL,400.0
15110,3A,640.0
15110,2A,800.0
15110,1A,1200.0
15159,SL,400.0
15159,3A,640.0
15159,2A,800.0
15159,1A,1200.0
15160,SL,400.0
15160,3A,640.0
15160,2A,800.0
15160,1A,1200.0
15201,SL,400.0
15201,3A,640.0
15201,2A,800.0
15201,1A,1200.0
15203,SL,400.0
15203,3A,640.0
15203,2A,800.0
15203,1A,1200.0
15209,SL,400.0
15209,3A,640.0
15209,2A,800.0
15209,1A,1200.0
15210,SL,400.0
15210,3A,640.0
15210,2A,800.0
15210,1A,1200.0
15211,SL,400.0
15211,3A,640.0
15211,2A,800.0
15211,1A,1200.0
15215,SL,400.0
15215,3A,640.0
15215,2A,800.0
15215,1A,1200.0
15216,SL,400.0
15216,3A,640.0
15216,2A,800.0
15216,1A,1200.0
15228,SL,400.0
15228,3A,640.0
15228,2A,800.0
15228,1A,1200.0
15267,SL,400.0
15267,3A,640.0
15267,2A,800.0
15267,1A,1200.0
15273,SL,400.0
15273,3A,640.0
15273,2A,800.0
15273,1A,1200.0
15274,SL,400.0
15274,3A,640.0
15274,2A,800.0
15274,1A,1200.0
15283,SL,400.0
15283,3A,640.0
15283,2A,800.0
15283,1A,1200.0
15284,SL,400.0
15284,3A,640.0
15284,2A,800.0
15284,1A,1200.0
15320,SL,400.0
15320,3A,640.0
15320,2A,800.0
15320,1A,1200.0
15322,SL,400.0
15322,3A,640.0
15322,2A,800.0
15322,1A,1200.0
15902,SL,400.0
15902,3A,640.0
15902,2A,800.0
15902,1A,1200.0
15204,SL,400.0
15204,3A,640.0
15204,2A,800.0
15204,1A,1200.0
15269,SL,400.0
15269,3A,640.0
15269,2A,800.0
15269,1A,1200.0
15272,SL,400.0
15272,3A,640.0
15272,2A,800.0
15272,1A,1200.0
15275,SL,400.0
15275,3A,640.0
15275,2A,800.0
15275,1A,1200.0
15276,SL,400.0
15276,3A,640.0
15276,2A,800.0
15276,1A,1200.0
15279,SL,400.0
15279,3A,640.0
15279,2A,800.0
15279,1A,1200.0
15280,SL,400.0
15280,3A,640.0
15280,2A,800.0
15280,1A,1200.0
15281,SL,400.0
15281,3A,640.0
15281,2A,800.0
15281,1A,1200.0
15282,SL,400.0
15282,3A,640.0
15282,2A,800.0
15282,1A,1200.0
15307,SL,400.0
15307,3A,640.0
15307,2A,800.0
15307,1A,1200.0
15308,SL,400.0
15308,3A,640.0
15308,2A,800.0
15308,1A,1200.0
15308-Slip,SL,400.0
15308-Slip,3A,640.0
15308-Slip,2A,800.0
15308-Slip,1A,1200.0
15309,SL,400.0
15309,3A,640.0
15309,2A,800.0
15309,1A,1200.0
15310,SL,400.0
15310,3A,640.0
15310,2A,800.0
15310,1A,1200.0
15311,SL,400.0
15311,3A,640.0
15311,2A,800.0
15311,1A,1200.0
15312,SL,400.0
15312,3A,640.0
15312,2A,800.0
15312,1A,1200.0
15313,SL,400.0
15313,3A,640.0
15313,2A,800.0
15313,1A,1200.0
15314,SL,400.0
15314,3A,640.0
15314,2A,800.0
15314,1A,1200.0
15315,SL,400.0
15315,3A,640.0
15315,2A,800.0
15315,1A,1200.0
15316,SL,400.0
15316,3A,640.0
15316,2A,800.0
15316,1A,1200.0
15319,SL,400.0
15319,3A,640.0
15319,2A,800.0
15319,1A,1200.0
15321,SL,400.0
15321,3A,640.0
15321,2A,800.0
15321,1A,1200.0
15603,SL,400.0
15603,3A,640.0
15603,2A,800.0
15603,1A,1200.0
15604,SL,400.0
15604,3A,640.0
15604,2A,800.0
15604,1A,1200.0
15606,SL,400.0
15606,3A,640.0
15606,2A,800.0
15606,1A,1200.0
15609,SL,400.0
15609,3A,640.0
15609,2A,800.0
15609,1A,1200.0
15609-Slip,SL,400.0
15609-Slip,3A,640.0
15609-Slip,2A,800.0
15609-Slip,1A,1200.0
15610,SL,400.0
15610,3A,640.0
15610,2A,800.0
15610,1A,1200.0
15611,SL,400.0
15611,3A,640.0
15611,2A,800.0
15611,1A,1200.0
15612,SL,400.0
15612,3A,640.0
15612,2A,800.0
15612,1A,1200.0
15620,SL,400.0
15620,3A,640.0
15620,2A,800.0
15620,1A,1200.0
15629,SL,400.0
15629,3A,640.0
15629,2A,800.0
15629,1A,1200.0
15630,SL,400.0
15630,3A,640.0
15630,2A,800.0
15630,1A,1200.0
15631,SL,400.0
15631,3A,640.0
15631,2A,800.0
15631,1A,1200.0
15632,SL,400.0
15632,3A,640.0
15632,2A,800.0
15632,1A,1200.0
15635,SL,400.0
15635,3A,640.0
15635,2A,800.0
15635,1A,1200.0
15636,SL,400.0
15636,3A,640.0
15636,2A,800.0
15636,1A,1200.0
15639,SL,400.0
15639,3A,640.0
15639,2A,800.0
15639,1A,1200.0
15643,SL,400.0
15643,3A,640.0
15643,2A,800.0
15643,1A,1200.0
15644,SL,400.0
15644,3A,640.0
15644,2A,800.0
15644,1A,1200.0
15669,SL,400.0
15669,3A,640.0
15669,2A,800.0
15669,1A,1200.0
15670,SL,400.0
15670,3A,640.0
15670,2A,800.0
15670,1A,1200.0
15691,SL,400.0
15691,3A,640.0
15691,2A,800.0
15691,1A,1200.0
15714,SL,400.0
15714,3A,640.0
15714,2A,800.0
15714,1A,1200.0
15743,SL,400.0
15743,3A,640.0
15743,2A,800.0
15743,1A,1200.0
15771,SL,400.0
15771,3A,640.0
15771,2A,800.0
15771,1A,1200.0
15772,SL,400.0
15772,3A,640.0
15772,2A,800.0
15772,1A,1200.0
22602,SL,400.0
22602,3A,640.0
22602,2A,800.0
22602,1A,1200.0
51631,SL,400.0
51631,3A,640.0
51631,2A,800.0
51631,1A,1200.0
13508,SL,400.0
13508,3A,640.0
13508,2A,800.0
13508,1A,1200.0
15645,SL,400.0
15645,3A,640.0
15645,2A,800.0
15645,1A,1200.0
15646,SL,400.0
15646,3A,640.0
15646,2A,800.0
15646,1A,1200.0
15647,SL,400.0
15647,3A,640.0
15647,2A,800.0
15647,1A,1200.0
15648,SL,400.0
15648,3A,640.0
15648,2A,800.0
15648,1A,1200.0
15652,SL,400.0
15652,3A,640.0
15652,2A,800.0
15652,1A,1200.0
15654,SL,400.0
15654,3A,640.0
15654,2A,800.0
15654,1A,1200.0
15658,SL,400.0
15658,3A,640.0
15658,2A,800.0
15658,1A,1200.0
15661,SL,400.0
15661,3A,640.0
15661,2A,800.0
15661,1A,1200.0
15662,SL,400.0
15662,3A,640.0
15662,2A,800.0
15662,1A,1200.0
15665,SL,400.0
15665,3A,640.0
15665,2A,800.0
15665,1A,1200.0
15666,SL,400.0
15666,3A,640.0
15666,2A,800.0
15666,1A,1200.0
15667,SL,400.0
15667,3A,640.0
15667,2A,800.0
15667,1A,1200.0
15668,SL,400.0
15668,3A,640.0
15668,2A,800.0
15668,1A,1200.0
15692,SL,400.0
15692,3A,640.0
15692,2A,800.0
15692,1A,1200.0
15693,SL,400.0
15693,3A,640.0
15693,2A,800.0
15693,1A,1200.0
15694,SL,400.0
15694,3A,640.0
15694,2A,800.0
15694,1A,1200.0
15695,SL,400.0
15695,3A,640.0
15695,2A,800.0
15695,1A,1200.0
15696,SL,400.0
15696,3A,640.0
15696,2A,800.0
15696,1A,1200.0
15713,SL,400.0
15713,3A,640.0
15713,2A,800.0
15713,1A,1200.0
15715,SL,400.0
15715,3A,640.0
15715,2A,800.0
15715,1A,1200.0
15716,SL,400.0
15716,3A,640.0
15716,2A,800.0
15716,1A,1200.0
15716-Slip,SL,400.0
15716-Slip,3A,640.0
15716-Slip,2A,800.0
15716-Slip,1A,1200.0
15717,SL,400.0
15717,3A,640.0
15717,2A,800.0
15717,1A,1200.0
15719,SL,400.0
15719,3A,640.0
15719,2A,800.0
15719,1A,1200.0
15720,SL,400.0
15720,3A,640.0
15720,2A,800.0
15720,1A,1200.0
15721,SL,400.0
15721,3A,640.0
15721,2A,800.0
15721,1A,1200.0
15722,SL,400.0
15722,3A,640.0
15722,2A,800.0
15722,1A,1200.0
15723,SL,400.0
15723,3A,640.0
15723,2A,800.0
15723,1A,1200.0
15724,SL,400.0
15724,3A,640.0
15724,2A,800.0
15724,1A,1200.0
15764,SL,400.0
15764,3A,640.0
15764,2A,800.0
15764,1A,1200.0
15765,SL,400.0
15765,3A,640.0
15765,2A,800.0
15765,1A,1200.0
15766,SL,400.0
15766,3A,640.0
15766,2A,800.0
15766,1A,1200.0
15767,SL,400.0
15767,3A,640.0
15767,2A,800.0
15767,1A,1200.0
15768,SL,400.0
15768,3A,640.0
15768,2A,800.0
15768,1A,1200.0
15769,SL,400.0
15769,3A,640.0
15769,2A,800.0
15769,1A,1200.0
15770,SL,400.0
15770,3A,640.0
15770,2A,800.0
15770,1A,1200.0
15903,SL,400.0
15903,3A,640.0
15903,2A,800.0
15903,1A,1200.0
15904,SL,400.0
15904,3A,640.0
15904,2A,800.0
15904,1A,1200.0
16053,SL,400.0
16053,3A,640.0
16053,2A,800.0
16053,1A,1200.0
16054,SL,400.0
16054,3A,640.0
16054,2A,800.0
16054,1A,1200.0
16057,SL,400.0
16057,3A,640.0
16057,2A,800.0
16057,1A,1200.0
16058,SL,400.0
16058,3A,640.0
16058,2A,800.0
16058,1A,1200.0
16093,SL,400.0
16093,3A,640.0
16093,2A,800.0
16093,1A,1200.0
16094,SL,400.0
16094,3A,640.0
16094,2A,800.0
16094,1A,1200.0
16203,SL,400.0
16203,3A,640.0
16203,2A,800.0
16203,1A,1200.0
16204,SL,400.0
16204,3A,640.0
16204,2A,800.0
16204,1A,1200.0
55201,SL,400.0
55201,3A,640.0
55201,2A,800.0
55201,1A,1200.0
15640,SL,400.0
15640,3A,640.0
15640,2A,800.0
15640,1A,1200.0
15905,SL,400.0
15905,3A,640.0
15905,2A,800.0
15905,1A,1200.0
15906,SL,400.0
15906,3A,640.0
15906,2A,800.0
15906,1A,1200.0
15927,SL,400.0
15927,3A,640.0
15927,2A,800.0
15927,1A,1200.0
15928,SL,400.0
15928,3A,640.0
15928,2A,800.0
15928,1A,1200.0
15929,SL,400.0
15929,3A,640.0
15929,2A,800.0
15929,1A,1200.0
15930,SL,400.0
15930,3A,640.0
15930,2A,800.0
15930,1A,1200.0
15933,SL,400.0
15933,3A,640.0
15933,2A,800.0
15933,1A,1200.0
15934,SL,400.0
15934,3A,640.0
15934,2A,800.0
15934,1A,1200.0
15942,SL,400.0
15942,3A,640.0
15942,2A,800.0
15942,1A,1200.0
15960,SL,400.0
15960,3A,640.0
15960,2A,800.0
15960,1A,1200.0
16031,SL,400.0
16031,3A,640.0
16031,2A,800.0
16031,1A,1200.0
16032,SL,400.0
16032,3A,640.0
16032,2A,800.0
16032,1A,1200.0
16041,SL,400.0
16041,3A,640.0
16041,2A,800.0
16041,1A,1200.0
16085,SL,400.0
16085,3A,640.0
16085,2A,800.0
16085,1A,1200.0
16086,SL,400.0
16086,3A,640.0
16086,2A,800.0
16086,1A,1200.0
16089,SL,400.0
16089,3A,640.0
16089,2A,800.0
16089,1A,1200.0
16090,SL,400.0
16090,3A,640.0
16090,2A,800.0
16090,1A,1200.0
16108,SL,400.0
16108,3A,640.0
16108,2A,800.0
16108,1A,1200.0
16115,SL,400.0
16115,3A,640.0
16115,2A,800.0
16115,1A,1200.0
16116,SL,400.0
16116,3A,640.0
16116,2A,800.0
16116,1A,1200.0
16125,SL,400.0
16125,3A,640.0
16125,2A,800.0
16125,1A,1200.0
16127,SL,400.0
16127,3A,640.0
16127,2A,800.0
16127,1A,1200.0
16128,SL,400.0
16128,3A,640.0
16128,2A,800.0
16128,1A,1200.0
16175,SL,400.0
16175,3A,640.0
16175,2A,800.0
16175,1A,1200.0
16176,SL,400.0
16176,3A,640.0
16176,2A,800.0
16176,1A,1200.0
16177,SL,400.0
16177,3A,640.0
16177,2A,800.0
16177,1A,1200.0
16178,SL,400.0
16178,3A,640.0
16178,2A,800.0
16178,1A,1200.0
16179,SL,400.0
16179,3A,640.0
16179,2A,800.0
16179,1A,1200.0
16180,SL,400.0
16180,3A,640.0
16180,2A,800.0
16180,1A,1200.0
16201,SL,400.0
16201,3A,640.0
16201,2A,800.0
16201,1A,1200.0
16202,SL,400.0
16202,3A,640.0
16202,2A,800.0
16202,1A,1200.0
16205,SL,400.0
16205,3A,640.0
16205,2A,800.0
16205,1A,1200.0
16206,SL,400.0
16206,3A,640.0
16206,2A,800.0
16206,1A,1200.0
16209,SL,400.0
16209,3A,640.0
16209,2A,800.0
16209,1A,1200.0
16210,SL,400.0
16210,3A,640.0
16210,2A,800.0
16210,1A,1200.0
16215,SL,400.0
16215,3A,640.0
16215,2A,800.0
16215,1A,1200.0
16216,SL,400.0
16216,3A,640.0
16216,2A,800.0
16216,1A,1200.0
16227,SL,400.0
16227,3A,640.0
16227,2A,800.0
16227,1A,1200.0
16228,SL,400.0
16228,3A,640.0
16228,2A,800.0
16228,1A,1200.0
16231,SL,400.0
16231,3A,640.0
16231,2A,800.0
16231,1A,1200.0
16232,SL,400.0
16232,3A,640.0
16232,2A,800.0
16232,1A,1200.0
16302,SL,400.0
16302,3A,640.0
16302,2A,800.0
16302,1A,1200.0
16305,SL,400.0
16305,3A,640.0
16305,2A,800.0
16305,1A,1200.0
16309,SL,400.0
16309,3A,640.0
16309,2A,800.0
16309,1A,1200.0
16310,SL,400.0
16310,3A,640.0
16310,2A,800.0
16310,1A,1200.0
16322,SL,400.0
16322,3A,640.0
16322,2A,800.0
16322,1A,1200.0
16323,SL,400.0
16323,3A,640.0
16323,2A,800.0
16323,1A,1200.0
16326,SL,400.0
16326,3A,640.0
16326,2A,800.0
16326,1A,1200.0
11271,SL,400.0
11271,3A,640.0
11271,2A,800.0
11271,1A,1200.0
12809,SL,400.0
12809,3A,640.0
12809,2A,800.0
12809,1A,1200.0
14003,SL,400.0
14003,3A,640.0
14003,2A,800.0
14003,1A,1200.0
16221,SL,400.0
16221,3A,640.0
16221,2A,800.0
16221,1A,1200.0
16233,SL,400.0
16233,3A,640.0
16233,2A,800.0
16233,1A,1200.0
16234,SL,400.0
16234,3A,640.0
16234,2A,800.0
16234,1A,1200.0
16301,SL,400.0
16301,3A,640.0
16301,2A,800.0
16301,1A,1200.0
16303,SL,400.0
16303,3A,640.0
16303,2A,800.0
16303,1A,1200.0
16304,SL,400.0
16304,3A,640.0
16304,2A,800.0
16304,1A,1200.0
16306,SL,400.0
16306,3A,640.0
16306,2A,800.0
16306,1A,1200.0
16308,SL,400.0
16308,3A,640.0
16308,2A,800.0
16308,1A,1200.0
16313,SL,400.0
16313,3A,640.0
16313,2A,800.0
16313,1A,1200.0
16314,SL,400.0
16314,3A,640.0
16314,2A,800.0
16314,1A,1200.0
16315,SL,400.0
16315,3A,640.0
16315,2A,800.0
16315,1A,1200.0
16316,SL,400.0
16316,3A,640.0
16316,2A,800.0
16316,1A,1200.0
16317,SL,400.0
16317,3A,640.0
16317,2A,800.0
16317,1A,1200.0
16318,SL,400.0
16318,3A,640.0
16318,2A,800.0
16318,1A,1200.0
16318-Slip,SL,400.0
16318-Slip,3A,640.0
16318-Slip,2A,800.0
16318-Slip,1A,1200.0
16324,SL,400.0
16324,3A,640.0
16324,2A,800.0
16324,1A,1200.0
16325,SL,400.0
16325,3A,640.0
16325,2A,800.0
16325,1A,1200.0
16327,SL,400.0
16327,3A,640.0
16327,2A,800.0
16327,1A,1200.0
16328,SL,400.0
16328,3A,640.0
16328,2A,800.0
16328,1A,1200.0
16331,SL,400.0
16331,3A,640.0
16331,2A,800.0
16331,1A,1200.0
16332,SL,400.0
16332,3A,640.0
16332,2A,800.0
16332,1A,1200.0
16333,SL,400.0
16333,3A,640.0
16333,2A,800.0
16333,1A,1200.0
16334,SL,400.0
16334,3A,640.0
16334,2A,800.0
16334,1A,1200.0
16335,SL,400.0
16335,3A,640.0
16335,2A,800.0
16335,1A,1200.0
16336,SL,400.0
16336,3A,640.0
16336,2A,800.0
16336,1A,1200.0
16337,SL,400.0
16337,3A,640.0
16337,2A,800.0
16337,1A,1200.0
16338,SL,400.0
16338,3A,640.0
16338,2A,800.0
16338,1A,1200.0
16339,SL,400.0
16339,3A,640.0
16339,2A,800.0
16339,1A,1200.0
16340,SL,400.0
16340,3A,640.0
16340,2A,800.0
16340,1A,1200.0
16341,SL,400.0
16341,3A,640.0
16341,2A,800.0
16341,1A,1200.0
16342,SL,400.0
16342,3A,640.0
16342,2A,800.0
16342,1A,1200.0
16343,SL,400.0
16343,3A,640.0
16343,2A,800.0
16343,1A,1200.0
16344,SL,400.0
16344,3A,640.0
16344,2A,800.0
16344,1A,1200.0
16347,SL,400.0
16347,3A,640.0
16347,2A,800.0
16347,1A,1200.0
16348,SL,400.0
16348,3A,640.0
16348,2A,800.0
16348,1A,1200.0
16349,SL,400.0
16349,3A,640.0
16349,2A,800.0
16349,1A,1200.0
16350,SL,400.0
16350,3A,640.0
16350,2A,800.0
16350,1A,1200.0
16381,SL,400.0
16381,3A,640.0
16381,2A,800.0
16381,1A,1200.0
16382,SL,400.0
16382,3A,640.0
16382,2A,800.0
16382,1A,1200.0
16517,SL,400.0
16517,3A,640.0
16517,2A,800.0
16517,1A,1200.0
16527,SL,400.0
16527,3A,640.0
16527,2A,800.0
16527,1A,1200.0
16529,SL,400.0
16529,3A,640.0
16529,2A,800.0
16529,1A,1200.0
16530,SL,400.0
16530,3A,640.0
16530,2A,800.0
16530,1A,1200.0
16532,SL,400.0
16532,3A,640.0
16532,2A,800.0
16532,1A,1200.0
16560,SL,400.0
16560,3A,640.0
16560,2A,800.0
16560,1A,1200.0
58402,SL,400.0
58402,3A,640.0
58402,2A,800.0
58402,1A,1200.0
14511,SL,400.0
14511,3A,640.0
14511,2A,800.0
14511,1A,1200.0
16345,SL,400.0
16345,3A,640.0
16345,2A,800.0
16345,1A,1200.0
16346,SL,400.0
16346,3A,640.0
16346,2A,800.0
16346,1A,1200.0
16351,SL,400.0
16351,3A,640.0
16351,2A,800.0
16351,1A,1200.0
16360,SL,400.0
16360,3A,640.0
16360,2A,800.0
16360,1A,1200.0
16501,SL,400.0
16501,3A,640.0
16501,2A,800.0
16501,1A,1200.0
16502,SL,400.0
16502,3A,640.0
16502,2A,800.0
16502,1A,1200.0
16505,SL,400.0
16505,3A,640.0
16505,2A,800.0
16505,1A,1200.0
16506,SL,400.0
16506,3A,640.0
16506,2A,800.0
16506,1A,1200.0
16508,SL,400.0
16508,3A,640.0
16508,2A,800.0
16508,1A,1200.0
16516,SL,400.0
16516,3A,640.0
16516,2A,800.0
16516,1A,1200.0
16518,SL,400.0
16518,3A,640.0
16518,2A,800.0
16518,1A,1200.0
16520,SL,400.0
16520,3A,640.0
16520,2A,800.0
16520,1A,1200.0
16521,SL,400.0
16521,3A,640.0
16521,2A,800.0
16521,1A,1200.0
16522,SL,400.0
16522,3A,640.0
16522,2A,800.0
16522,1A,1200.0
16525,SL,400.0
16525,3A,640.0
16525,2A,800.0
16525,1A,1200.0
16528,SL,400.0
16528,3A,640.0
16528,2A,800.0
16528,1A,1200.0
16531,SL,400.0
16531,3A,640.0
16531,2A,800.0
16531,1A,1200.0
16533,SL,400.0
16533,3A,640.0
16533,2A,800.0
16533,1A,1200.0
16534,SL,400.0
16534,3A,640.0
16534,2A,800.0
16534,1A,1200.0
16535,SL,400.0
16535,3A,640.0
16535,2A,800.0
16535,1A,1200.0
16536,SL,400.0
16536,3A,640.0
16536,2A,800.0
16536,1A,1200.0
16537,SL,400.0
16537,3A,640.0
16537,2A,800.0
16537,1A,1200.0
16538,SL,400.0
16538,3A,640.0
16538,2A,800.0
16538,1A,1200.0
16557,SL,400.0
16557,3A,640.0
16557,2A,800.0
16557,1A,1200.0
16559,SL,400.0
16559,3A,640.0
16559,2A,800.0
16559,1A,1200.0
16589,SL,400.0
16589,3A,640.0
16589,2A,800.0
16589,1A,1200.0
16590,SL,400.0
16590,3A,640.0
16590,2A,800.0
16590,1A,1200.0
16591,SL,400.0
16591,3A,640.0
16591,2A,800.0
16591,1A,1200.0
16592,SL,400.0
16592,3A,640.0
16592,2A,800.0
16592,1A,1200.0
16593,SL,400.0
16593,3A,640.0
16593,2A,800.0
16593,1A,1200.0
16594,SL,400.0
16594,3A,640.0
16594,2A,800.0
16594,1A,1200.0
16605,SL,400.0
16605,3A,640.0
16605,2A,800.0
16605,1A,1200.0
16606,SL,400.0
16606,3A,640.0
16606,2A,800.0
16606,1A,1200.0
16609,SL,400.0
16609,3A,640.0
16609,2A,800.0
16609,1A,1200.0
16610,SL,400.0
16610,3A,640.0
16610,2A,800.0
16610,1A,1200.0
16612,SL,400.0
16612,3A,640.0
16612,2A,800.0
16612,1A,1200.0
16687,SL,400.0
16687,3A,640.0
16687,2A,800.0
16687,1A,1200.0
16688,SL,400.0
16688,3A,640.0
16688,2A,800.0
16688,1A,1200.0
16688-Slip,SL,400.0
16688-Slip,3A,640.0
16688-Slip,2A,800.0
16688-Slip,1A,1200.0
16702,SL,400.0
16702,3A,640.0
16702,2A,800.0
16702,1A,1200.0
16713,SL,400.0
16713,3A,640.0
16713,2A,800.0
16713,1A,1200.0
16714,SL,400.0
16714,3A,640.0
16714,2A,800.0
16714,1A,1200.0
16731,SL,400.0
16731,3A,640.0
16731,2A,800.0
16731,1A,1200.0
16735,SL,400.0
16735,3A,640.0
16735,2A,800.0
16735,1A,1200.0
16853,SL,400.0
16853,3A,640.0
16853,2A,800.0
16853,1A,1200.0
17001,SL,400.0
17001,3A,640.0
17001,2A,800.0
17001,1A,1200.0
17015,SL,400.0
17015,3A,640.0
17015,2A,800.0
17015,1A,1200.0
63151,SL,400.0
63151,3A,640.0
63151,2A,800.0
63151,1A,1200.0
15653,SL,400.0
15653,3A,640.0
15653,2A,800.0
15653,1A,1200.0
16603,SL,400.0
16603,3A,640.0
16603,2A,800.0
16603,1A,1200.0
16604,SL,400.0
16604,3A,640.0
16604,2A,800.0
16604,1A,1200.0
16611,SL,400.0
16611,3A,640.0
16611,2A,800.0
16611,1A,1200.0
16613,SL,400.0
16613,3A,640.0
16613,2A,800.0
16613,1A,1200.0
16614,SL,400.0
16614,3A,640.0
16614,2A,800.0
16614,1A,1200.0
16628,SL,400.0
16628,3A,640.0
16628,2A,800.0
16628,1A,1200.0
16629,SL,400.0
16629,3A,640.0
16629,2A,800.0
16629,1A,1200.0
16630,SL,400.0
16630,3A,640.0
16630,2A,800.0
16630,1A,1200.0
16649,SL,400.0
16649,3A,640.0
16649,2A,800.0
16649,1A,1200.0
16650,SL,400.0
16650,3A,640.0
16650,2A,800.0
16650,1A,1200.0
16669,SL,400.0
16669,3A,640.0
16669,2A,800.0
16669,1A,1200.0
16670,SL,400.0
16670,3A,640.0
16670,2A,800.0
16670,1A,1200.0
16724,SL,400.0
16724,3A,640.0
16724,2A,800.0
16724,1A,1200.0
16732,SL,400.0
16732,3A,640.0
16732,2A,800.0
16732,1A,1200.0
16733,SL,400.0
16733,3A,640.0
16733,2A,800.0
16733,1A,1200.0
16734,SL,400.0
16734,3A,640.0
16734,2A,800.0
16734,1A,1200.0
16736,SL,400.0
16736,3A,640.0
16736,2A,800.0
16736,1A,1200.0
16779,SL,400.0
16779,3A,640.0
16779,2A,800.0
16779,1A,1200.0
16780,SL,400.0
16780,3A,640.0
16780,2A,800.0
16780,1A,1200.0
16787,SL,400.0
16787,3A,640.0
16787,2A,800.0
16787,1A,1200.0
16788,SL,400.0
16788,3A,640.0
16788,2A,800.0
16788,1A,1200.0
16854,SL,400.0
16854,3A,640.0
16854,2A,800.0
16854,1A,1200.0
16861,SL,400.0
16861,3A,640.0
16861,2A,800.0
16861,1A,1200.0
16862,SL,400.0
16862,3A,640.0
16862,2A,800.0
16862,1A,1200.0
16865,SL,400.0
16865,3A,640.0
16865,2A,800.0
16865,1A,1200.0
16866,SL,400.0
16866,3A,640.0
16866,2A,800.0
16866,1A,1200.0
17003,SL,400.0
17003,3A,640.0
17003,2A,800.0
17003,1A,1200.0
17004,SL,400.0
17004,3A,640.0
17004,2A,800.0
17004,1A,1200.0
17005,SL,400.0
17005,3A,640.0
17005,2A,800.0
17005,1A,1200.0
17006,SL,400.0
17006,3A,640.0
17006,2A,800.0
17006,1A,1200.0
17013,SL,400.0
17013,3A,640.0
17013,2A,800.0
17013,1A,1200.0
17014,SL,400.0
17014,3A,640.0
17014,2A,800.0
17014,1A,1200.0
17032,SL,400.0
17032,3A,640.0
17032,2A,800.0
17032,1A,1200.0
17037,SL,400.0
17037,3A,640.0
17037,2A,800.0
17037,1A,1200.0
17057-Slip,SL,400.0
17057-Slip,3A,640.0
17057-Slip,2A,800.0
17057-Slip,1A,1200.0
17203,SL,400.0
17203,3A,640.0
17203,2A,800.0
17203,1A,1200.0
17204,SL,400.0
17204,3A,640.0
17204,2A,800.0
17204,1A,1200.0
17205,SL,400.0
17205,3A,640.0
17205,2A,800.0
17205,1A,1200.0
17206,SL,400.0
17206,3A,640.0
17206,2A,800.0
17206,1A,1200.0
17209,SL,400.0
17209,3A,640.0
17209,2A,800.0
17209,1A,1200.0
17210,SL,400.0
17210,3A,640.0
17210,2A,800.0
17210,1A,1200.0
17212,SL,400.0
17212,3A,640.0
17212,2A,800.0
17212,1A,1200.0
17213,SL,400.0
17213,3A,640.0
17213,2A,800.0
17213,1A,1200.0
17229,SL,400.0
17229,3A,640.0
17229,2A,800.0
17229,1A,1200.0
17230,SL,400.0
17230,3A,640.0
17230,2A,800.0
17230,1A,1200.0
17304,SL,400.0
17304,3A,640.0
17304,2A,800.0
17304,1A,1200.0
17307,SL,400.0
17307,3A,640.0
17307,2A,800.0
17307,1A,1200.0
17309,SL,400.0
17309,3A,640.0
17309,2A,800.0
17309,1A,1200.0
12073,SL,400.0
12073,3A,640.0
12073,2A,800.0
12073,1A,1200.0
14209,SL,400.0
14209,3A,640.0
14209,2A,800.0
14209,1A,1200.0
15227,SL,400.0
15227,3A,640.0
15227,2A,800.0
15227,1A,1200.0
16042,SL,400.0
16042,3A,640.0
16042,2A,800.0
16042,1A,1200.0
16307,SL,400.0
16307,3A,640.0
16307,2A,800.0
16307,1A,1200.0
17017,SL,400.0
17017,3A,640.0
17017,2A,800.0
17017,1A,1200.0
17035,SL,400.0
17035,3A,640.0
17035,2A,800.0
17035,1A,1200.0
17036,SL,400.0
17036,3A,640.0
17036,2A,800.0
17036,1A,1200.0
17049,SL,400.0
17049,3A,640.0
17049,2A,800.0
17049,1A,1200.0
17050,SL,400.0
17050,3A,640.0
17050,2A,800.0
17050,1A,1200.0
17057,SL,400.0
17057,3A,640.0
17057,2A,800.0
17057,1A,1200.0
17058,SL,400.0
17058,3A,640.0
17058,2A,800.0
17058,1A,1200.0
17063,SL,400.0
17063,3A,640.0
17063,2A,800.0
17063,1A,1200.0
17064,SL,400.0
17064,3A,640.0
17064,2A,800.0
17064,1A,1200.0
17201,SL,400.0
17201,3A,640.0
17201,2A,800.0
17201,1A,1200.0
17202,SL,400.0
17202,3A,640.0
17202,2A,800.0
17202,1A,1200.0
17207,SL,400.0
17207,3A,640.0
17207,2A,800.0
17207,1A,1200.0
17208,SL,400.0
17208,3A,640.0
17208,2A,800.0
17208,1A,1200.0
17211,SL,400.0
17211,3A,640.0
17211,2A,800.0
17211,1A,1200.0
17214,SL,400.0
17214,3A,640.0
17214,2A,800.0
17214,1A,1200.0
17225,SL,400.0
17225,3A,640.0
17225,2A,800.0
17225,1A,1200.0
17226,SL,400.0
17226,3A,640.0
17226,2A,800.0
17226,1A,1200.0
17226-Slip,SL,400.0
17226-Slip,3A,640.0
17226-Slip,2A,800.0
17226-Slip,1A,1200.0
17233,SL,400.0
17233,3A,640.0
17233,2A,800.0
17233,1A,1200.0
17234,SL,400.0
17234,3A,640.0
17234,2A,800.0
17234,1A,1200.0
17239,SL,400.0
17239,3A,640.0
17239,2A,800.0
17239,1A,1200.0
17240,SL,400.0
17240,3A,640.0
17240,2A,800.0
17240,1A,1200.0
17241,SL,400.0
17241,3A,640.0
17241,2A,800.0
17241,1A,1200.0
17255,SL,400.0
17255,3A,640.0
17255,2A,800.0
17255,1A,1200.0
17256,SL,400.0
17256,3A,640.0
17256,2A,800.0
17256,1A,1200.0
17301,SL,400.0
17301,3A,640.0
17301,2A,800.0
17301,1A,1200.0
17302,SL,400.0
17302,3A,640.0
17302,2A,800.0
17302,1A,1200.0
17303,SL,400.0
17303,3A,640.0
17303,2A,800.0
17303,1A,1200.0
17305,SL,400.0
17305,3A,640.0
17305,2A,800.0
17305,1A,1200.0
17308,SL,400.0
17308,3A,640.0
17308,2A,800.0
17308,1A,1200.0
17312,SL,400.0
17312,3A,640.0
17312,2A,800.0
17312,1A,1200.0
17313,SL,400.0
17313,3A,640.0
17313,2A,800.0
17313,1A,1200.0
17314,SL,400.0
17314,3A,640.0
17314,2A,800.0
17314,1A,1200.0
17315,SL,400.0
17315,3A,640.0
17315,2A,800.0
17315,1A,1200.0
17316,SL,400.0
17316,3A,640.0
17316,2A,800.0
17316,1A,1200.0
17403,SL,400.0
17403,3A,640.0
17403,2A,800.0
17403,1A,1200.0
17479-Slip,SL,400.0
17479-Slip,3A,640.0
17479-Slip,2A,800.0
17479-Slip,1A,1200.0
17480,SL,400.0
17480,3A,640.0
17480,2A,800.0
17480,1A,1200.0
17610,SL,400.0
17610,3A,640.0
17610,2A,800.0
17610,1A,1200.0
17643,SL,400.0
17643,3A,640.0
17643,2A,800.0
17643,1A,1200.0
17644,SL,400.0
17644,3A,640.0
17644,2A,800.0
17644,1A,1200.0
18002,SL,400.0
18002,3A,640.0
18002,2A,800.0
18002,1A,1200.0
18207,SL,400.0
18207,3A,640.0
18207,2A,800.0
18207,1A,1200.0
56261,SL,400.0
56261,3A,640.0
56261,2A,800.0
56261,1A,1200.0
12175,SL,400.0
12175,3A,640.0
12175,2A,800.0
12175,1A,1200.0
12574,SL,400.0
12574,3A,640.0
12574,2A,800.0
12574,1A,1200.0
12713,SL,400.0
12713,3A,640.0
12713,2A,800.0
12713,1A,1200.0
17401,SL,400.0
17401,3A,640.0
17401,2A,800.0
17401,1A,1200.0
17402,SL,400.0
17402,3A,640.0
17402,2A,800.0
17402,1A,1200.0
17404,SL,400.0
17404,3A,640.0
17404,2A,800.0
17404,1A,1200.0
17405,SL,400.0
17405,3A,640.0
17405,2A,800.0
17405,1A,1200.0
17406,SL,400.0
17406,3A,640.0
17406,2A,800.0
17406,1A,1200.0
17415,SL,400.0
17415,3A,640.0
17415,2A,800.0
17415,1A,1200.0
17416,SL,400.0
17416,3A,640.0
17416,2A,800.0
17416,1A,1200.0
17429,SL,400.0
17429,3A,640.0
17429,2A,800.0
17429,1A,1200.0
17430,SL,400.0
17430,3A,640.0
17430,2A,800.0
17430,1A,1200.0
17479,SL,400.0
17479,3A,640.0
17479,2A,800.0
17479,1A,1200.0
17481,SL,400.0
17481,3A,640.0
17481,2A,800.0
17481,1A,1200.0
17482,SL,400.0
17482,3A,640.0
17482,2A,800.0
17482,1A,1200.0
17487,SL,400.0
17487,3A,640.0
17487,2A,800.0
17487,1A,1200.0
17603,SL,400.0
17603,3A,640.0
17603,2A,800.0
17603,1A,1200.0
17607,SL,400.0
17607,3A,640.0
17607,2A,800.0
17607,1A,1200.0
17608,SL,400.0
17608,3A,640.0
17608,2A,800.0
17608,1A,1200.0
17613,SL,400.0
17613,3A,640.0
17613,2A,800.0
17613,1A,1200.0
17614,SL,400.0
17614,3A,640.0
17614,2A,800.0
17614,1A,1200.0
17617,SL,400.0
17617,3A,640.0
17617,2A,800.0
17617,1A,1200.0
17618,SL,400.0
17618,3A,640.0
17618,2A,800.0
17618,1A,1200.0
17687,SL,400.0
17687,3A,640.0
17687,2A,800.0
17687,1A,1200.0
17688,SL,400.0
17688,3A,640.0
17688,2A,800.0
17688,1A,1200.0
18003,SL,400.0
18003,3A,640.0
18003,2A,800.0
18003,1A,1200.0
18004,SL,400.0
18004,3A,640.0
18004,2A,800.0
18004,1A,1200.0
18007,SL,400.0
18007,3A,640.0
18007,2A,800.0
18007,1A,1200.0
18008,SL,400.0
18008,3A,640.0
18008,2A,800.0
18008,1A,1200.0
18048,SL,400.0
18048,3A,640.0
18048,2A,800.0
18048,1A,1200.0
18102,SL,400.0
18102,3A,640.0
18102,2A,800.0
18102,1A,1200.0
18105,SL,400.0
18105,3A,640.0
18105,2A,800.0
18105,1A,1200.0
18106,SL,400.0
18106,3A,640.0
18106,2A,800.0
18106,1A,1200.0
18108,SL,400.0
18108,3A,640.0
18108,2A,800.0
18108,1A,1200.0
18190,SL,400.0
18190,3A,640.0
18190,2A,800.0
18190,1A,1200.0
18191,SL,400.0
18191,3A,640.0
18191,2A,800.0
18191,1A,1200.0
18192,SL,400.0
18192,3A,640.0
18192,2A,800.0
18192,1A,1200.0
18201,SL,400.0
18201,3A,640.0
18201,2A,800.0
18201,1A,1200.0
18205,SL,400.0
18205,3A,640.0
18205,2A,800.0
18205,1A,1200.0
18208,SL,400.0
18208,3A,640.0
18208,2A,800.0
18208,1A,1200.0
18209,SL,400.0
18209,3A,640.0
18209,2A,800.0
18209,1A,1200.0
18236,SL,400.0
18236,3A,640.0
18236,2A,800.0
18236,1A,1200.0
18239,SL,400.0
18239,3A,640.0
18239,2A,800.0
18239,1A,1200.0
18240,SL,400.0
18240,3A,640.0
18240,2A,800.0
18240,1A,1200.0
18241,SL,400.0
18241,3A,640.0
18241,2A,800.0
18241,1A,1200.0
18241-Slip,SL,400.0
18241-Slip,3A,640.0
18241-Slip,2A,800.0
18241-Slip,1A,1200.0
18301,SL,400.0
18301,3A,640.0
18301,2A,800.0
18301,1A,1200.0
52179,SL,400.0
52179,3A,640.0
52179,2A,800.0
52179,1A,1200.0
56014,SL,400.0
56014,3A,640.0
56014,2A,800.0
56014,1A,1200.0
12380,SL,400.0
12380,3A,640.0
12380,2A,800.0
12380,1A,1200.0
12663,SL,400.0
12663,3A,640.0
12663,2A,800.0
12663,1A,1200.0
14260,SL,400.0
14260,3A,640.0
14260,2A,800.0
14260,1A,1200.0
15901,SL,400.0
15901,3A,640.0
15901,2A,800.0
15901,1A,1200.0
16312,SL,400.0
16312,3A,640.0
16312,2A,800.0
16312,1A,1200.0
16515,SL,400.0
16515,3A,640.0
16515,2A,800.0
16515,1A,1200.0
17038,SL,400.0
17038,3A,640.0
17038,2A,800.0
17038,1A,1200.0
17310,SL,400.0
17310,3A,640.0
17310,2A,800.0
17310,1A,1200.0
17609,SL,400.0
17609,3A,640.0
17609,2A,800.0
17609,1A,1200.0
18029,SL,400.0
18029,3A,640.0
18029,2A,800.0
18029,1A,1200.0
18048-Slip,SL,400.0
18048-Slip,3A,640.0
18048-Slip,2A,800.0
18048-Slip,1A,1200.0
18101,SL,400.0
18101,3A,640.0
18101,2A,800.0
18101,1A,1200.0
18102-Slip,SL,400.0
18102-Slip,3A,640.0
18102-Slip,2A,800.0
18102-Slip,1A,1200.0
18103,SL,400.0
18103,3A,640.0
18103,2A,800.0
18103,1A,1200.0
18181,SL,400.0
18181,3A,640.0
18181,2A,800.0
18181,1A,1200.0
18181-Slip,SL,400.0
18181-Slip,3A,640.0
18181-Slip,2A,800.0
18181-Slip,1A,1200.0
18182,SL,400.0
18182,3A,640.0
18182,2A,800.0
18182,1A,1200.0
18183,SL,400.0
18183,3A,640.0
18183,2A,800.0
18183,1A,1200.0
18184,SL,400.0
18184,3A,640.0
18184,2A,800.0
18184,1A,1200.0
18189,SL,400.0
18189,3A,640.0
18189,2A,800.0
18189,1A,1200.0
18202,SL,400.0
18202,3A,640.0
18202,2A,800.0
18202,1A,1200.0
18203,SL,400.0
18203,3A,640.0
18203,2A,800.0
18203,1A,1200.0
18204,SL,400.0
18204,3A,640.0
18204,2A,800.0
18204,1A,1200.0
18206,SL,400.0
18206,3A,640.0
18206,2A,800.0
18206,1A,1200.0
18233,SL,400.0
18233,3A,640.0
18233,2A,800.0
18233,1A,1200.0
18234,SL,400.0
18234,3A,640.0
18234,2A,800.0
18234,1A,1200.0
18237,SL,400.0
18237,3A,640.0
18237,2A,800.0
18237,1A,1200.0
18238,SL,400.0
18238,3A,640.0
18238,2A,800.0
18238,1A,1200.0
18238-Slip,SL,400.0
18238-Slip,3A,640.0
18238-Slip,2A,800.0
18238-Slip,1A,1200.0
18242,SL,400.0
18242,3A,640.0
18242,2A,800.0
18242,1A,1200.0
18302-Slip,SL,400.0
18302-Slip,3A,640.0
18302-Slip,2A,800.0
18302-Slip,1A,1200.0
18401,SL,400.0
18401,3A,640.0
18401,2A,800.0
18401,1A,1200.0
18410,SL,400.0
18410,3A,640.0
18410,2A,800.0
18410,1A,1200.0
18417,SL,400.0
18417,3A,640.0
18417,2A,800.0
18417,1A,1200.0
18418,SL,400.0
18418,3A,640.0
18418,2A,800.0
18418,1A,1200.0
18447,SL,400.0
18447,3A,640.0
18447,2A,800.0
18447,1A,1200.0
18447-Slip,SL,400.0
18447-Slip,3A,640.0
18447-Slip,2A,800.0
18447-Slip,1A,1200.0
18448,SL,400.0
18448,3A,640.0
18448,2A,800.0
18448,1A,1200.0
18449,SL,400.0
18449,3A,640.0
18449,2A,800.0
18449,1A,1200.0
18450,SL,400.0
18450,3A,640.0
18450,2A,800.0
18450,1A,1200.0
18452,SL,400.0
18452,3A,640.0
18452,2A,800.0
18452,1A,1200.0
18463,SL,400.0
18463,3A,640.0
18463,2A,800.0
18463,1A,1200.0
18464,SL,400.0
18464,3A,640.0
18464,2A,800.0
18464,1A,1200.0
18495,SL,400.0
18495,3A,640.0
18495,2A,800.0
18495,1A,1200.0
18496,SL,400.0
18496,3A,640.0
18496,2A,800.0
18496,1A,1200.0
18602,SL,400.0
18602,3A,640.0
18602,2A,800.0
18602,1A,1200.0
18604,SL,400.0
18604,3A,640.0
18604,2A,800.0
18604,1A,1200.0
18605,SL,400.0
18605,3A,640.0
18605,2A,800.0
18605,1A,1200.0
12610,SL,400.0
12610,3A,640.0
12610,2A,800.0
12610,1A,1200.0
13303,SL,400.0
13303,3A,640.0
13303,2A,800.0
13303,1A,1200.0
16526,SL,400.0
16526,3A,640.0
16526,2A,800.0
16526,1A,1200.0
18210,SL,400.0
18210,3A,640.0
18210,2A,800.0
18210,1A,1200.0
18309,SL,400.0
18309,3A,640.0
18309,2A,800.0
18309,1A,1200.0
18402,SL,400.0
18402,3A,640.0
18402,2A,800.0
18402,1A,1200.0
18405,SL,400.0
18405,3A,640.0
18405,2A,800.0
18405,1A,1200.0
18406,SL,400.0
18406,3A,640.0
18406,2A,800.0
18406,1A,1200.0
18413,SL,400.0
18413,3A,640.0
18413,2A,800.0
18413,1A,1200.0
18414,SL,400.0
18414,3A,640.0
18414,2A,800.0
18414,1A,1200.0
18415,SL,400.0
18415,3A,640.0
18415,2A,800.0
18415,1A,1200.0
18416,SL,400.0
18416,3A,640.0
18416,2A,800.0
18416,1A,1200.0
18419,SL,400.0
18419,3A,640.0
18419,2A,800.0
18419,1A,1200.0
18420,SL,400.0
18420,3A,640.0
18420,2A,800.0
18420,1A,1200.0
18425,SL,400.0
18425,3A,640.0
18425,2A,800.0
18425,1A,1200.0
18426,SL,400.0
18426,3A,640.0
18426,2A,800.0
18426,1A,1200.0
18452-Slip,SL,400.0
18452-Slip,3A,640.0
18452-Slip,2A,800.0
18452-Slip,1A,1200.0
18473,SL,400.0
18473,3A,640.0
18473,2A,800.0
18473,1A,1200.0
18477,SL,400.0
18477,3A,640.0
18477,2A,800.0
18477,1A,1200.0
18478,SL,400.0
18478,3A,640.0
18478,2A,800.0
18478,1A,1200.0
18507,SL,400.0
18507,3A,640.0
18507,2A,800.0
18507,1A,1200.0
18509,SL,400.0
18509,3A,640.0
18509,2A,800.0
18509,1A,1200.0
18510,SL,400.0
18510,3A,640.0
18510,2A,800.0
18510,1A,1200.0
18517,SL,400.0
18517,3A,640.0
18517,2A,800.0
18517,1A,1200.0
18518,SL,400.0
18518,3A,640.0
18518,2A,800.0
18518,1A,1200.0
18601,SL,400.0
18601,3A,640.0
18601,2A,800.0
18601,1A,1200.0
18603,SL,400.0
18603,3A,640.0
18603,2A,800.0
18603,1A,1200.0
18606,SL,400.0
18606,3A,640.0
18606,2A,800.0
18606,1A,1200.0
18617,SL,400.0
18617,3A,640.0
18617,2A,800.0
18617,1A,1200.0
18621,SL,400.0
18621,3A,640.0
18621,2A,800.0
18621,1A,1200.0
18624,SL,400.0
18624,3A,640.0
18624,2A,800.0
18624,1A,1200.0
18625,SL,400.0
18625,3A,640.0
18625,2A,800.0
18625,1A,1200.0
18626,SL,400.0
18626,3A,640.0
18626,2A,800.0
18626,1A,1200.0
18627,SL,400.0
18627,3A,640.0
18627,2A,800.0
18627,1A,1200.0
18628,SL,400.0
18628,3A,640.0
18628,2A,800.0
18628,1A,1200.0
18646,SL,400.0
18646,3A,640.0
18646,2A,800.0
18646,1A,1200.0
19005,SL,400.0
19005,3A,640.0
19005,2A,800.0
19005,1A,1200.0
19005-Slip,SL,400.0
19005-Slip,3A,640.0
19005-Slip,2A,800.0
19005-Slip,1A,1200.0
19006,SL,400.0
19006,3A,640.0
19006,2A,800.0
19006,1A,1200.0
19017,SL,400.0
19017,3A,640.0
19017,2A,800.0
19017,1A,1200.0
19039,SL,400.0
19039,3A,640.0
19039,2A,800.0
19039,1A,1200.0
19040,SL,400.0
19040,3A,640.0
19040,2A,800.0
19040,1A,1200.0
19049,SL,400.0
19049,3A,640.0
19049,2A,800.0
19049,1A,1200.0
19050,SL,400.0
19050,3A,640.0
19050,2A,800.0
19050,1A,1200.0
19051,SL,400.0
19051,3A,640.0
19051,2A,800.0
19051,1A,1200.0
19052,SL,400.0
19052,3A,640.0
19052,2A,800.0
19052,1A,1200.0
19053,SL,400.0
19053,3A,640.0
19053,2A,800.0
19053,1A,1200.0
19054,SL,400.0
19054,3A,640.0
19054,2A,800.0
19054,1A,1200.0
56523,SL,400.0
56523,3A,640.0
56523,2A,800.0
56523,1A,1200.0
12904,SL,400.0
12904,3A,640.0
12904,2A,800.0
12904,1A,1200.0
13006,SL,400.0
13006,3A,640.0
13006,2A,800.0
13006,1A,1200.0
18609,SL,400.0
18609,3A,640.0
18609,2A,800.0
18609,1A,1200.0
18610,SL,400.0
18610,3A,640.0
18610,2A,800.0
18610,1A,1200.0
18611,SL,400.0
18611,3A,640.0
18611,2A,800.0
18611,1A,1200.0
18613,SL,400.0
18613,3A,640.0
18613,2A,800.0
18613,1A,1200.0
18614,SL,400.0
18614,3A,640.0
18614,2A,800.0
18614,1A,1200.0
18615,SL,400.0
18615,3A,640.0
18615,2A,800.0
18615,1A,1200.0
18622,SL,400.0
18622,3A,640.0
18622,2A,800.0
18622,1A,1200.0
18623,SL,400.0
18623,3A,640.0
18623,2A,800.0
18623,1A,1200.0
18623-Slip,SL,400.0
18623-Slip,3A,640.0
18623-Slip,2A,800.0
18623-Slip,1A,1200.0
18631,SL,400.0
18631,3A,640.0
18631,2A,800.0
18631,1A,1200.0
18632,SL,400.0
18632,3A,640.0
18632,2A,800.0
18632,1A,1200.0
19011,SL,400.0
19011,3A,640.0
19011,2A,800.0
19011,1A,1200.0
19012,SL,400.0
19012,3A,640.0
19012,2A,800.0
19012,1A,1200.0
19018,SL,400.0
19018,3A,640.0
19018,2A,800.0
19018,1A,1200.0
19019,SL,400.0
19019,3A,640.0
19019,2A,800.0
19019,1A,1200.0
19020,SL,400.0
19020,3A,640.0
19020,2A,800.0
19020,1A,1200.0
19023,SL,400.0
19023,3A,640.0
19023,2A,800.0
19023,1A,1200.0
19024,SL,400.0
19024,3A,640.0
19024,2A,800.0
19024,1A,1200.0
19025-Slip,SL,400.0
19025-Slip,3A,640.0
19025-Slip,2A,800.0
19025-Slip,1A,1200.0
19026,SL,400.0
19026,3A,640.0
19026,2A,800.0
19026,1A,1200.0
19037,SL,400.0
19037,3A,640.0
19037,2A,800.0
19037,1A,1200.0
19038,SL,400.0
19038,3A,640.0
19038,2A,800.0
19038,1A,1200.0
19048,SL,400.0
19048,3A,640.0
19048,2A,800.0
19048,1A,1200.0
19059,SL,400.0
19059,3A,640.0
19059,2A,800.0
19059,1A,1200.0
19060,SL,400.0
19060,3A,640.0
19060,2A,800.0
19060,1A,1200.0
19113,SL,400.0
19113,3A,640.0
19113,2A,800.0
19113,1A,1200.0
19114,SL,400.0
19114,3A,640.0
19114,2A,800.0
19114,1A,1200.0
19116,SL,400.0
19116,3A,640.0
19116,2A,800.0
19116,1A,1200.0
19132,SL,400.0
19132,3A,640.0
19132,2A,800.0
19132,1A,1200.0
19151,SL,400.0
19151,3A,640.0
19151,2A,800.0
19151,1A,1200.0
19152,SL,400.0
19152,3A,640.0
19152,2A,800.0
19152,1A,1200.0
19215,SL,400.0
19215,3A,640.0
19215,2A,800.0
19215,1A,1200.0
19216,SL,400.0
19216,3A,640.0
19216,2A,800.0
19216,1A,1200.0
19223,SL,400.0
19223,3A,640.0
19223,2A,800.0
19223,1A,1200.0
19224,SL,400.0
19224,3A,640.0
19224,2A,800.0
19224,1A,1200.0
19225,SL,400.0
19225,3A,640.0
19225,2A,800.0
19225,1A,1200.0
19226,SL,400.0
19226,3A,640.0
19226,2A,800.0
19226,1A,1200.0
19259,SL,400.0
19259,3A,640.0
19259,2A,800.0
19259,1A,1200.0
19260,SL,400.0
19260,3A,640.0
19260,2A,800.0
19260,1A,1200.0
19263,SL,400.0
19263,3A,640.0
19263,2A,800.0
19263,1A,1200.0
19264,SL,400.0
19264,3A,640.0
19264,2A,800.0
19264,1A,1200.0
19269,SL,400.0
19269,3A,640.0
19269,2A,800.0
19269,1A,1200.0
19270,SL,400.0
19270,3A,640.0
19270,2A,800.0
19270,1A,1200.0
19305,SL,400.0
19305,3A,640.0
19305,2A,800.0
19305,1A,1200.0
19309,SL,400.0
19309,3A,640.0
19309,2A,800.0
19309,1A,1200.0
19310,SL,400.0
19310,3A,640.0
19310,2A,800.0
19310,1A,1200.0
19313,SL,400.0
19313,3A,640.0
19313,2A,800.0
19313,1A,1200.0
14604,SL,400.0
14604,3A,640.0
14604,2A,800.0
14604,1A,1200.0
15708,SL,400.0
15708,3A,640.0
15708,2A,800.0
15708,1A,1200.0
18451,SL,400.0
18451,3A,640.0
18451,2A,800.0
18451,1A,1200.0
19105,SL,400.0
19105,3A,640.0
19105,2A,800.0
19105,1A,1200.0
19107,SL,400.0
19107,3A,640.0
19107,2A,800.0
19107,1A,1200.0
19108,SL,400.0
19108,3A,640.0
19108,2A,800.0
19108,1A,1200.0
19109,SL,400.0
19109,3A,640.0
19109,2A,800.0
19109,1A,1200.0
19110,SL,400.0
19110,3A,640.0
19110,2A,800.0
19110,1A,1200.0
19119,SL,400.0
19119,3A,640.0
19119,2A,800.0
19119,1A,1200.0
19120,SL,400.0
19120,3A,640.0
19120,2A,800.0
19120,1A,1200.0
19129,SL,400.0
19129,3A,640.0
19129,2A,800.0
19129,1A,1200.0
19130,SL,400.0
19130,3A,640.0
19130,2A,800.0
19130,1A,1200.0
19143,SL,400.0
19143,3A,640.0
19143,2A,800.0
19143,1A,1200.0
19144,SL,400.0
19144,3A,640.0
19144,2A,800.0
19144,1A,1200.0
19165,SL,400.0
19165,3A,640.0
19165,2A,800.0
19165,1A,1200.0
19166,SL,400.0
19166,3A,640.0
19166,2A,800.0
19166,1A,1200.0
19167,SL,400.0
19167,3A,640.0
19167,2A,800.0
19167,1A,1200.0
19168,SL,400.0
19168,3A,640.0
19168,2A,800.0
19168,1A,1200.0
19221,SL,400.0
19221,3A,640.0
19221,2A,800.0
19221,1A,1200.0
19222,SL,400.0
19222,3A,640.0
19222,2A,800.0
19222,1A,1200.0
19311,SL,400.0
19311,3A,640.0
19311,2A,800.0
19311,1A,1200.0
19312,SL,400.0
19312,3A,640.0
19312,2A,800.0
19312,1A,1200.0
19314,SL,400.0
19314,3A,640.0
19314,2A,800.0
19314,1A,1200.0
19322,SL,400.0
19322,3A,640.0
19322,2A,800.0
19322,1A,1200.0
19323,SL,400.0
19323,3A,640.0
19323,2A,800.0
19323,1A,1200.0
19565,SL,400.0
19565,3A,640.0
19565,2A,800.0
19565,1A,1200.0
19566,SL,400.0
19566,3A,640.0
19566,2A,800.0
19566,1A,1200.0
19571,SL,400.0
19571,3A,640.0
19571,2A,800.0
19571,1A,1200.0
19572,SL,400.0
19572,3A,640.0
19572,2A,800.0
19572,1A,1200.0
19601,SL,400.0
19601,3A,640.0
19601,2A,800.0
19601,1A,1200.0
19602,SL,400.0
19602,3A,640.0
19602,2A,800.0
19602,1A,1200.0
19603,SL,400.0
19603,3A,640.0
19603,2A,800.0
19603,1A,1200.0
19604,SL,400.0
19604,3A,640.0
19604,2A,800.0
19604,1A,1200.0
19657,SL,400.0
19657,3A,640.0
19657,2A,800.0
19657,1A,1200.0
19658,SL,400.0
19658,3A,640.0
19658,2A,800.0
19658,1A,1200.0
19707,SL,400.0
19707,3A,640.0
19707,2A,800.0
19707,1A,1200.0
19708,SL,400.0
19708,3A,640.0
19708,2A,800.0
19708,1A,1200.0
19709,SL,400.0
19709,3A,640.0
19709,2A,800.0
19709,1A,1200.0
19710,SL,400.0
19710,3A,640.0
19710,2A,800.0
19710,1A,1200.0
19711,SL,400.0
19711,3A,640.0
19711,2A,800.0
19711,1A,1200.0
19712,SL,400.0
19712,3A,640.0
19712,2A,800.0
19712,1A,1200.0
19735,SL,400.0
19735,3A,640.0
19735,2A,800.0
19735,1A,1200.0
19771,SL,400.0
19771,3A,640.0
19771,2A,800.0
19771,1A,1200.0
19781,SL,400.0
19781,3A,640.0
19781,2A,800.0
19781,1A,1200.0
19801,SL,400.0
19801,3A,640.0
19801,2A,800.0
19801,1A,1200.0
19802,SL,400.0
19802,3A,640.0
19802,2A,800.0
19802,1A,1200.0
19943,SL,400.0
19943,3A,640.0
19943,2A,800.0
19943,1A,1200.0
19944,SL,400.0
19944,3A,640.0
19944,2A,800.0
19944,1A,1200.0
22112,SL,400.0
22112,3A,640.0
22112,2A,800.0
22112,1A,1200.0
12946,SL,400.0
12946,3A,640.0
12946,2A,800.0
12946,1A,1200.0
18104,SL,400.0
18104,3A,640.0
18104,2A,800.0
18104,1A,1200.0
18302,SL,400.0
18302,3A,640.0
18302,2A,800.0
18302,1A,1200.0
18303,SL,400.0
18303,3A,640.0
18303,2A,800.0
18303,1A,1200.0
19324,SL,400.0
19324,3A,640.0
19324,2A,800.0
19324,1A,1200.0
19325,SL,400.0
19325,3A,640.0
19325,2A,800.0
19325,1A,1200.0
19326,SL,400.0
19326,3A,640.0
19326,2A,800.0
19326,1A,1200.0
19327,SL,400.0
19327,3A,640.0
19327,2A,800.0
19327,1A,1200.0
19328,SL,400.0
19328,3A,640.0
19328,2A,800.0
19328,1A,1200.0
19567,SL,400.0
19567,3A,640.0
19567,2A,800.0
19567,1A,1200.0
19568,SL,400.0
19568,3A,640.0
19568,2A,800.0
19568,1A,1200.0
19569,SL,400.0
19569,3A,640.0
19569,2A,800.0
19569,1A,1200.0
19570,SL,400.0
19570,3A,640.0
19570,2A,800.0
19570,1A,1200.0
19653,SL,400.0
19653,3A,640.0
19653,2A,800.0
19653,1A,1200.0
19654,SL,400.0
19654,3A,640.0
19654,2A,800.0
19654,1A,1200.0
19736,SL,400.0
19736,3A,640.0
19736,2A,800.0
19736,1A,1200.0
19772,SL,400.0
19772,3A,640.0
19772,2A,800.0
19772,1A,1200.0
19782,SL,400.0
19782,3A,640.0
19782,2A,800.0
19782,1A,1200.0
19911,SL,400.0
19911,3A,640.0
19911,2A,800.0
19911,1A,1200.0
19915,SL,400.0
19915,3A,640.0
19915,2A,800.0
19915,1A,1200.0
21028,SL,400.0
21028,3A,640.0
21028,2A,800.0
21028,1A,1200.0
21107,SL,400.0
21107,3A,640.0
21107,2A,800.0
21107,1A,1200.0
21108,SL,400.0
21108,3A,640.0
21108,2A,800.0
21108,1A,1200.0
21125,SL,400.0
21125,3A,640.0
21125,2A,800.0
21125,1A,1200.0
21126,SL,400.0
21126,3A,640.0
21126,2A,800.0
21126,1A,1200.0
22131,SL,400.0
22131,3A,640.0
22131,2A,800.0
22131,1A,1200.0
22132,SL,400.0
22132,3A,640.0
22132,2A,800.0
22132,1A,1200.0
22162,SL,400.0
22162,3A,640.0
22162,2A,800.0
22162,1A,1200.0
22410,SL,400.0
22410,3A,640.0
22410,2A,800.0
22410,1A,1200.0
22424,SL,400.0
22424,3A,640.0
22424,2A,800.0
22424,1A,1200.0
22463,SL,400.0
22463,3A,640.0
22463,2A,800.0
22463,1A,1200.0
22471,SL,400.0
22471,3A,640.0
22471,2A,800.0
22471,1A,1200.0
22472,SL,400.0
22472,3A,640.0
22472,2A,800.0
22472,1A,1200.0
22601,SL,400.0
22601,3A,640.0
22601,2A,800.0
22601,1A,1200.0
22608,SL,400.0
22608,3A,640.0
22608,2A,800.0
22608,1A,1200.0
22681,SL,400.0
22681,3A,640.0
22681,2A,800.0
22681,1A,1200.0
22682,SL,400.0
22682,3A,640.0
22682,2A,800.0
22682,1A,1200.0
22811,SL,400.0
22811,3A,640.0
22811,2A,800.0
22811,1A,1200.0
22812,SL,400.0
22812,3A,640.0
22812,2A,800.0
22812,1A,1200.0
22835,SL,400.0
22835,3A,640.0
22835,2A,800.0
22835,1A,1200.0
22836,SL,400.0
22836,3A,640.0
22836,2A,800.0
22836,1A,1200.0
22845,SL,400.0
22845,3A,640.0
22845,2A,800.0
22845,1A,1200.0
22846,SL,400.0
22846,3A,640.0
22846,2A,800.0
22846,1A,1200.0
22855,SL,400.0
22855,3A,640.0
22855,2A,800.0
22855,1A,1200.0
22856,SL,400.0
22856,3A,640.0
22856,2A,800.0
22856,1A,1200.0
22905,SL,400.0
22905,3A,640.0
22905,2A,800.0
22905,1A,1200.0
58126,SL,400.0
58126,3A,640.0
58126,2A,800.0
58126,1A,1200.0
18310,SL,400.0
18310,3A,640.0
18310,2A,800.0
18310,1A,1200.0
22403,SL,400.0
22403,3A,640.0
22403,2A,800.0
22403,1A,1200.0
22405,SL,400.0
22405,3A,640.0
22405,2A,800.0
22405,1A,1200.0
22407,SL,400.0
22407,3A,640.0
22407,2A,800.0
22407,1A,1200.0
22408,SL,400.0
22408,3A,640.0
22408,2A,800.0
22408,1A,1200.0
22409,SL,400.0
22409,3A,640.0
22409,2A,800.0
22409,1A,1200.0
22423,SL,400.0
22423,3A,640.0
22423,2A,800.0
22423,1A,1200.0
22447,SL,400.0
22447,3A,640.0
22447,2A,800.0
22447,1A,1200.0
22481,SL,400.0
22481,3A,640.0
22481,2A,800.0
22481,1A,1200.0
22482,SL,400.0
22482,3A,640.0
22482,2A,800.0
22482,1A,1200.0
22609,SL,400.0
22609,3A,640.0
22609,2A,800.0
22609,1A,1200.0
22610,SL,400.0
22610,3A,640.0
22610,2A,800.0
22610,1A,1200.0
22688,SL,400.0
22688,3A,640.0
22688,2A,800.0
22688,1A,1200.0
22815,SL,400.0
22815,3A,640.0
22815,2A,800.0
22815,1A,1200.0
22816,SL,400.0
22816,3A,640.0
22816,2A,800.0
22816,1A,1200.0
22853,SL,400.0
22853,3A,640.0
22853,2A,800.0
22853,1A,1200.0
22854,SL,400.0
22854,3A,640.0
22854,2A,800.0
22854,1A,1200.0
22861,SL,400.0
22861,3A,640.0
22861,2A,800.0
22861,1A,1200.0
22862,SL,400.0
22862,3A,640.0
22862,2A,800.0
22862,1A,1200.0
22926,SL,400.0
22926,3A,640.0
22926,2A,800.0
22926,1A,1200.0
22996,SL,400.0
22996,3A,640.0
22996,2A,800.0
22996,1A,1200.0
23112,SL,400.0
23112,3A,640.0
23112,2A,800.0
23112,1A,1200.0
23142,SL,400.0
23142,3A,640.0
23142,2A,800.0
23142,1A,1200.0
23154,SL,400.0
23154,3A,640.0
23154,2A,800.0
23154,1A,1200.0
24033,SL,400.0
24033,3A,640.0
24033,2A,800.0
24033,1A,1200.0
24034,SL,400.0
24034,3A,640.0
24034,2A,800.0
24034,1A,1200.0
24042,SL,400.0
24042,3A,640.0
24042,2A,800.0
24042,1A,1200.0
24887,SL,400.0
24887,3A,640.0
24887,2A,800.0
24887,1A,1200.0
24888,SL,400.0
24888,3A,640.0
24888,2A,800.0
24888,1A,1200.0
25014,SL,400.0
25014,3A,640.0
25014,2A,800.0
25014,1A,1200.0
25036,SL,400.0
25036,3A,640.0
25036,2A,800.0
25036,1A,1200.0
25202,SL,400.0
25202,3A,640.0
25202,2A,800.0
25202,1A,1200.0
25610,SL,400.0
25610,3A,640.0
25610,2A,800.0
25610,1A,1200.0
25715,SL,400.0
25715,3A,640.0
25715,2A,800.0
25715,1A,1200.0
28242,SL,400.0
28242,3A,640.0
28242,2A,800.0
28242,1A,1200.0
28624,SL,400.0
28624,3A,640.0
28624,2A,800.0
28624,1A,1200.0
29019,SL,400.0
29019,3A,640.0
29019,2A,800.0
29019,1A,1200.0
29020,SL,400.0
29020,3A,640.0
29020,2A,800.0
29020,1A,1200.0
30145,SL,400.0
30145,3A,640.0
30145,2A,800.0
30145,1A,1200.0
31393,SL,400.0
31393,3A,640.0
31393,2A,800.0
31393,1A,1200.0
31511,SL,400.0
31511,3A,640.0
31511,2A,800.0
31511,1A,1200.0
31581,SL,400.0
31581,3A,640.0
31581,2A,800.0
31581,1A,1200.0
31801,SL,400.0
31801,3A,640.0
31801,2A,800.0
31801,1A,1200.0
31921,SL,400.0
31921,3A,640.0
31921,2A,800.0
31921,1A,1200.0
31923,SL,400.0
31923,3A,640.0
31923,2A,800.0
31923,1A,1200.0
31925,SL,400.0
31925,3A,640.0
31925,2A,800.0
31925,1A,1200.0
31927,SL,400.0
31927,3A,640.0
31927,2A,800.0
31927,1A,1200.0
31929,SL,400.0
31929,3A,640.0
31929,2A,800.0
31929,1A,1200.0
15657,SL,400.0
15657,3A,640.0
15657,2A,800.0
15657,1A,1200.0
23010,SL,400.0
23010,3A,640.0
23010,2A,800.0
23010,1A,1200.0
23111,SL,400.0
23111,3A,640.0
23111,2A,800.0
23111,1A,1200.0
23225,SL,400.0
23225,3A,640.0
23225,2A,800.0
23225,1A,1200.0
23226,SL,400.0
23226,3A,640.0
23226,2A,800.0
23226,1A,1200.0
23347,SL,400.0
23347,3A,640.0
23347,2A,800.0
23347,1A,1200.0
23348,SL,400.0
23348,3A,640.0
23348,2A,800.0
23348,1A,1200.0
24227,SL,400.0
24227,3A,640.0
24227,2A,800.0
24227,1A,1200.0
24228,SL,400.0
24228,3A,640.0
24228,2A,800.0
24228,1A,1200.0
24369,SL,400.0
24369,3A,640.0
24369,2A,800.0
24369,1A,1200.0
24370,SL,400.0
24370,3A,640.0
24370,2A,800.0
24370,1A,1200.0
24370-Slip,SL,400.0
24370-Slip,3A,640.0
24370-Slip,2A,800.0
24370-Slip,1A,1200.0
25716,SL,400.0
25716,3A,640.0
25716,2A,800.0
25716,1A,1200.0
28181,SL,400.0
28181,3A,640.0
28181,2A,800.0
28181,1A,1200.0
28182,SL,400.0
28182,3A,640.0
28182,2A,800.0
28182,1A,1200.0
29059,SL,400.0
29059,3A,640.0
29059,2A,800.0
29059,1A,1200.0
29060,SL,400.0
29060,3A,640.0
29060,2A,800.0
29060,1A,1200.0
31922,SL,400.0
31922,3A,640.0
31922,2A,800.0
31922,1A,1200.0
31924,SL,400.0
31924,3A,640.0
31924,2A,800.0
31924,1A,1200.0
31926,SL,400.0
31926,3A,640.0
31926,2A,800.0
31926,1A,1200.0
31930,SL,400.0
31930,3A,640.0
31930,2A,800.0
31930,1A,1200.0
32249,SL,400.0
32249,3A,640.0
32249,2A,800.0
32249,1A,1200.0
33512,SL,400.0
33512,3A,640.0
33512,2A,800.0
33512,1A,1200.0
33533,SL,400.0
33533,3A,640.0
33533,2A,800.0
33533,1A,1200.0
34166,SL,400.0
34166,3A,640.0
34166,2A,800.0
34166,1A,1200.0
34431,SL,400.0
34431,3A,640.0
34431,2A,800.0
34431,1A,1200.0
34434,SL,400.0
34434,3A,640.0
34434,2A,800.0
34434,1A,1200.0
34502,SL,400.0
34502,3A,640.0
34502,2A,800.0
34502,1A,1200.0
34554,SL,400.0
34554,3A,640.0
34554,2A,800.0
34554,1A,1200.0
34557,SL,400.0
34557,3A,640.0
34557,2A,800.0
34557,1A,1200.0
34793,SL,400.0
34793,3A,640.0
34793,2A,800.0
34793,1A,1200.0
34794,SL,400.0
34794,3A,640.0
34794,2A,800.0
34794,1A,1200.0
34857,SL,400.0
34857,3A,640.0
34857,2A,800.0
34857,1A,1200.0
34858,SL,400.0
34858,3A,640.0
34858,2A,800.0
34858,1A,1200.0
37397,SL,400.0
37397,3A,640.0
37397,2A,800.0
37397,1A,1200.0
37657,SL,400.0
37657,3A,640.0
37657,2A,800.0
37657,1A,1200.0
37658,SL,400.0
37658,3A,640.0
37658,2A,800.0
37658,1A,1200.0
37857,SL,400.0
37857,3A,640.0
37857,2A,800.0
37857,1A,1200.0
38401,SL,400.0
38401,3A,640.0
38401,2A,800.0
38401,1A,1200.0
38403,SL,400.0
38403,3A,640.0
38403,2A,800.0
38403,1A,1200.0
38405,SL,400.0
38405,3A,640.0
38405,2A,800.0
38405,1A,1200.0
38411,SL,400.0
38411,3A,640.0
38411,2A,800.0
38411,1A,1200.0
38413,SL,400.0
38413,3A,640.0
38413,2A,800.0
38413,1A,1200.0
38417,SL,400.0
38417,3A,640.0
38417,2A,800.0
38417,1A,1200.0
38419,SL,400.0
38419,3A,640.0
38419,2A,800.0
38419,1A,1200.0
38423,SL,400.0
38423,3A,640.0
38423,2A,800.0
38423,1A,1200.0
38429,SL,400.0
38429,3A,640.0
38429,2A,800.0
38429,1A,1200.0
38433,SL,400.0
38433,3A,640.0
38433,2A,800.0
38433,1A,1200.0
38443,SL,400.0
38443,3A,640.0
38443,2A,800.0
38443,1A,1200.0
58124,SL,400.0
58124,3A,640.0
58124,2A,800.0
58124,1A,1200.0
18304,SL,400.0
18304,3A,640.0
18304,2A,800.0
18304,1A,1200.0
18312,SL,400.0
18312,3A,640.0
18312,2A,800.0
18312,1A,1200.0
37356,SL,400.0
37356,3A,640.0
37356,2A,800.0
37356,1A,1200.0
37398,SL,400.0
37398,3A,640.0
37398,2A,800.0
37398,1A,1200.0
38416,SL,400.0
38416,3A,640.0
38416,2A,800.0
38416,1A,1200.0
38418,SL,400.0
38418,3A,640.0
38418,2A,800.0
38418,1A,1200.0
38420,SL,400.0
38420,3A,640.0
38420,2A,800.0
38420,1A,1200.0
38424,SL,400.0
38424,3A,640.0
38424,2A,800.0
38424,1A,1200.0
38428,SL,400.0
38428,3A,640.0
38428,2A,800.0
38428,1A,1200.0
38434,SL,400.0
38434,3A,640.0
38434,2A,800.0
38434,1A,1200.0
38435,SL,400.0
38435,3A,640.0
38435,2A,800.0
38435,1A,1200.0
38439,SL,400.0
38439,3A,640.0
38439,2A,800.0
38439,1A,1200.0
38441,SL,400.0
38441,3A,640.0
38441,2A,800.0
38441,1A,1200.0
38444,SL,400.0
38444,3A,640.0
38444,2A,800.0
38444,1A,1200.0
38445,SL,400.0
38445,3A,640.0
38445,2A,800.0
38445,1A,1200.0
38448,SL,400.0
38448,3A,640.0
38448,2A,800.0
38448,1A,1200.0
38449,SL,400.0
38449,3A,640.0
38449,2A,800.0
38449,1A,1200.0
38450,SL,400.0
38450,3A,640.0
38450,2A,800.0
38450,1A,1200.0
38453,SL,400.0
38453,3A,640.0
38453,2A,800.0
38453,1A,1200.0
38455,SL,400.0
38455,3A,640.0
38455,2A,800.0
38455,1A,1200.0
38457,SL,400.0
38457,3A,640.0
38457,2A,800.0
38457,1A,1200.0
38463,SL,400.0
38463,3A,640.0
38463,2A,800.0
38463,1A,1200.0
38464,SL,400.0
38464,3A,640.0
38464,2A,800.0
38464,1A,1200.0
38467,SL,400.0
38467,3A,640.0
38467,2A,800.0
38467,1A,1200.0
38469,SL,400.0
38469,3A,640.0
38469,2A,800.0
38469,1A,1200.0
38633,SL,400.0
38633,3A,640.0
38633,2A,800.0
38633,1A,1200.0
38821,SL,400.0
38821,3A,640.0
38821,2A,800.0
38821,1A,1200.0
38846,SL,400.0
38846,3A,640.0
38846,2A,800.0
38846,1A,1200.0
40021,SL,400.0
40021,3A,640.0
40021,2A,800.0
40021,1A,1200.0
40023,SL,400.0
40023,3A,640.0
40023,2A,800.0
40023,1A,1200.0
40501,SL,400.0
40501,3A,640.0
40501,2A,800.0
40501,1A,1200.0
40503,SL,400.0
40503,3A,640.0
40503,2A,800.0
40503,1A,1200.0
40505,SL,400.0
40505,3A,640.0
40505,2A,800.0
40505,1A,1200.0
40507,SL,400.0
40507,3A,640.0
40507,2A,800.0
40507,1A,1200.0
40509,SL,400.0
40509,3A,640.0
40509,2A,800.0
40509,1A,1200.0
40511,SL,400.0
40511,3A,640.0
40511,2A,800.0
40511,1A,1200.0
40513,SL,400.0
40513,3A,640.0
40513,2A,800.0
40513,1A,1200.0
54056,SL,400.0
54056,3A,640.0
54056,2A,800.0
54056,1A,1200.0
54305,SL,400.0
54305,3A,640.0
54305,2A,800.0
54305,1A,1200.0
54307,SL,400.0
54307,3A,640.0
54307,2A,800.0
54307,1A,1200.0
54314,SL,400.0
54314,3A,640.0
54314,2A,800.0
54314,1A,1200.0
54315,SL,400.0
54315,3A,640.0
54315,2A,800.0
54315,1A,1200.0
54395,SL,400.0
54395,3A,640.0
54395,2A,800.0
54395,1A,1200.0
54398,SL,400.0
54398,3A,640.0
54398,2A,800.0
54398,1A,1200.0
55311,SL,400.0
55311,3A,640.0
55311,2A,800.0
55311,1A,1200.0
55323,SL,400.0
55323,3A,640.0
55323,2A,800.0
55323,1A,1200.0
58127,SL,400.0
58127,3A,640.0
58127,2A,800.0
58127,1A,1200.0
58135,SL,400.0
58135,3A,640.0
58135,2A,800.0
58135,1A,1200.0
58137,SL,400.0
58137,3A,640.0
58137,2A,800.0
58137,1A,1200.0
12288,SL,400.0
12288,3A,640.0
12288,2A,800.0
12288,1A,1200.0
12665,SL,400.0
12665,3A,640.0
12665,2A,800.0
12665,1A,1200.0
12778,SL,400.0
12778,3A,640.0
12778,2A,800.0
12778,1A,1200.0
14707,SL,400.0
14707,3A,640.0
14707,2A,800.0
14707,1A,1200.0
16352,SL,400.0
16352,3A,640.0
16352,2A,800.0
16352,1A,1200.0
16723,SL,400.0
16723,3A,640.0
16723,2A,800.0
16723,1A,1200.0
38468,SL,400.0
38468,3A,640.0
38468,2A,800.0
38468,1A,1200.0
38470,SL,400.0
38470,3A,640.0
38470,2A,800.0
38470,1A,1200.0
40515,SL,400.0
40515,3A,640.0
40515,2A,800.0
40515,1A,1200.0
40517,SL,400.0
40517,3A,640.0
40517,2A,800.0
40517,1A,1200.0
40519,SL,400.0
40519,3A,640.0
40519,2A,800.0
40519,1A,1200.0
40701,SL,400.0
40701,3A,640.0
40701,2A,800.0
40701,1A,1200.0
40705,SL,400.0
40705,3A,640.0
40705,2A,800.0
40705,1A,1200.0
40707,SL,400.0
40707,3A,640.0
40707,2A,800.0
40707,1A,1200.0
40711,SL,400.0
40711,3A,640.0
40711,2A,800.0
40711,1A,1200.0
41001,SL,400.0
41001,3A,640.0
41001,2A,800.0
41001,1A,1200.0
41003,SL,400.0
41003,3A,640.0
41003,2A,800.0
41003,1A,1200.0
41005,SL,400.0
41005,3A,640.0
41005,2A,800.0
41005,1A,1200.0
41007,SL,400.0
41007,3A,640.0
41007,2A,800.0
41007,1A,1200.0
41009,SL,400.0
41009,3A,640.0
41009,2A,800.0
41009,1A,1200.0
41011,SL,400.0
41011,3A,640.0
41011,2A,800.0
41011,1A,1200.0
41013,SL,400.0
41013,3A,640.0
41013,2A,800.0
41013,1A,1200.0
41015,SL,400.0
41015,3A,640.0
41015,2A,800.0
41015,1A,1200.0
41017,SL,400.0
41017,3A,640.0
41017,2A,800.0
41017,1A,1200.0
41019,SL,400.0
41019,3A,640.0
41019,2A,800.0
41019,1A,1200.0
41023,SL,400.0
41023,3A,640.0
41023,2A,800.0
41023,1A,1200.0
41025,SL,400.0
41025,3A,640.0
41025,2A,800.0
41025,1A,1200.0
41027,SL,400.0
41027,3A,640.0
41027,2A,800.0
41027,1A,1200.0
41029,SL,400.0
41029,3A,640.0
41029,2A,800.0
41029,1A,1200.0
41031,SL,400.0
41031,3A,640.0
41031,2A,800.0
41031,1A,1200.0
41033,SL,400.0
41033,3A,640.0
41033,2A,800.0
41033,1A,1200.0
41035,SL,400.0
41035,3A,640.0
41035,2A,800.0
41035,1A,1200.0
41037,SL,400.0
41037,3A,640.0
41037,2A,800.0
41037,1A,1200.0
41039,SL,400.0
41039,3A,640.0
41039,2A,800.0
41039,1A,1200.0
41041,SL,400.0
41041,3A,640.0
41041,2A,800.0
41041,1A,1200.0
41043,SL,400.0
41043,3A,640.0
41043,2A,800.0
41043,1A,1200.0
41045,SL,400.0
41045,3A,640.0
41045,2A,800.0
41045,1A,1200.0
41047,SL,400.0
41047,3A,640.0
41047,2A,800.0
41047,1A,1200.0
41049,SL,400.0
41049,3A,640.0
41049,2A,800.0
41049,1A,1200.0
41051,SL,400.0
41051,3A,640.0
41051,2A,800.0
41051,1A,1200.0
41053,SL,400.0
41053,3A,640.0
41053,2A,800.0
41053,1A,1200.0
41055,SL,400.0
41055,3A,640.0
41055,2A,800.0
41055,1A,1200.0
55303,SL,400.0
55303,3A,640.0
55303,2A,800.0
55303,1A,1200.0
55305,SL,400.0
55305,3A,640.0
55305,2A,800.0
55305,1A,1200.0
55307,SL,400.0
55307,3A,640.0
55307,2A,800.0
55307,1A,1200.0
55309,SL,400.0
55309,3A,640.0
55309,2A,800.0
55309,1A,1200.0
55321,SL,400.0
55321,3A,640.0
55321,2A,800.0
55321,1A,1200.0
40516,SL,400.0
40516,3A,640.0
40516,2A,800.0
40516,1A,1200.0
40518,SL,400.0
40518,3A,640.0
40518,2A,800.0
40518,1A,1200.0
40520,SL,400.0
40520,3A,640.0
40520,2A,800.0
40520,1A,1200.0
40521,SL,400.0
40521,3A,640.0
40521,2A,800.0
40521,1A,1200.0
40522,SL,400.0
40522,3A,640.0
40522,2A,800.0
40522,1A,1200.0
40523,SL,400.0
40523,3A,640.0
40523,2A,800.0
40523,1A,1200.0
40524,SL,400.0
40524,3A,640.0
40524,2A,800.0
40524,1A,1200.0
40526,SL,400.0
40526,3A,640.0
40526,2A,800.0
40526,1A,1200.0
40601,SL,400.0
40601,3A,640.0
40601,2A,800.0
40601,1A,1200.0
40704,SL,400.0
40704,3A,640.0
40704,2A,800.0
40704,1A,1200.0
40706,SL,400.0
40706,3A,640.0
40706,2A,800.0
40706,1A,1200.0
41059,SL,400.0
41059,3A,640.0
41059,2A,800.0
41059,1A,1200.0
41063,SL,400.0
41063,3A,640.0
41063,2A,800.0
41063,1A,1200.0
41067,SL,400.0
41067,3A,640.0
41067,2A,800.0
41067,1A,1200.0
41069,SL,400.0
41069,3A,640.0
41069,2A,800.0
41069,1A,1200.0
41071,SL,400.0
41071,3A,640.0
41071,2A,800.0
41071,1A,1200.0
41073,SL,400.0
41073,3A,640.0
41073,2A,800.0
41073,1A,1200.0
41075,SL,400.0
41075,3A,640.0
41075,2A,800.0
41075,1A,1200.0
41077,SL,400.0
41077,3A,640.0
41077,2A,800.0
41077,1A,1200.0
41079,SL,400.0
41079,3A,640.0
41079,2A,800.0
41079,1A,1200.0
41081,SL,400.0
41081,3A,640.0
41081,2A,800.0
41081,1A,1200.0
41083,SL,400.0
41083,3A,640.0
41083,2A,800.0
41083,1A,1200.0
41085,SL,400.0
41085,3A,640.0
41085,2A,800.0
41085,1A,1200.0
41087,SL,400.0
41087,3A,640.0
41087,2A,800.0
41087,1A,1200.0
41089,SL,400.0
41089,3A,640.0
41089,2A,800.0
41089,1A,1200.0
41091,SL,400.0
41091,3A,640.0
41091,2A,800.0
41091,1A,1200.0
41093,SL,400.0
41093,3A,640.0
41093,2A,800.0
41093,1A,1200.0
41095,SL,400.0
41095,3A,640.0
41095,2A,800.0
41095,1A,1200.0
41097,SL,400.0
41097,3A,640.0
41097,2A,800.0
41097,1A,1200.0
41099,SL,400.0
41099,3A,640.0
41099,2A,800.0
41099,1A,1200.0
41101,SL,400.0
41101,3A,640.0
41101,2A,800.0
41101,1A,1200.0
41103,SL,400.0
41103,3A,640.0
41103,2A,800.0
41103,1A,1200.0
41105,SL,400.0
41105,3A,640.0
41105,2A,800.0
41105,1A,1200.0
41107,SL,400.0
41107,3A,640.0
41107,2A,800.0
41107,1A,1200.0
41109,SL,400.0
41109,3A,640.0
41109,2A,800.0
41109,1A,1200.0
41111,SL,400.0
41111,3A,640.0
41111,2A,800.0
41111,1A,1200.0
41113,SL,400.0
41113,3A,640.0
41113,2A,800.0
41113,1A,1200.0
41115,SL,400.0
41115,3A,640.0
41115,2A,800.0
41115,1A,1200.0
41117,SL,400.0
41117,3A,640.0
41117,2A,800.0
41117,1A,1200.0
41119,SL,400.0
41119,3A,640.0
41119,2A,800.0
41119,1A,1200.0
41121,SL,400.0
41121,3A,640.0
41121,2A,800.0
41121,1A,1200.0
41123,SL,400.0
41123,3A,640.0
41123,2A,800.0
41123,1A,1200.0
42404,SL,400.0
42404,3A,640.0
42404,2A,800.0
42404,1A,1200.0
42406,SL,400.0
42406,3A,640.0
42406,2A,800.0
42406,1A,1200.0
42408,SL,400.0
42408,3A,640.0
42408,2A,800.0
42408,1A,1200.0
52941,SL,400.0
52941,3A,640.0
52941,2A,800.0
52941,1A,1200.0
54308,SL,400.0
54308,3A,640.0
54308,2A,800.0
54308,1A,1200.0
41064,SL,400.0
41064,3A,640.0
41064,2A,800.0
41064,1A,1200.0
41066,SL,400.0
41066,3A,640.0
41066,2A,800.0
41066,1A,1200.0
41112,SL,400.0
41112,3A,640.0
41112,2A,800.0
41112,1A,1200.0
41125,SL,400.0
41125,3A,640.0
41125,2A,800.0
41125,1A,1200.0
41127,SL,400.0
41127,3A,640.0
41127,2A,800.0
41127,1A,1200.0
41129,SL,400.0
41129,3A,640.0
41129,2A,800.0
41129,1A,1200.0
41131,SL,400.0
41131,3A,640.0
41131,2A,800.0
41131,1A,1200.0
41133,SL,400.0
41133,3A,640.0
41133,2A,800.0
41133,1A,1200.0
41505,SL,400.0
41505,3A,640.0
41505,2A,800.0
41505,1A,1200.0
41507,SL,400.0
41507,3A,640.0
41507,2A,800.0
41507,1A,1200.0
42412,SL,400.0
42412,3A,640.0
42412,2A,800.0
42412,1A,1200.0
42414,SL,400.0
42414,3A,640.0
42414,2A,800.0
42414,1A,1200.0
42416,SL,400.0
42416,3A,640.0
42416,2A,800.0
42416,1A,1200.0
42420,SL,400.0
42420,3A,640.0
42420,2A,800.0
42420,1A,1200.0
42422,SL,400.0
42422,3A,640.0
42422,2A,800.0
42422,1A,1200.0
42452,SL,400.0
42452,3A,640.0
42452,2A,800.0
42452,1A,1200.0
42802,SL,400.0
42802,3A,640.0
42802,2A,800.0
42802,1A,1200.0
43205,SL,400.0
43205,3A,640.0
43205,2A,800.0
43205,1A,1200.0
43216,SL,400.0
43216,3A,640.0
43216,2A,800.0
43216,1A,1200.0
43222,SL,400.0
43222,3A,640.0
43222,2A,800.0
43222,1A,1200.0
43401,SL,400.0
43401,3A,640.0
43401,2A,800.0
43401,1A,1200.0
43408,SL,400.0
43408,3A,640.0
43408,2A,800.0
43408,1A,1200.0
43501,SL,400.0
43501,3A,640.0
43501,2A,800.0
43501,1A,1200.0
43506,SL,400.0
43506,3A,640.0
43506,2A,800.0
43506,1A,1200.0
43551,SL,400.0
43551,3A,640.0
43551,2A,800.0
43551,1A,1200.0
43552,SL,400.0
43552,3A,640.0
43552,2A,800.0
43552,1A,1200.0
43553,SL,400.0
43553,3A,640.0
43553,2A,800.0
43553,1A,1200.0
43554,SL,400.0
43554,3A,640.0
43554,2A,800.0
43554,1A,1200.0
43801,SL,400.0
43801,3A,640.0
43801,2A,800.0
43801,1A,1200.0
43803,SL,400.0
43803,3A,640.0
43803,2A,800.0
43803,1A,1200.0
43806,SL,400.0
43806,3A,640.0
43806,2A,800.0
43806,1A,1200.0
43823,SL,400.0
43823,3A,640.0
43823,2A,800.0
43823,1A,1200.0
43851,SL,400.0
43851,3A,640.0
43851,2A,800.0
43851,1A,1200.0
43892,SL,400.0
43892,3A,640.0
43892,2A,800.0
43892,1A,1200.0
43921,SL,400.0
43921,3A,640.0
43921,2A,800.0
43921,1A,1200.0
47101,SL,400.0
47101,3A,640.0
47101,2A,800.0
47101,1A,1200.0
47102,SL,400.0
47102,3A,640.0
47102,2A,800.0
47102,1A,1200.0
47103,SL,400.0
47103,3A,640.0
47103,2A,800.0
47103,1A,1200.0
47104,SL,400.0
47104,3A,640.0
47104,2A,800.0
47104,1A,1200.0
47105,SL,400.0
47105,3A,640.0
47105,2A,800.0
47105,1A,1200.0
47106,SL,400.0
47106,3A,640.0
47106,2A,800.0
47106,1A,1200.0
47107,SL,400.0
47107,3A,640.0
47107,2A,800.0
47107,1A,1200.0
47108,SL,400.0
47108,3A,640.0
47108,2A,800.0
47108,1A,1200.0
47109,SL,400.0
47109,3A,640.0
47109,2A,800.0
47109,1A,1200.0
47110,SL,400.0
47110,3A,640.0
47110,2A,800.0
47110,1A,1200.0
47111,SL,400.0
47111,3A,640.0
47111,2A,800.0
47111,1A,1200.0
47112,SL,400.0
47112,3A,640.0
47112,2A,800.0
47112,1A,1200.0
54313,SL,400.0
54313,3A,640.0
54313,2A,800.0
54313,1A,1200.0
12952,SL,400.0
12952,3A,640.0
12952,2A,800.0
12952,1A,1200.0
22404,SL,400.0
22404,3A,640.0
22404,2A,800.0
22404,1A,1200.0
47113,SL,400.0
47113,3A,640.0
47113,2A,800.0
47113,1A,1200.0
47114,SL,400.0
47114,3A,640.0
47114,2A,800.0
47114,1A,1200.0
47116,SL,400.0
47116,3A,640.0
47116,2A,800.0
47116,1A,1200.0
47117,SL,400.0
47117,3A,640.0
47117,2A,800.0
47117,1A,1200.0
47118,SL,400.0
47118,3A,640.0
47118,2A,800.0
47118,1A,1200.0
47119,SL,400.0
47119,3A,640.0
47119,2A,800.0
47119,1A,1200.0
47120,SL,400.0
47120,3A,640.0
47120,2A,800.0
47120,1A,1200.0
47121,SL,400.0
47121,3A,640.0
47121,2A,800.0
47121,1A,1200.0
47122,SL,400.0
47122,3A,640.0
47122,2A,800.0
47122,1A,1200.0
47127,SL,400.0
47127,3A,640.0
47127,2A,800.0
47127,1A,1200.0
47128,SL,400.0
47128,3A,640.0
47128,2A,800.0
47128,1A,1200.0
47129,SL,400.0
47129,3A,640.0
47129,2A,800.0
47129,1A,1200.0
47130,SL,400.0
47130,3A,640.0
47130,2A,800.0
47130,1A,1200.0
47132,SL,400.0
47132,3A,640.0
47132,2A,800.0
47132,1A,1200.0
47133,SL,400.0
47133,3A,640.0
47133,2A,800.0
47133,1A,1200.0
47134,SL,400.0
47134,3A,640.0
47134,2A,800.0
47134,1A,1200.0
47135,SL,400.0
47135,3A,640.0
47135,2A,800.0
47135,1A,1200.0
47136,SL,400.0
47136,3A,640.0
47136,2A,800.0
47136,1A,1200.0
47137,SL,400.0
47137,3A,640.0
47137,2A,800.0
47137,1A,1200.0
47138,SL,400.0
47138,3A,640.0
47138,2A,800.0
47138,1A,1200.0
47139,SL,400.0
47139,3A,640.0
47139,2A,800.0
47139,1A,1200.0
47140,SL,400.0
47140,3A,640.0
47140,2A,800.0
47140,1A,1200.0
47141,SL,400.0
47141,3A,640.0
47141,2A,800.0
47141,1A,1200.0
47142,SL,400.0
47142,3A,640.0
47142,2A,800.0
47142,1A,1200.0
47149,SL,400.0
47149,3A,640.0
47149,2A,800.0
47149,1A,1200.0
47150,SL,400.0
47150,3A,640.0
47150,2A,800.0
47150,1A,1200.0
47151,SL,400.0
47151,3A,640.0
47151,2A,800.0
47151,1A,1200.0
47152,SL,400.0
47152,3A,640.0
47152,2A,800.0
47152,1A,1200.0
47153,SL,400.0
47153,3A,640.0
47153,2A,800.0
47153,1A,1200.0
47154,SL,400.0
47154,3A,640.0
47154,2A,800.0
47154,1A,1200.0
47155,SL,400.0
47155,3A,640.0
47155,2A,800.0
47155,1A,1200.0
47156,SL,400.0
47156,3A,640.0
47156,2A,800.0
47156,1A,1200.0
47157,SL,400.0
47157,3A,640.0
47157,2A,800.0
47157,1A,1200.0
47158,SL,400.0
47158,3A,640.0
47158,2A,800.0
47158,1A,1200.0
47159,SL,400.0
47159,3A,640.0
47159,2A,800.0
47159,1A,1200.0
47160,SL,400.0
47160,3A,640.0
47160,2A,800.0
47160,1A,1200.0
47161,SL,400.0
47161,3A,640.0
47161,2A,800.0
47161,1A,1200.0
47162,SL,400.0
47162,3A,640.0
47162,2A,800.0
47162,1A,1200.0
47163,SL,400.0
47163,3A,640.0
47163,2A,800.0
47163,1A,1200.0
47164,SL,400.0
47164,3A,640.0
47164,2A,800.0
47164,1A,1200.0
47165,SL,400.0
47165,3A,640.0
47165,2A,800.0
47165,1A,1200.0
47166,SL,400.0
47166,3A,640.0
47166,2A,800.0
47166,1A,1200.0
47168,SL,400.0
47168,3A,640.0
47168,2A,800.0
47168,1A,1200.0
47170,SL,400.0
47170,3A,640.0
47170,2A,800.0
47170,1A,1200.0
47171,SL,400.0
47171,3A,640.0
47171,2A,800.0
47171,1A,1200.0
47124,SL,400.0
47124,3A,640.0
47124,2A,800.0
47124,1A,1200.0
47125,SL,400.0
47125,3A,640.0
47125,2A,800.0
47125,1A,1200.0
47143,SL,400.0
47143,3A,640.0
47143,2A,800.0
47143,1A,1200.0
47144,SL,400.0
47144,3A,640.0
47144,2A,800.0
47144,1A,1200.0
47145,SL,400.0
47145,3A,640.0
47145,2A,800.0
47145,1A,1200.0
47146,SL,400.0
47146,3A,640.0
47146,2A,800.0
47146,1A,1200.0
47147,SL,400.0
47147,3A,640.0
47147,2A,800.0
47147,1A,1200.0
47148,SL,400.0
47148,3A,640.0
47148,2A,800.0
47148,1A,1200.0
47174,SL,400.0
47174,3A,640.0
47174,2A,800.0
47174,1A,1200.0
47175,SL,400.0
47175,3A,640.0
47175,2A,800.0
47175,1A,1200.0
47176,SL,400.0
47176,3A,640.0
47176,2A,800.0
47176,1A,1200.0
47177,SL,400.0
47177,3A,640.0
47177,2A,800.0
47177,1A,1200.0
47178,SL,400.0
47178,3A,640.0
47178,2A,800.0
47178,1A,1200.0
47179,SL,400.0
47179,3A,640.0
47179,2A,800.0
47179,1A,1200.0
47180,SL,400.0
47180,3A,640.0
47180,2A,800.0
47180,1A,1200.0
47181,SL,400.0
47181,3A,640.0
47181,2A,800.0
47181,1A,1200.0
47182,SL,400.0
47182,3A,640.0
47182,2A,800.0
47182,1A,1200.0
47183,SL,400.0
47183,3A,640.0
47183,2A,800.0
47183,1A,1200.0
47184,SL,400.0
47184,3A,640.0
47184,2A,800.0
47184,1A,1200.0
47185,SL,400.0
47185,3A,640.0
47185,2A,800.0
47185,1A,1200.0
47187,SL,400.0
47187,3A,640.0
47187,2A,800.0
47187,1A,1200.0
47188,SL,400.0
47188,3A,640.0
47188,2A,800.0
47188,1A,1200.0
47189,SL,400.0
47189,3A,640.0
47189,2A,800.0
47189,1A,1200.0
47190,SL,400.0
47190,3A,640.0
47190,2A,800.0
47190,1A,1200.0
47191,SL,400.0
47191,3A,640.0
47191,2A,800.0
47191,1A,1200.0
47192,SL,400.0
47192,3A,640.0
47192,2A,800.0
47192,1A,1200.0
47195,SL,400.0
47195,3A,640.0
47195,2A,800.0
47195,1A,1200.0
47196,SL,400.0
47196,3A,640.0
47196,2A,800.0
47196,1A,1200.0
47197,SL,400.0
47197,3A,640.0
47197,2A,800.0
47197,1A,1200.0
47198,SL,400.0
47198,3A,640.0
47198,2A,800.0
47198,1A,1200.0
47199,SL,400.0
47199,3A,640.0
47199,2A,800.0
47199,1A,1200.0
47200,SL,400.0
47200,3A,640.0
47200,2A,800.0
47200,1A,1200.0
47201,SL,400.0
47201,3A,640.0
47201,2A,800.0
47201,1A,1200.0
47202,SL,400.0
47202,3A,640.0
47202,2A,800.0
47202,1A,1200.0
47203,SL,400.0
47203,3A,640.0
47203,2A,800.0
47203,1A,1200.0
47204,SL,400.0
47204,3A,640.0
47204,2A,800.0
47204,1A,1200.0
47206,SL,400.0
47206,3A,640.0
47206,2A,800.0
47206,1A,1200.0
47208,SL,400.0
47208,3A,640.0
47208,2A,800.0
47208,1A,1200.0
47209,SL,400.0
47209,3A,640.0
47209,2A,800.0
47209,1A,1200.0
47211,SL,400.0
47211,3A,640.0
47211,2A,800.0
47211,1A,1200.0
47214,SL,400.0
47214,3A,640.0
47214,2A,800.0
47214,1A,1200.0
47216,SL,400.0
47216,3A,640.0
47216,2A,800.0
47216,1A,1200.0
47218,SL,400.0
47218,3A,640.0
47218,2A,800.0
47218,1A,1200.0
47220,SL,400.0
47220,3A,640.0
47220,2A,800.0
47220,1A,1200.0
50104,SL,400.0
50104,3A,640.0
50104,2A,800.0
50104,1A,1200.0
54306,SL,400.0
54306,3A,640.0
54306,2A,800.0
54306,1A,1200.0
56214,SL,400.0
56214,3A,640.0
56214,2A,800.0
56214,1A,1200.0
12393,SL,400.0
12393,3A,640.0
12393,2A,800.0
12393,1A,1200.0
15235,SL,400.0
15235,3A,640.0
15235,2A,800.0
15235,1A,1200.0
18612,SL,400.0
18612,3A,640.0
18612,2A,800.0
18612,1A,1200.0
19303,SL,400.0
19303,3A,640.0
19303,2A,800.0
19303,1A,1200.0
47193,SL,400.0
47193,3A,640.0
47193,2A,800.0
47193,1A,1200.0
47194,SL,400.0
47194,3A,640.0
47194,2A,800.0
47194,1A,1200.0
47210,SL,400.0
47210,3A,640.0
47210,2A,800.0
47210,1A,1200.0
47212,SL,400.0
47212,3A,640.0
47212,2A,800.0
47212,1A,1200.0
47213,SL,400.0
47213,3A,640.0
47213,2A,800.0
47213,1A,1200.0
47215,SL,400.0
47215,3A,640.0
47215,2A,800.0
47215,1A,1200.0
47217,SL,400.0
47217,3A,640.0
47217,2A,800.0
47217,1A,1200.0
47219,SL,400.0
47219,3A,640.0
47219,2A,800.0
47219,1A,1200.0
50107,SL,400.0
50107,3A,640.0
50107,2A,800.0
50107,1A,1200.0
50108,SL,400.0
50108,3A,640.0
50108,2A,800.0
50108,1A,1200.0
51027,SL,400.0
51027,3A,640.0
51027,2A,800.0
51027,1A,1200.0
51028,SL,400.0
51028,3A,640.0
51028,2A,800.0
51028,1A,1200.0
51029,SL,400.0
51029,3A,640.0
51029,2A,800.0
51029,1A,1200.0
51030,SL,400.0
51030,3A,640.0
51030,2A,800.0
51030,1A,1200.0
51033,SL,400.0
51033,3A,640.0
51033,2A,800.0
51033,1A,1200.0
51034,SL,400.0
51034,3A,640.0
51034,2A,800.0
51034,1A,1200.0
51116,SL,400.0
51116,3A,640.0
51116,2A,800.0
51116,1A,1200.0
51117,SL,400.0
51117,3A,640.0
51117,2A,800.0
51117,1A,1200.0
51118,SL,400.0
51118,3A,640.0
51118,2A,800.0
51118,1A,1200.0
51135,SL,400.0
51135,3A,640.0
51135,2A,800.0
51135,1A,1200.0
51136,SL,400.0
51136,3A,640.0
51136,2A,800.0
51136,1A,1200.0
51137,SL,400.0
51137,3A,640.0
51137,2A,800.0
51137,1A,1200.0
51138,SL,400.0
51138,3A,640.0
51138,2A,800.0
51138,1A,1200.0
51139,SL,400.0
51139,3A,640.0
51139,2A,800.0
51139,1A,1200.0
51140,SL,400.0
51140,3A,640.0
51140,2A,800.0
51140,1A,1200.0
51141,SL,400.0
51141,3A,640.0
51141,2A,800.0
51141,1A,1200.0
51142,SL,400.0
51142,3A,640.0
51142,2A,800.0
51142,1A,1200.0
51145,SL,400.0
51145,3A,640.0
51145,2A,800.0
51145,1A,1200.0
51146,SL,400.0
51146,3A,640.0
51146,2A,800.0
51146,1A,1200.0
51147,SL,400.0
51147,3A,640.0
51147,2A,800.0
51147,1A,1200.0
51148,SL,400.0
51148,3A,640.0
51148,2A,800.0
51148,1A,1200.0
51149,SL,400.0
51149,3A,640.0
51149,2A,800.0
51149,1A,1200.0
51150,SL,400.0
51150,3A,640.0
51150,2A,800.0
51150,1A,1200.0
51181,SL,400.0
51181,3A,640.0
51181,2A,800.0
51181,1A,1200.0
51182,SL,400.0
51182,3A,640.0
51182,2A,800.0
51182,1A,1200.0
51187,SL,400.0
51187,3A,640.0
51187,2A,800.0
51187,1A,1200.0
51188,SL,400.0
51188,3A,640.0
51188,2A,800.0
51188,1A,1200.0
51190,SL,400.0
51190,3A,640.0
51190,2A,800.0
51190,1A,1200.0
51197,SL,400.0
51197,3A,640.0
51197,2A,800.0
51197,1A,1200.0
51198,SL,400.0
51198,3A,640.0
51198,2A,800.0
51198,1A,1200.0
54316,SL,400.0
54316,3A,640.0
54316,2A,800.0
54316,1A,1200.0
54391,SL,400.0
54391,3A,640.0
54391,2A,800.0
54391,1A,1200.0
54396,SL,400.0
54396,3A,640.0
54396,2A,800.0
54396,1A,1200.0
12434,SL,400.0
12434,3A,640.0
12434,2A,800.0
12434,1A,1200.0
50105,SL,400.0
50105,3A,640.0
50105,2A,800.0
50105,1A,1200.0
51153,SL,400.0
51153,3A,640.0
51153,2A,800.0
51153,1A,1200.0
51154,SL,400.0
51154,3A,640.0
51154,2A,800.0
51154,1A,1200.0
51157,SL,400.0
51157,3A,640.0
51157,2A,800.0
51157,1A,1200.0
51183,SL,400.0
51183,3A,640.0
51183,2A,800.0
51183,1A,1200.0
51195,SL,400.0
51195,3A,640.0
51195,2A,800.0
51195,1A,1200.0
51254,SL,400.0
51254,3A,640.0
51254,2A,800.0
51254,1A,1200.0
51255,SL,400.0
51255,3A,640.0
51255,2A,800.0
51255,1A,1200.0
51256,SL,400.0
51256,3A,640.0
51256,2A,800.0
51256,1A,1200.0
51259,SL,400.0
51259,3A,640.0
51259,2A,800.0
51259,1A,1200.0
51260,SL,400.0
51260,3A,640.0
51260,2A,800.0
51260,1A,1200.0
51262,SL,400.0
51262,3A,640.0
51262,2A,800.0
51262,1A,1200.0
51286,SL,400.0
51286,3A,640.0
51286,2A,800.0
51286,1A,1200.0
51293,SL,400.0
51293,3A,640.0
51293,2A,800.0
51293,1A,1200.0
51294,SL,400.0
51294,3A,640.0
51294,2A,800.0
51294,1A,1200.0
51323,SL,400.0
51323,3A,640.0
51323,2A,800.0
51323,1A,1200.0
51325,SL,400.0
51325,3A,640.0
51325,2A,800.0
51325,1A,1200.0
51327,SL,400.0
51327,3A,640.0
51327,2A,800.0
51327,1A,1200.0
51348,SL,400.0
51348,3A,640.0
51348,2A,800.0
51348,1A,1200.0
51350,SL,400.0
51350,3A,640.0
51350,2A,800.0
51350,1A,1200.0
51353,SL,400.0
51353,3A,640.0
51353,2A,800.0
51353,1A,1200.0
51401,SL,400.0
51401,3A,640.0
51401,2A,800.0
51401,1A,1200.0
51402,SL,400.0
51402,3A,640.0
51402,2A,800.0
51402,1A,1200.0
51405,SL,400.0
51405,3A,640.0
51405,2A,800.0
51405,1A,1200.0
51406,SL,400.0
51406,3A,640.0
51406,2A,800.0
51406,1A,1200.0
51407,SL,400.0
51407,3A,640.0
51407,2A,800.0
51407,1A,1200.0
51408,SL,400.0
51408,3A,640.0
51408,2A,800.0
51408,1A,1200.0
51411,SL,400.0
51411,3A,640.0
51411,2A,800.0
51411,1A,1200.0
51412,SL,400.0
51412,3A,640.0
51412,2A,800.0
51412,1A,1200.0
51417,SL,400.0
51417,3A,640.0
51417,2A,800.0
51417,1A,1200.0
51418,SL,400.0
51418,3A,640.0
51418,2A,800.0
51418,1A,1200.0
51419,SL,400.0
51419,3A,640.0
51419,2A,800.0
51419,1A,1200.0
51420,SL,400.0
51420,3A,640.0
51420,2A,800.0
51420,1A,1200.0
51423,SL,400.0
51423,3A,640.0
51423,2A,800.0
51423,1A,1200.0
51424,SL,400.0
51424,3A,640.0
51424,2A,800.0
51424,1A,1200.0
51425,SL,400.0
51425,3A,640.0
51425,2A,800.0
51425,1A,1200.0
51426,SL,400.0
51426,3A,640.0
51426,2A,800.0
51426,1A,1200.0
51427,SL,400.0
51427,3A,640.0
51427,2A,800.0
51427,1A,1200.0
51428,SL,400.0
51428,3A,640.0
51428,2A,800.0
51428,1A,1200.0
51429,SL,400.0
51429,3A,640.0
51429,2A,800.0
51429,1A,1200.0
51430,SL,400.0
51430,3A,640.0
51430,2A,800.0
51430,1A,1200.0
51431,SL,400.0
51431,3A,640.0
51431,2A,800.0
51431,1A,1200.0
51432,SL,400.0
51432,3A,640.0
51432,2A,800.0
51432,1A,1200.0
54394,SL,400.0
54394,3A,640.0
54394,2A,800.0
54394,1A,1200.0
54397,SL,400.0
54397,3A,640.0
54397,2A,800.0
54397,1A,1200.0
55302,SL,400.0
55302,3A,640.0
55302,2A,800.0
55302,1A,1200.0
55304,SL,400.0
55304,3A,640.0
55304,2A,800.0
55304,1A,1200.0
12368,SL,400.0
12368,3A,640.0
12368,2A,800.0
12368,1A,1200.0
51284,SL,400.0
51284,3A,640.0
51284,2A,800.0
51284,1A,1200.0
51324,SL,400.0
51324,3A,640.0
51324,2A,800.0
51324,1A,1200.0
51326,SL,400.0
51326,3A,640.0
51326,2A,800.0
51326,1A,1200.0
51409,SL,400.0
51409,3A,640.0
51409,2A,800.0
51409,1A,1200.0
51410,SL,400.0
51410,3A,640.0
51410,2A,800.0
51410,1A,1200.0
51421,SL,400.0
51421,3A,640.0
51421,2A,800.0
51421,1A,1200.0
51422,SL,400.0
51422,3A,640.0
51422,2A,800.0
51422,1A,1200.0
51433,SL,400.0
51433,3A,640.0
51433,2A,800.0
51433,1A,1200.0
51434,SL,400.0
51434,3A,640.0
51434,2A,800.0
51434,1A,1200.0
51441,SL,400.0
51441,3A,640.0
51441,2A,800.0
51441,1A,1200.0
51442,SL,400.0
51442,3A,640.0
51442,2A,800.0
51442,1A,1200.0
51445,SL,400.0
51445,3A,640.0
51445,2A,800.0
51445,1A,1200.0
51446,SL,400.0
51446,3A,640.0
51446,2A,800.0
51446,1A,1200.0
51449,SL,400.0
51449,3A,640.0
51449,2A,800.0
51449,1A,1200.0
51450,SL,400.0
51450,3A,640.0
51450,2A,800.0
51450,1A,1200.0
51455,SL,400.0
51455,3A,640.0
51455,2A,800.0
51455,1A,1200.0
51456,SL,400.0
51456,3A,640.0
51456,2A,800.0
51456,1A,1200.0
51458,SL,400.0
51458,3A,640.0
51458,2A,800.0
51458,1A,1200.0
51461,SL,400.0
51461,3A,640.0
51461,2A,800.0
51461,1A,1200.0
51462,SL,400.0
51462,3A,640.0
51462,2A,800.0
51462,1A,1200.0
51463,SL,400.0
51463,3A,640.0
51463,2A,800.0
51463,1A,1200.0
51464,SL,400.0
51464,3A,640.0
51464,2A,800.0
51464,1A,1200.0
51601,SL,400.0
51601,3A,640.0
51601,2A,800.0
51601,1A,1200.0
51602,SL,400.0
51602,3A,640.0
51602,2A,800.0
51602,1A,1200.0
51605,SL,400.0
51605,3A,640.0
51605,2A,800.0
51605,1A,1200.0
51607,SL,400.0
51607,3A,640.0
51607,2A,800.0
51607,1A,1200.0
51608,SL,400.0
51608,3A,640.0
51608,2A,800.0
51608,1A,1200.0
51609,SL,400.0
51609,3A,640.0
51609,2A,800.0
51609,1A,1200.0
51610,SL,400.0
51610,3A,640.0
51610,2A,800.0
51610,1A,1200.0
51611,SL,400.0
51611,3A,640.0
51611,2A,800.0
51611,1A,1200.0
51612,SL,400.0
51612,3A,640.0
51612,2A,800.0
51612,1A,1200.0
51614,SL,400.0
51614,3A,640.0
51614,2A,800.0
51614,1A,1200.0
51632,SL,400.0
51632,3A,640.0
51632,2A,800.0
51632,1A,1200.0
51674,SL,400.0
51674,3A,640.0
51674,2A,800.0
51674,1A,1200.0
51675,SL,400.0
51675,3A,640.0
51675,2A,800.0
51675,1A,1200.0
51676,SL,400.0
51676,3A,640.0
51676,2A,800.0
51676,1A,1200.0
51677,SL,400.0
51677,3A,640.0
51677,2A,800.0
51677,1A,1200.0
51678,SL,400.0
51678,3A,640.0
51678,2A,800.0
51678,1A,1200.0
51683,SL,400.0
51683,3A,640.0
51683,2A,800.0
51683,1A,1200.0
51684,SL,400.0
51684,3A,640.0
51684,2A,800.0
51684,1A,1200.0
51685,SL,400.0
51685,3A,640.0
51685,2A,800.0
51685,1A,1200.0
51686,SL,400.0
51686,3A,640.0
51686,2A,800.0
51686,1A,1200.0
51687,SL,400.0
51687,3A,640.0
51687,2A,800.0
51687,1A,1200.0
51688,SL,400.0
51688,3A,640.0
51688,2A,800.0
51688,1A,1200.0
51689,SL,400.0
51689,3A,640.0
51689,2A,800.0
51689,1A,1200.0
51701,SL,400.0
51701,3A,640.0
51701,2A,800.0
51701,1A,1200.0
53450,SL,400.0
53450,3A,640.0
53450,2A,800.0
53450,1A,1200.0
51435,SL,400.0
51435,3A,640.0
51435,2A,800.0
51435,1A,1200.0
51436,SL,400.0
51436,3A,640.0
51436,2A,800.0
51436,1A,1200.0
51451,SL,400.0
51451,3A,640.0
51451,2A,800.0
51451,1A,1200.0
51452,SL,400.0
51452,3A,640.0
51452,2A,800.0
51452,1A,1200.0
51603,SL,400.0
51603,3A,640.0
51603,2A,800.0
51603,1A,1200.0
51690,SL,400.0
51690,3A,640.0
51690,2A,800.0
51690,1A,1200.0
51751,SL,400.0
51751,3A,640.0
51751,2A,800.0
51751,1A,1200.0
51752,SL,400.0
51752,3A,640.0
51752,2A,800.0
51752,1A,1200.0
51753,SL,400.0
51753,3A,640.0
51753,2A,800.0
51753,1A,1200.0
51754,SL,400.0
51754,3A,640.0
51754,2A,800.0
51754,1A,1200.0
51755,SL,400.0
51755,3A,640.0
51755,2A,800.0
51755,1A,1200.0
51756,SL,400.0
51756,3A,640.0
51756,2A,800.0
51756,1A,1200.0
51763,SL,400.0
51763,3A,640.0
51763,2A,800.0
51763,1A,1200.0
51764,SL,400.0
51764,3A,640.0
51764,2A,800.0
51764,1A,1200.0
51765,SL,400.0
51765,3A,640.0
51765,2A,800.0
51765,1A,1200.0
51766,SL,400.0
51766,3A,640.0
51766,2A,800.0
51766,1A,1200.0
51767,SL,400.0
51767,3A,640.0
51767,2A,800.0
51767,1A,1200.0
51768,SL,400.0
51768,3A,640.0
51768,2A,800.0
51768,1A,1200.0
51777,SL,400.0
51777,3A,640.0
51777,2A,800.0
51777,1A,1200.0
51778,SL,400.0
51778,3A,640.0
51778,2A,800.0
51778,1A,1200.0
51779,SL,400.0
51779,3A,640.0
51779,2A,800.0
51779,1A,1200.0
51780,SL,400.0
51780,3A,640.0
51780,2A,800.0
51780,1A,1200.0
51801,SL,400.0
51801,3A,640.0
51801,2A,800.0
51801,1A,1200.0
51802,SL,400.0
51802,3A,640.0
51802,2A,800.0
51802,1A,1200.0
51803,SL,400.0
51803,3A,640.0
51803,2A,800.0
51803,1A,1200.0
51804,SL,400.0
51804,3A,640.0
51804,2A,800.0
51804,1A,1200.0
51805,SL,400.0
51805,3A,640.0
51805,2A,800.0
51805,1A,1200.0
51806,SL,400.0
51806,3A,640.0
51806,2A,800.0
51806,1A,1200.0
51807,SL,400.0
51807,3A,640.0
51807,2A,800.0
51807,1A,1200.0
51808,SL,400.0
51808,3A,640.0
51808,2A,800.0
51808,1A,1200.0
51809,SL,400.0
51809,3A,640.0
51809,2A,800.0
51809,1A,1200.0
51810,SL,400.0
51810,3A,640.0
51810,2A,800.0
51810,1A,1200.0
51811,SL,400.0
51811,3A,640.0
51811,2A,800.0
51811,1A,1200.0
51812,SL,400.0
51812,3A,640.0
51812,2A,800.0
51812,1A,1200.0
51813,SL,400.0
51813,3A,640.0
51813,2A,800.0
51813,1A,1200.0
51814,SL,400.0
51814,3A,640.0
51814,2A,800.0
51814,1A,1200.0
51815,SL,400.0
51815,3A,640.0
51815,2A,800.0
51815,1A,1200.0
51818,SL,400.0
51818,3A,640.0
51818,2A,800.0
51818,1A,1200.0
51819,SL,400.0
51819,3A,640.0
51819,2A,800.0
51819,1A,1200.0
51821,SL,400.0
51821,3A,640.0
51821,2A,800.0
51821,1A,1200.0
51822,SL,400.0
51822,3A,640.0
51822,2A,800.0
51822,1A,1200.0
51828,SL,400.0
51828,3A,640.0
51828,2A,800.0
51828,1A,1200.0
51829,SL,400.0
51829,3A,640.0
51829,2A,800.0
51829,1A,1200.0
51830,SL,400.0
51830,3A,640.0
51830,2A,800.0
51830,1A,1200.0
51831,SL,400.0
51831,3A,640.0
51831,2A,800.0
51831,1A,1200.0
51832,SL,400.0
51832,3A,640.0
51832,2A,800.0
51832,1A,1200.0
51861,SL,400.0
51861,3A,640.0
51861,2A,800.0
51861,1A,1200.0
55306,SL,400.0
55306,3A,640.0
55306,2A,800.0
55306,1A,1200.0
51823,SL,400.0
51823,3A,640.0
51823,2A,800.0
51823,1A,1200.0
51824,SL,400.0
51824,3A,640.0
51824,2A,800.0
51824,1A,1200.0
51825,SL,400.0
51825,3A,640.0
51825,2A,800.0
51825,1A,1200.0
51826,SL,400.0
51826,3A,640.0
51826,2A,800.0
51826,1A,1200.0
51863,SL,400.0
51863,3A,640.0
51863,2A,800.0
51863,1A,1200.0
51864,SL,400.0
51864,3A,640.0
51864,2A,800.0
51864,1A,1200.0
51865,SL,400.0
51865,3A,640.0
51865,2A,800.0
51865,1A,1200.0
51866,SL,400.0
51866,3A,640.0
51866,2A,800.0
51866,1A,1200.0
51867,SL,400.0
51867,3A,640.0
51867,2A,800.0
51867,1A,1200.0
51868,SL,400.0
51868,3A,640.0
51868,2A,800.0
51868,1A,1200.0
51869,SL,400.0
51869,3A,640.0
51869,2A,800.0
51869,1A,1200.0
51870,SL,400.0
51870,3A,640.0
51870,2A,800.0
51870,1A,1200.0
51901,SL,400.0
51901,3A,640.0
51901,2A,800.0
51901,1A,1200.0
51902,SL,400.0
51902,3A,640.0
51902,2A,800.0
51902,1A,1200.0
51903,SL,400.0
51903,3A,640.0
51903,2A,800.0
51903,1A,1200.0
51904,SL,400.0
51904,3A,640.0
51904,2A,800.0
51904,1A,1200.0
51905,SL,400.0
51905,3A,640.0
51905,2A,800.0
51905,1A,1200.0
51906,SL,400.0
51906,3A,640.0
51906,2A,800.0
51906,1A,1200.0
51907,SL,400.0
51907,3A,640.0
51907,2A,800.0
51907,1A,1200.0
51908,SL,400.0
51908,3A,640.0
51908,2A,800.0
51908,1A,1200.0
51910,SL,400.0
51910,3A,640.0
51910,2A,800.0
51910,1A,1200.0
51911,SL,400.0
51911,3A,640.0
51911,2A,800.0
51911,1A,1200.0
51912,SL,400.0
51912,3A,640.0
51912,2A,800.0
51912,1A,1200.0
51913,SL,400.0
51913,3A,640.0
51913,2A,800.0
51913,1A,1200.0
51914,SL,400.0
51914,3A,640.0
51914,2A,800.0
51914,1A,1200.0
51915,SL,400.0
51915,3A,640.0
51915,2A,800.0
51915,1A,1200.0
51916,SL,400.0
51916,3A,640.0
51916,2A,800.0
51916,1A,1200.0
51971,SL,400.0
51971,3A,640.0
51971,2A,800.0
51971,1A,1200.0
51972,SL,400.0
51972,3A,640.0
51972,2A,800.0
51972,1A,1200.0
51973,SL,400.0
51973,3A,640.0
51973,2A,800.0
51973,1A,1200.0
51974,SL,400.0
51974,3A,640.0
51974,2A,800.0
51974,1A,1200.0
51975,SL,400.0
51975,3A,640.0
51975,2A,800.0
51975,1A,1200.0
51976,SL,400.0
51976,3A,640.0
51976,2A,800.0
51976,1A,1200.0
52002,SL,400.0
52002,3A,640.0
52002,2A,800.0
52002,1A,1200.0
52003,SL,400.0
52003,3A,640.0
52003,2A,800.0
52003,1A,1200.0
52004,SL,400.0
52004,3A,640.0
52004,2A,800.0
52004,1A,1200.0
52011,SL,400.0
52011,3A,640.0
52011,2A,800.0
52011,1A,1200.0
52012,SL,400.0
52012,3A,640.0
52012,2A,800.0
52012,1A,1200.0
52013,SL,400.0
52013,3A,640.0
52013,2A,800.0
52013,1A,1200.0
52014,SL,400.0
52014,3A,640.0
52014,2A,800.0
52014,1A,1200.0
52015,SL,400.0
52015,3A,640.0
52015,2A,800.0
52015,1A,1200.0
52020,SL,400.0
52020,3A,640.0
52020,2A,800.0
52020,1A,1200.0
52021,SL,400.0
52021,3A,640.0
52021,2A,800.0
52021,1A,1200.0
52022,SL,400.0
52022,3A,640.0
52022,2A,800.0
52022,1A,1200.0
52023,SL,400.0
52023,3A,640.0
52023,2A,800.0
52023,1A,1200.0
52024,SL,400.0
52024,3A,640.0
52024,2A,800.0
52024,1A,1200.0
55308,SL,400.0
55308,3A,640.0
55308,2A,800.0
55308,1A,1200.0
55310,SL,400.0
55310,3A,640.0
55310,2A,800.0
55310,1A,1200.0
51881,SL,400.0
51881,3A,640.0
51881,2A,800.0
51881,1A,1200.0
51883,SL,400.0
51883,3A,640.0
51883,2A,800.0
51883,1A,1200.0
51884,SL,400.0
51884,3A,640.0
51884,2A,800.0
51884,1A,1200.0
52025,SL,400.0
52025,3A,640.0
52025,2A,800.0
52025,1A,1200.0
52026,SL,400.0
52026,3A,640.0
52026,2A,800.0
52026,1A,1200.0
52027,SL,400.0
52027,3A,640.0
52027,2A,800.0
52027,1A,1200.0
52028,SL,400.0
52028,3A,640.0
52028,2A,800.0
52028,1A,1200.0
52033,SL,400.0
52033,3A,640.0
52033,2A,800.0
52033,1A,1200.0
52034,SL,400.0
52034,3A,640.0
52034,2A,800.0
52034,1A,1200.0
52035,SL,400.0
52035,3A,640.0
52035,2A,800.0
52035,1A,1200.0
52036,SL,400.0
52036,3A,640.0
52036,2A,800.0
52036,1A,1200.0
52037,SL,400.0
52037,3A,640.0
52037,2A,800.0
52037,1A,1200.0
52038,SL,400.0
52038,3A,640.0
52038,2A,800.0
52038,1A,1200.0
52041,SL,400.0
52041,3A,640.0
52041,2A,800.0
52041,1A,1200.0
52042,SL,400.0
52042,3A,640.0
52042,2A,800.0
52042,1A,1200.0
52045,SL,400.0
52045,3A,640.0
52045,2A,800.0
52045,1A,1200.0
52046,SL,400.0
52046,3A,640.0
52046,2A,800.0
52046,1A,1200.0
52048,SL,400.0
52048,3A,640.0
52048,2A,800.0
52048,1A,1200.0
52072,SL,400.0
52072,3A,640.0
52072,2A,800.0
52072,1A,1200.0
52073,SL,400.0
52073,3A,640.0
52073,2A,800.0
52073,1A,1200.0
52074,SL,400.0
52074,3A,640.0
52074,2A,800.0
52074,1A,1200.0
52075,SL,400.0
52075,3A,640.0
52075,2A,800.0
52075,1A,1200.0
52076,SL,400.0
52076,3A,640.0
52076,2A,800.0
52076,1A,1200.0
52082,SL,400.0
52082,3A,640.0
52082,2A,800.0
52082,1A,1200.0
52083,SL,400.0
52083,3A,640.0
52083,2A,800.0
52083,1A,1200.0
52084,SL,400.0
52084,3A,640.0
52084,2A,800.0
52084,1A,1200.0
52085,SL,400.0
52085,3A,640.0
52085,2A,800.0
52085,1A,1200.0
52086,SL,400.0
52086,3A,640.0
52086,2A,800.0
52086,1A,1200.0
52087,SL,400.0
52087,3A,640.0
52087,2A,800.0
52087,1A,1200.0
52088,SL,400.0
52088,3A,640.0
52088,2A,800.0
52088,1A,1200.0
52101,SL,400.0
52101,3A,640.0
52101,2A,800.0
52101,1A,1200.0
52102,SL,400.0
52102,3A,640.0
52102,2A,800.0
52102,1A,1200.0
52103,SL,400.0
52103,3A,640.0
52103,2A,800.0
52103,1A,1200.0
52104,SL,400.0
52104,3A,640.0
52104,2A,800.0
52104,1A,1200.0
52105,SL,400.0
52105,3A,640.0
52105,2A,800.0
52105,1A,1200.0
52106,SL,400.0
52106,3A,640.0
52106,2A,800.0
52106,1A,1200.0
52108,SL,400.0
52108,3A,640.0
52108,2A,800.0
52108,1A,1200.0
52109,SL,400.0
52109,3A,640.0
52109,2A,800.0
52109,1A,1200.0
52110,SL,400.0
52110,3A,640.0
52110,2A,800.0
52110,1A,1200.0
52121,SL,400.0
52121,3A,640.0
52121,2A,800.0
52121,1A,1200.0
52123,SL,400.0
52123,3A,640.0
52123,2A,800.0
52123,1A,1200.0
52131,SL,400.0
52131,3A,640.0
52131,2A,800.0
52131,1A,1200.0
52132,SL,400.0
52132,3A,640.0
52132,2A,800.0
52132,1A,1200.0
52137,SL,400.0
52137,3A,640.0
52137,2A,800.0
52137,1A,1200.0
52138,SL,400.0
52138,3A,640.0
52138,2A,800.0
52138,1A,1200.0
52143,SL,400.0
52143,3A,640.0
52143,2A,800.0
52143,1A,1200.0
52144,SL,400.0
52144,3A,640.0
52144,2A,800.0
52144,1A,1200.0
55312,SL,400.0
55312,3A,640.0
55312,2A,800.0
55312,1A,1200.0
14055,SL,400.0
14055,3A,640.0
14055,2A,800.0
14055,1A,1200.0
15959,SL,400.0
15959,3A,640.0
15959,2A,800.0
15959,1A,1200.0
52122,SL,400.0
52122,3A,640.0
52122,2A,800.0
52122,1A,1200.0
52124,SL,400.0
52124,3A,640.0
52124,2A,800.0
52124,1A,1200.0
52171,SL,400.0
52171,3A,640.0
52171,2A,800.0
52171,1A,1200.0
52172,SL,400.0
52172,3A,640.0
52172,2A,800.0
52172,1A,1200.0
52174,SL,400.0
52174,3A,640.0
52174,2A,800.0
52174,1A,1200.0
52175,SL,400.0
52175,3A,640.0
52175,2A,800.0
52175,1A,1200.0
52177,SL,400.0
52177,3A,640.0
52177,2A,800.0
52177,1A,1200.0
52178,SL,400.0
52178,3A,640.0
52178,2A,800.0
52178,1A,1200.0
52181,SL,400.0
52181,3A,640.0
52181,2A,800.0
52181,1A,1200.0
52182,SL,400.0
52182,3A,640.0
52182,2A,800.0
52182,1A,1200.0
52183,SL,400.0
52183,3A,640.0
52183,2A,800.0
52183,1A,1200.0
52201,SL,400.0
52201,3A,640.0
52201,2A,800.0
52201,1A,1200.0
52202,SL,400.0
52202,3A,640.0
52202,2A,800.0
52202,1A,1200.0
52203,SL,400.0
52203,3A,640.0
52203,2A,800.0
52203,1A,1200.0
52204,SL,400.0
52204,3A,640.0
52204,2A,800.0
52204,1A,1200.0
52205,SL,400.0
52205,3A,640.0
52205,2A,800.0
52205,1A,1200.0
52206,SL,400.0
52206,3A,640.0
52206,2A,800.0
52206,1A,1200.0
52207,SL,400.0
52207,3A,640.0
52207,2A,800.0
52207,1A,1200.0
52208,SL,400.0
52208,3A,640.0
52208,2A,800.0
52208,1A,1200.0
52209,SL,400.0
52209,3A,640.0
52209,2A,800.0
52209,1A,1200.0
52210,SL,400.0
52210,3A,640.0
52210,2A,800.0
52210,1A,1200.0
52211,SL,400.0
52211,3A,640.0
52211,2A,800.0
52211,1A,1200.0
52212,SL,400.0
52212,3A,640.0
52212,2A,800.0
52212,1A,1200.0
52214,SL,400.0
52214,3A,640.0
52214,2A,800.0
52214,1A,1200.0
52215,SL,400.0
52215,3A,640.0
52215,2A,800.0
52215,1A,1200.0
52216,SL,400.0
52216,3A,640.0
52216,2A,800.0
52216,1A,1200.0
52217,SL,400.0
52217,3A,640.0
52217,2A,800.0
52217,1A,1200.0
52218,SL,400.0
52218,3A,640.0
52218,2A,800.0
52218,1A,1200.0
52219,SL,400.0
52219,3A,640.0
52219,2A,800.0
52219,1A,1200.0
52220,SL,400.0
52220,3A,640.0
52220,2A,800.0
52220,1A,1200.0
52221,SL,400.0
52221,3A,640.0
52221,2A,800.0
52221,1A,1200.0
52222,SL,400.0
52222,3A,640.0
52222,2A,800.0
52222,1A,1200.0
52223,SL,400.0
52223,3A,640.0
52223,2A,800.0
52223,1A,1200.0
52224,SL,400.0
52224,3A,640.0
52224,2A,800.0
52224,1A,1200.0
52225,SL,400.0
52225,3A,640.0
52225,2A,800.0
52225,1A,1200.0
52226,SL,400.0
52226,3A,640.0
52226,2A,800.0
52226,1A,1200.0
52227,SL,400.0
52227,3A,640.0
52227,2A,800.0
52227,1A,1200.0
52229,SL,400.0
52229,3A,640.0
52229,2A,800.0
52229,1A,1200.0
52230,SL,400.0
52230,3A,640.0
52230,2A,800.0
52230,1A,1200.0
52231,SL,400.0
52231,3A,640.0
52231,2A,800.0
52231,1A,1200.0
52232,SL,400.0
52232,3A,640.0
52232,2A,800.0
52232,1A,1200.0
52233,SL,400.0
52233,3A,640.0
52233,2A,800.0
52233,1A,1200.0
52234,SL,400.0
52234,3A,640.0
52234,2A,800.0
52234,1A,1200.0
52235,SL,400.0
52235,3A,640.0
52235,2A,800.0
52235,1A,1200.0
55324,SL,400.0
55324,3A,640.0
55324,2A,800.0
55324,1A,1200.0
52176,SL,400.0
52176,3A,640.0
52176,2A,800.0
52176,1A,1200.0
52180,SL,400.0
52180,3A,640.0
52180,2A,800.0
52180,1A,1200.0
52184,SL,400.0
52184,3A,640.0
52184,2A,800.0
52184,1A,1200.0
52236,SL,400.0
52236,3A,640.0
52236,2A,800.0
52236,1A,1200.0
52237,SL,400.0
52237,3A,640.0
52237,2A,800.0
52237,1A,1200.0
52239,SL,400.0
52239,3A,640.0
52239,2A,800.0
52239,1A,1200.0
52240,SL,400.0
52240,3A,640.0
52240,2A,800.0
52240,1A,1200.0
52241,SL,400.0
52241,3A,640.0
52241,2A,800.0
52241,1A,1200.0
52242,SL,400.0
52242,3A,640.0
52242,2A,800.0
52242,1A,1200.0
52243,SL,400.0
52243,3A,640.0
52243,2A,800.0
52243,1A,1200.0
52245,SL,400.0
52245,3A,640.0
52245,2A,800.0
52245,1A,1200.0
52246,SL,400.0
52246,3A,640.0
52246,2A,800.0
52246,1A,1200.0
52247,SL,400.0
52247,3A,640.0
52247,2A,800.0
52247,1A,1200.0
52248,SL,400.0
52248,3A,640.0
52248,2A,800.0
52248,1A,1200.0
52249,SL,400.0
52249,3A,640.0
52249,2A,800.0
52249,1A,1200.0
52250,SL,400.0
52250,3A,640.0
52250,2A,800.0
52250,1A,1200.0
52251,SL,400.0
52251,3A,640.0
52251,2A,800.0
52251,1A,1200.0
52252,SL,400.0
52252,3A,640.0
52252,2A,800.0
52252,1A,1200.0
52254,SL,400.0
52254,3A,640.0
52254,2A,800.0
52254,1A,1200.0
52255,SL,400.0
52255,3A,640.0
52255,2A,800.0
52255,1A,1200.0
52257,SL,400.0
52257,3A,640.0
52257,2A,800.0
52257,1A,1200.0
52258,SL,400.0
52258,3A,640.0
52258,2A,800.0
52258,1A,1200.0
52259,SL,400.0
52259,3A,640.0
52259,2A,800.0
52259,1A,1200.0
52260,SL,400.0
52260,3A,640.0
52260,2A,800.0
52260,1A,1200.0
52261,SL,400.0
52261,3A,640.0
52261,2A,800.0
52261,1A,1200.0
52262,SL,400.0
52262,3A,640.0
52262,2A,800.0
52262,1A,1200.0
52263,SL,400.0
52263,3A,640.0
52263,2A,800.0
52263,1A,1200.0
52264,SL,400.0
52264,3A,640.0
52264,2A,800.0
52264,1A,1200.0
52265,SL,400.0
52265,3A,640.0
52265,2A,800.0
52265,1A,1200.0
52266,SL,400.0
52266,3A,640.0
52266,2A,800.0
52266,1A,1200.0
52267,SL,400.0
52267,3A,640.0
52267,2A,800.0
52267,1A,1200.0
52268,SL,400.0
52268,3A,640.0
52268,2A,800.0
52268,1A,1200.0
52269,SL,400.0
52269,3A,640.0
52269,2A,800.0
52269,1A,1200.0
52270,SL,400.0
52270,3A,640.0
52270,2A,800.0
52270,1A,1200.0
52271,SL,400.0
52271,3A,640.0
52271,2A,800.0
52271,1A,1200.0
52272,SL,400.0
52272,3A,640.0
52272,2A,800.0
52272,1A,1200.0
52274,SL,400.0
52274,3A,640.0
52274,2A,800.0
52274,1A,1200.0
52276,SL,400.0
52276,3A,640.0
52276,2A,800.0
52276,1A,1200.0
52277,SL,400.0
52277,3A,640.0
52277,2A,800.0
52277,1A,1200.0
52278,SL,400.0
52278,3A,640.0
52278,2A,800.0
52278,1A,1200.0
52280,SL,400.0
52280,3A,640.0
52280,2A,800.0
52280,1A,1200.0
52282,SL,400.0
52282,3A,640.0
52282,2A,800.0
52282,1A,1200.0
52283,SL,400.0
52283,3A,640.0
52283,2A,800.0
52283,1A,1200.0
52285,SL,400.0
52285,3A,640.0
52285,2A,800.0
52285,1A,1200.0
52286,SL,400.0
52286,3A,640.0
52286,2A,800.0
52286,1A,1200.0
52287,SL,400.0
52287,3A,640.0
52287,2A,800.0
52287,1A,1200.0
52288,SL,400.0
52288,3A,640.0
52288,2A,800.0
52288,1A,1200.0
54311,SL,400.0
54311,3A,640.0
54311,2A,800.0
54311,1A,1200.0
52273,SL,400.0
52273,3A,640.0
52273,2A,800.0
52273,1A,1200.0
52275,SL,400.0
52275,3A,640.0
52275,2A,800.0
52275,1A,1200.0
52295,SL,400.0
52295,3A,640.0
52295,2A,800.0
52295,1A,1200.0
52297,SL,400.0
52297,3A,640.0
52297,2A,800.0
52297,1A,1200.0
52298,SL,400.0
52298,3A,640.0
52298,2A,800.0
52298,1A,1200.0
52301,SL,400.0
52301,3A,640.0
52301,2A,800.0
52301,1A,1200.0
52302,SL,400.0
52302,3A,640.0
52302,2A,800.0
52302,1A,1200.0
52322,SL,400.0
52322,3A,640.0
52322,2A,800.0
52322,1A,1200.0
52323,SL,400.0
52323,3A,640.0
52323,2A,800.0
52323,1A,1200.0
52324,SL,400.0
52324,3A,640.0
52324,2A,800.0
52324,1A,1200.0
52325,SL,400.0
52325,3A,640.0
52325,2A,800.0
52325,1A,1200.0
52326,SL,400.0
52326,3A,640.0
52326,2A,800.0
52326,1A,1200.0
52327,SL,400.0
52327,3A,640.0
52327,2A,800.0
52327,1A,1200.0
52328,SL,400.0
52328,3A,640.0
52328,2A,800.0
52328,1A,1200.0
52329,SL,400.0
52329,3A,640.0
52329,2A,800.0
52329,1A,1200.0
52330,SL,400.0
52330,3A,640.0
52330,2A,800.0
52330,1A,1200.0
52468,SL,400.0
52468,3A,640.0
52468,2A,800.0
52468,1A,1200.0
52471,SL,400.0
52471,3A,640.0
52471,2A,800.0
52471,1A,1200.0
52467,SL,400.0
52467,3A,640.0
52467,2A,800.0
52467,1A,1200.0
52470,SL,400.0
52470,3A,640.0
52470,2A,800.0
52470,1A,1200.0
16311,SL,400.0
16311,3A,640.0
16311,2A,800.0
16311,1A,1200.0
52472,SL,400.0
52472,3A,640.0
52472,2A,800.0
52472,1A,1200.0
52474,SL,400.0
52474,3A,640.0
52474,2A,800.0
52474,1A,1200.0
52501,SL,400.0
52501,3A,640.0
52501,2A,800.0
52501,1A,1200.0
52502,SL,400.0
52502,3A,640.0
52502,2A,800.0
52502,1A,1200.0
52503,SL,400.0
52503,3A,640.0
52503,2A,800.0
52503,1A,1200.0
52504,SL,400.0
52504,3A,640.0
52504,2A,800.0
52504,1A,1200.0
52505,SL,400.0
52505,3A,640.0
52505,2A,800.0
52505,1A,1200.0
52506,SL,400.0
52506,3A,640.0
52506,2A,800.0
52506,1A,1200.0
52507,SL,400.0
52507,3A,640.0
52507,2A,800.0
52507,1A,1200.0
52508,SL,400.0
52508,3A,640.0
52508,2A,800.0
52508,1A,1200.0
52509,SL,400.0
52509,3A,640.0
52509,2A,800.0
52509,1A,1200.0
52510,SL,400.0
52510,3A,640.0
52510,2A,800.0
52510,1A,1200.0
52511,SL,400.0
52511,3A,640.0
52511,2A,800.0
52511,1A,1200.0
52512,SL,400.0
52512,3A,640.0
52512,2A,800.0
52512,1A,1200.0
52515,SL,400.0
52515,3A,640.0
52515,2A,800.0
52515,1A,1200.0
52516,SL,400.0
52516,3A,640.0
52516,2A,800.0
52516,1A,1200.0
52518,SL,400.0
52518,3A,640.0
52518,2A,800.0
52518,1A,1200.0
52519,SL,400.0
52519,3A,640.0
52519,2A,800.0
52519,1A,1200.0
52520,SL,400.0
52520,3A,640.0
52520,2A,800.0
52520,1A,1200.0
52521,SL,400.0
52521,3A,640.0
52521,2A,800.0
52521,1A,1200.0
52522,SL,400.0
52522,3A,640.0
52522,2A,800.0
52522,1A,1200.0
52523,SL,400.0
52523,3A,640.0
52523,2A,800.0
52523,1A,1200.0
52524,SL,400.0
52524,3A,640.0
52524,2A,800.0
52524,1A,1200.0
52525,SL,400.0
52525,3A,640.0
52525,2A,800.0
52525,1A,1200.0
52526,SL,400.0
52526,3A,640.0
52526,2A,800.0
52526,1A,1200.0
52527,SL,400.0
52527,3A,640.0
52527,2A,800.0
52527,1A,1200.0
52528,SL,400.0
52528,3A,640.0
52528,2A,800.0
52528,1A,1200.0
52529,SL,400.0
52529,3A,640.0
52529,2A,800.0
52529,1A,1200.0
52530,SL,400.0
52530,3A,640.0
52530,2A,800.0
52530,1A,1200.0
52531,SL,400.0
52531,3A,640.0
52531,2A,800.0
52531,1A,1200.0
52532,SL,400.0
52532,3A,640.0
52532,2A,800.0
52532,1A,1200.0
52534,SL,400.0
52534,3A,640.0
52534,2A,800.0
52534,1A,1200.0
52535,SL,400.0
52535,3A,640.0
52535,2A,800.0
52535,1A,1200.0
52536,SL,400.0
52536,3A,640.0
52536,2A,800.0
52536,1A,1200.0
52537,SL,400.0
52537,3A,640.0
52537,2A,800.0
52537,1A,1200.0
52538,SL,400.0
52538,3A,640.0
52538,2A,800.0
52538,1A,1200.0
52540,SL,400.0
52540,3A,640.0
52540,2A,800.0
52540,1A,1200.0
52541,SL,400.0
52541,3A,640.0
52541,2A,800.0
52541,1A,1200.0
52544,SL,400.0
52544,3A,640.0
52544,2A,800.0
52544,1A,1200.0
52545,SL,400.0
52545,3A,640.0
52545,2A,800.0
52545,1A,1200.0
52547,SL,400.0
52547,3A,640.0
52547,2A,800.0
52547,1A,1200.0
52548,SL,400.0
52548,3A,640.0
52548,2A,800.0
52548,1A,1200.0
52549,SL,400.0
52549,3A,640.0
52549,2A,800.0
52549,1A,1200.0
52550,SL,400.0
52550,3A,640.0
52550,2A,800.0
52550,1A,1200.0
52552,SL,400.0
52552,3A,640.0
52552,2A,800.0
52552,1A,1200.0
52553,SL,400.0
52553,3A,640.0
52553,2A,800.0
52553,1A,1200.0
52566,SL,400.0
52566,3A,640.0
52566,2A,800.0
52566,1A,1200.0
18005,SL,400.0
18005,3A,640.0
18005,2A,800.0
18005,1A,1200.0
52554,SL,400.0
52554,3A,640.0
52554,2A,800.0
52554,1A,1200.0
52556,SL,400.0
52556,3A,640.0
52556,2A,800.0
52556,1A,1200.0
52557,SL,400.0
52557,3A,640.0
52557,2A,800.0
52557,1A,1200.0
52558,SL,400.0
52558,3A,640.0
52558,2A,800.0
52558,1A,1200.0
52563,SL,400.0
52563,3A,640.0
52563,2A,800.0
52563,1A,1200.0
52564,SL,400.0
52564,3A,640.0
52564,2A,800.0
52564,1A,1200.0
52565,SL,400.0
52565,3A,640.0
52565,2A,800.0
52565,1A,1200.0
52567,SL,400.0
52567,3A,640.0
52567,2A,800.0
52567,1A,1200.0
52568,SL,400.0
52568,3A,640.0
52568,2A,800.0
52568,1A,1200.0
52569,SL,400.0
52569,3A,640.0
52569,2A,800.0
52569,1A,1200.0
52570,SL,400.0
52570,3A,640.0
52570,2A,800.0
52570,1A,1200.0
52571,SL,400.0
52571,3A,640.0
52571,2A,800.0
52571,1A,1200.0
52572,SL,400.0
52572,3A,640.0
52572,2A,800.0
52572,1A,1200.0
52575,SL,400.0
52575,3A,640.0
52575,2A,800.0
52575,1A,1200.0
52576,SL,400.0
52576,3A,640.0
52576,2A,800.0
52576,1A,1200.0
52577,SL,400.0
52577,3A,640.0
52577,2A,800.0
52577,1A,1200.0
52578,SL,400.0
52578,3A,640.0
52578,2A,800.0
52578,1A,1200.0
52579,SL,400.0
52579,3A,640.0
52579,2A,800.0
52579,1A,1200.0
52580,SL,400.0
52580,3A,640.0
52580,2A,800.0
52580,1A,1200.0
52901,SL,400.0
52901,3A,640.0
52901,2A,800.0
52901,1A,1200.0
52903,SL,400.0
52903,3A,640.0
52903,2A,800.0
52903,1A,1200.0
52904,SL,400.0
52904,3A,640.0
52904,2A,800.0
52904,1A,1200.0
52906,SL,400.0
52906,3A,640.0
52906,2A,800.0
52906,1A,1200.0
52907,SL,400.0
52907,3A,640.0
52907,2A,800.0
52907,1A,1200.0
52908,SL,400.0
52908,3A,640.0
52908,2A,800.0
52908,1A,1200.0
52909,SL,400.0
52909,3A,640.0
52909,2A,800.0
52909,1A,1200.0
52910,SL,400.0
52910,3A,640.0
52910,2A,800.0
52910,1A,1200.0
52911,SL,400.0
52911,3A,640.0
52911,2A,800.0
52911,1A,1200.0
52912,SL,400.0
52912,3A,640.0
52912,2A,800.0
52912,1A,1200.0
52913,SL,400.0
52913,3A,640.0
52913,2A,800.0
52913,1A,1200.0
52914,SL,400.0
52914,3A,640.0
52914,2A,800.0
52914,1A,1200.0
52915,SL,400.0
52915,3A,640.0
52915,2A,800.0
52915,1A,1200.0
52916,SL,400.0
52916,3A,640.0
52916,2A,800.0
52916,1A,1200.0
52917,SL,400.0
52917,3A,640.0
52917,2A,800.0
52917,1A,1200.0
52918,SL,400.0
52918,3A,640.0
52918,2A,800.0
52918,1A,1200.0
52919,SL,400.0
52919,3A,640.0
52919,2A,800.0
52919,1A,1200.0
52920,SL,400.0
52920,3A,640.0
52920,2A,800.0
52920,1A,1200.0
52921,SL,400.0
52921,3A,640.0
52921,2A,800.0
52921,1A,1200.0
52922,SL,400.0
52922,3A,640.0
52922,2A,800.0
52922,1A,1200.0
52923,SL,400.0
52923,3A,640.0
52923,2A,800.0
52923,1A,1200.0
52924,SL,400.0
52924,3A,640.0
52924,2A,800.0
52924,1A,1200.0
52926,SL,400.0
52926,3A,640.0
52926,2A,800.0
52926,1A,1200.0
52927,SL,400.0
52927,3A,640.0
52927,2A,800.0
52927,1A,1200.0
52928,SL,400.0
52928,3A,640.0
52928,2A,800.0
52928,1A,1200.0
52929,SL,400.0
52929,3A,640.0
52929,2A,800.0
52929,1A,1200.0
52930,SL,400.0
52930,3A,640.0
52930,2A,800.0
52930,1A,1200.0
22464,SL,400.0
22464,3A,640.0
22464,2A,800.0
22464,1A,1200.0
52931,SL,400.0
52931,3A,640.0
52931,2A,800.0
52931,1A,1200.0
52932,SL,400.0
52932,3A,640.0
52932,2A,800.0
52932,1A,1200.0
52933,SL,400.0
52933,3A,640.0
52933,2A,800.0
52933,1A,1200.0
52935,SL,400.0
52935,3A,640.0
52935,2A,800.0
52935,1A,1200.0
52937,SL,400.0
52937,3A,640.0
52937,2A,800.0
52937,1A,1200.0
52938,SL,400.0
52938,3A,640.0
52938,2A,800.0
52938,1A,1200.0
52939,SL,400.0
52939,3A,640.0
52939,2A,800.0
52939,1A,1200.0
52942,SL,400.0
52942,3A,640.0
52942,2A,800.0
52942,1A,1200.0
52943,SL,400.0
52943,3A,640.0
52943,2A,800.0
52943,1A,1200.0
52945,SL,400.0
52945,3A,640.0
52945,2A,800.0
52945,1A,1200.0
52946,SL,400.0
52946,3A,640.0
52946,2A,800.0
52946,1A,1200.0
52947,SL,400.0
52947,3A,640.0
52947,2A,800.0
52947,1A,1200.0
52948,SL,400.0
52948,3A,640.0
52948,2A,800.0
52948,1A,1200.0
52949,SL,400.0
52949,3A,640.0
52949,2A,800.0
52949,1A,1200.0
52950,SL,400.0
52950,3A,640.0
52950,2A,800.0
52950,1A,1200.0
52951,SL,400.0
52951,3A,640.0
52951,2A,800.0
52951,1A,1200.0
52952,SL,400.0
52952,3A,640.0
52952,2A,800.0
52952,1A,1200.0
52953,SL,400.0
52953,3A,640.0
52953,2A,800.0
52953,1A,1200.0
52954,SL,400.0
52954,3A,640.0
52954,2A,800.0
52954,1A,1200.0
52955,SL,400.0
52955,3A,640.0
52955,2A,800.0
52955,1A,1200.0
52956,SL,400.0
52956,3A,640.0
52956,2A,800.0
52956,1A,1200.0
52957,SL,400.0
52957,3A,640.0
52957,2A,800.0
52957,1A,1200.0
52958,SL,400.0
52958,3A,640.0
52958,2A,800.0
52958,1A,1200.0
52959,SL,400.0
52959,3A,640.0
52959,2A,800.0
52959,1A,1200.0
52960,SL,400.0
52960,3A,640.0
52960,2A,800.0
52960,1A,1200.0
52961,SL,400.0
52961,3A,640.0
52961,2A,800.0
52961,1A,1200.0
52962,SL,400.0
52962,3A,640.0
52962,2A,800.0
52962,1A,1200.0
52963,SL,400.0
52963,3A,640.0
52963,2A,800.0
52963,1A,1200.0
52964,SL,400.0
52964,3A,640.0
52964,2A,800.0
52964,1A,1200.0
52965,SL,400.0
52965,3A,640.0
52965,2A,800.0
52965,1A,1200.0
52966,SL,400.0
52966,3A,640.0
52966,2A,800.0
52966,1A,1200.0
52967,SL,400.0
52967,3A,640.0
52967,2A,800.0
52967,1A,1200.0
52968,SL,400.0
52968,3A,640.0
52968,2A,800.0
52968,1A,1200.0
52969,SL,400.0
52969,3A,640.0
52969,2A,800.0
52969,1A,1200.0
52970,SL,400.0
52970,3A,640.0
52970,2A,800.0
52970,1A,1200.0
52971,SL,400.0
52971,3A,640.0
52971,2A,800.0
52971,1A,1200.0
52972,SL,400.0
52972,3A,640.0
52972,2A,800.0
52972,1A,1200.0
52973,SL,400.0
52973,3A,640.0
52973,2A,800.0
52973,1A,1200.0
52975,SL,400.0
52975,3A,640.0
52975,2A,800.0
52975,1A,1200.0
52976,SL,400.0
52976,3A,640.0
52976,2A,800.0
52976,1A,1200.0
52977,SL,400.0
52977,3A,640.0
52977,2A,800.0
52977,1A,1200.0
52978,SL,400.0
52978,3A,640.0
52978,2A,800.0
52978,1A,1200.0
52979,SL,400.0
52979,3A,640.0
52979,2A,800.0
52979,1A,1200.0
52980,SL,400.0
52980,3A,640.0
52980,2A,800.0
52980,1A,1200.0
52981,SL,400.0
52981,3A,640.0
52981,2A,800.0
52981,1A,1200.0
52982,SL,400.0
52982,3A,640.0
52982,2A,800.0
52982,1A,1200.0
52983,SL,400.0
52983,3A,640.0
52983,2A,800.0
52983,1A,1200.0
14202,SL,400.0
14202,3A,640.0
14202,2A,800.0
14202,1A,1200.0
15632-Slip,SL,400.0
15632-Slip,3A,640.0
15632-Slip,2A,800.0
15632-Slip,1A,1200.0
18508,SL,400.0
18508,3A,640.0
18508,2A,800.0
18508,1A,1200.0
25631,SL,400.0
25631,3A,640.0
25631,2A,800.0
25631,1A,1200.0
52984,SL,400.0
52984,3A,640.0
52984,2A,800.0
52984,1A,1200.0
52985,SL,400.0
52985,3A,640.0
52985,2A,800.0
52985,1A,1200.0
52986,SL,400.0
52986,3A,640.0
52986,2A,800.0
52986,1A,1200.0
52987,SL,400.0
52987,3A,640.0
52987,2A,800.0
52987,1A,1200.0
52988,SL,400.0
52988,3A,640.0
52988,2A,800.0
52988,1A,1200.0
52989,SL,400.0
52989,3A,640.0
52989,2A,800.0
52989,1A,1200.0
52990,SL,400.0
52990,3A,640.0
52990,2A,800.0
52990,1A,1200.0
52991,SL,400.0
52991,3A,640.0
52991,2A,800.0
52991,1A,1200.0
52992,SL,400.0
52992,3A,640.0
52992,2A,800.0
52992,1A,1200.0
52993,SL,400.0
52993,3A,640.0
52993,2A,800.0
52993,1A,1200.0
52994,SL,400.0
52994,3A,640.0
52994,2A,800.0
52994,1A,1200.0
53001,SL,400.0
53001,3A,640.0
53001,2A,800.0
53001,1A,1200.0
53002,SL,400.0
53002,3A,640.0
53002,2A,800.0
53002,1A,1200.0
53003,SL,400.0
53003,3A,640.0
53003,2A,800.0
53003,1A,1200.0
53004,SL,400.0
53004,3A,640.0
53004,2A,800.0
53004,1A,1200.0
53006,SL,400.0
53006,3A,640.0
53006,2A,800.0
53006,1A,1200.0
53007,SL,400.0
53007,3A,640.0
53007,2A,800.0
53007,1A,1200.0
53008,SL,400.0
53008,3A,640.0
53008,2A,800.0
53008,1A,1200.0
53010,SL,400.0
53010,3A,640.0
53010,2A,800.0
53010,1A,1200.0
53012,SL,400.0
53012,3A,640.0
53012,2A,800.0
53012,1A,1200.0
53014,SL,400.0
53014,3A,640.0
53014,2A,800.0
53014,1A,1200.0
53016,SL,400.0
53016,3A,640.0
53016,2A,800.0
53016,1A,1200.0
53017,SL,400.0
53017,3A,640.0
53017,2A,800.0
53017,1A,1200.0
53018,SL,400.0
53018,3A,640.0
53018,2A,800.0
53018,1A,1200.0
53022,SL,400.0
53022,3A,640.0
53022,2A,800.0
53022,1A,1200.0
53035,SL,400.0
53035,3A,640.0
53035,2A,800.0
53035,1A,1200.0
53043,SL,400.0
53043,3A,640.0
53043,2A,800.0
53043,1A,1200.0
53044,SL,400.0
53044,3A,640.0
53044,2A,800.0
53044,1A,1200.0
53045,SL,400.0
53045,3A,640.0
53045,2A,800.0
53045,1A,1200.0
53046,SL,400.0
53046,3A,640.0
53046,2A,800.0
53046,1A,1200.0
53047,SL,400.0
53047,3A,640.0
53047,2A,800.0
53047,1A,1200.0
53048,SL,400.0
53048,3A,640.0
53048,2A,800.0
53048,1A,1200.0
53050,SL,400.0
53050,3A,640.0
53050,2A,800.0
53050,1A,1200.0
53061,SL,400.0
53061,3A,640.0
53061,2A,800.0
53061,1A,1200.0
53062,SL,400.0
53062,3A,640.0
53062,2A,800.0
53062,1A,1200.0
53064,SL,400.0
53064,3A,640.0
53064,2A,800.0
53064,1A,1200.0
53065,SL,400.0
53065,3A,640.0
53065,2A,800.0
53065,1A,1200.0
53066,SL,400.0
53066,3A,640.0
53066,2A,800.0
53066,1A,1200.0
53067,SL,400.0
53067,3A,640.0
53067,2A,800.0
53067,1A,1200.0
53208,SL,400.0
53208,3A,640.0
53208,2A,800.0
53208,1A,1200.0
53213,SL,400.0
53213,3A,640.0
53213,2A,800.0
53213,1A,1200.0
53215,SL,400.0
53215,3A,640.0
53215,2A,800.0
53215,1A,1200.0
53217,SL,400.0
53217,3A,640.0
53217,2A,800.0
53217,1A,1200.0
18047,SL,400.0
18047,3A,640.0
18047,2A,800.0
18047,1A,1200.0
51196,SL,400.0
51196,3A,640.0
51196,2A,800.0
51196,1A,1200.0
53068,SL,400.0
53068,3A,640.0
53068,2A,800.0
53068,1A,1200.0
53070,SL,400.0
53070,3A,640.0
53070,2A,800.0
53070,1A,1200.0
53073,SL,400.0
53073,3A,640.0
53073,2A,800.0
53073,1A,1200.0
53074,SL,400.0
53074,3A,640.0
53074,2A,800.0
53074,1A,1200.0
53132,SL,400.0
53132,3A,640.0
53132,2A,800.0
53132,1A,1200.0
53135,SL,400.0
53135,3A,640.0
53135,2A,800.0
53135,1A,1200.0
53136,SL,400.0
53136,3A,640.0
53136,2A,800.0
53136,1A,1200.0
53137,SL,400.0
53137,3A,640.0
53137,2A,800.0
53137,1A,1200.0
53139,SL,400.0
53139,3A,640.0
53139,2A,800.0
53139,1A,1200.0
53140,SL,400.0
53140,3A,640.0
53140,2A,800.0
53140,1A,1200.0
53152,SL,400.0
53152,3A,640.0
53152,2A,800.0
53152,1A,1200.0
53153,SL,400.0
53153,3A,640.0
53153,2A,800.0
53153,1A,1200.0
53154,SL,400.0
53154,3A,640.0
53154,2A,800.0
53154,1A,1200.0
53155,SL,400.0
53155,3A,640.0
53155,2A,800.0
53155,1A,1200.0
53156,SL,400.0
53156,3A,640.0
53156,2A,800.0
53156,1A,1200.0
53172,SL,400.0
53172,3A,640.0
53172,2A,800.0
53172,1A,1200.0
53173,SL,400.0
53173,3A,640.0
53173,2A,800.0
53173,1A,1200.0
53174,SL,400.0
53174,3A,640.0
53174,2A,800.0
53174,1A,1200.0
53175,SL,400.0
53175,3A,640.0
53175,2A,800.0
53175,1A,1200.0
53177,SL,400.0
53177,3A,640.0
53177,2A,800.0
53177,1A,1200.0
53178,SL,400.0
53178,3A,640.0
53178,2A,800.0
53178,1A,1200.0
53179,SL,400.0
53179,3A,640.0
53179,2A,800.0
53179,1A,1200.0
53180,SL,400.0
53180,3A,640.0
53180,2A,800.0
53180,1A,1200.0
53181,SL,400.0
53181,3A,640.0
53181,2A,800.0
53181,1A,1200.0
53203,SL,400.0
53203,3A,640.0
53203,2A,800.0
53203,1A,1200.0
53204,SL,400.0
53204,3A,640.0
53204,2A,800.0
53204,1A,1200.0
53205,SL,400.0
53205,3A,640.0
53205,2A,800.0
53205,1A,1200.0
53206,SL,400.0
53206,3A,640.0
53206,2A,800.0
53206,1A,1200.0
53207,SL,400.0
53207,3A,640.0
53207,2A,800.0
53207,1A,1200.0
53214,SL,400.0
53214,3A,640.0
53214,2A,800.0
53214,1A,1200.0
53216,SL,400.0
53216,3A,640.0
53216,2A,800.0
53216,1A,1200.0
53218,SL,400.0
53218,3A,640.0
53218,2A,800.0
53218,1A,1200.0
53219,SL,400.0
53219,3A,640.0
53219,2A,800.0
53219,1A,1200.0
53227,SL,400.0
53227,3A,640.0
53227,2A,800.0
53227,1A,1200.0
53228,SL,400.0
53228,3A,640.0
53228,2A,800.0
53228,1A,1200.0
53229,SL,400.0
53229,3A,640.0
53229,2A,800.0
53229,1A,1200.0
53230,SL,400.0
53230,3A,640.0
53230,2A,800.0
53230,1A,1200.0
53231,SL,400.0
53231,3A,640.0
53231,2A,800.0
53231,1A,1200.0
53232,SL,400.0
53232,3A,640.0
53232,2A,800.0
53232,1A,1200.0
53321,SL,400.0
53321,3A,640.0
53321,2A,800.0
53321,1A,1200.0
53322,SL,400.0
53322,3A,640.0
53322,2A,800.0
53322,1A,1200.0
53343,SL,400.0
53343,3A,640.0
53343,2A,800.0
53343,1A,1200.0
53344,SL,400.0
53344,3A,640.0
53344,2A,800.0
53344,1A,1200.0
53345,SL,400.0
53345,3A,640.0
53345,2A,800.0
53345,1A,1200.0
53346,SL,400.0
53346,3A,640.0
53346,2A,800.0
53346,1A,1200.0
13071,SL,400.0
13071,3A,640.0
13071,2A,800.0
13071,1A,1200.0
18235,SL,400.0
18235,3A,640.0
18235,2A,800.0
18235,1A,1200.0
18409,SL,400.0
18409,3A,640.0
18409,2A,800.0
18409,1A,1200.0
18645,SL,400.0
18645,3A,640.0
18645,2A,800.0
18645,1A,1200.0
19306,SL,400.0
19306,3A,640.0
19306,2A,800.0
19306,1A,1200.0
22308,SL,400.0
22308,3A,640.0
22308,2A,800.0
22308,1A,1200.0
23040,SL,400.0
23040,3A,640.0
23040,2A,800.0
23040,1A,1200.0
37355,SL,400.0
37355,3A,640.0
37355,2A,800.0
37355,1A,1200.0
38442,SL,400.0
38442,3A,640.0
38442,2A,800.0
38442,1A,1200.0
43891,SL,400.0
43891,3A,640.0
43891,2A,800.0
43891,1A,1200.0
51816,SL,400.0
51816,3A,640.0
51816,2A,800.0
51816,1A,1200.0
53049,SL,400.0
53049,3A,640.0
53049,2A,800.0
53049,1A,1200.0
53323,SL,400.0
53323,3A,640.0
53323,2A,800.0
53323,1A,1200.0
53324,SL,400.0
53324,3A,640.0
53324,2A,800.0
53324,1A,1200.0
53325,SL,400.0
53325,3A,640.0
53325,2A,800.0
53325,1A,1200.0
53326,SL,400.0
53326,3A,640.0
53326,2A,800.0
53326,1A,1200.0
53327,SL,400.0
53327,3A,640.0
53327,2A,800.0
53327,1A,1200.0
53328,SL,400.0
53328,3A,640.0
53328,2A,800.0
53328,1A,1200.0
53333,SL,400.0
53333,3A,640.0
53333,2A,800.0
53333,1A,1200.0
53334,SL,400.0
53334,3A,640.0
53334,2A,800.0
53334,1A,1200.0
53336,SL,400.0
53336,3A,640.0
53336,2A,800.0
53336,1A,1200.0
53337,SL,400.0
53337,3A,640.0
53337,2A,800.0
53337,1A,1200.0
53338,SL,400.0
53338,3A,640.0
53338,2A,800.0
53338,1A,1200.0
53339,SL,400.0
53339,3A,640.0
53339,2A,800.0
53339,1A,1200.0
53340,SL,400.0
53340,3A,640.0
53340,2A,800.0
53340,1A,1200.0
53341,SL,400.0
53341,3A,640.0
53341,2A,800.0
53341,1A,1200.0
53342,SL,400.0
53342,3A,640.0
53342,2A,800.0
53342,1A,1200.0
53347,SL,400.0
53347,3A,640.0
53347,2A,800.0
53347,1A,1200.0
53348,SL,400.0
53348,3A,640.0
53348,2A,800.0
53348,1A,1200.0
53350,SL,400.0
53350,3A,640.0
53350,2A,800.0
53350,1A,1200.0
53351,SL,400.0
53351,3A,640.0
53351,2A,800.0
53351,1A,1200.0
53352,SL,400.0
53352,3A,640.0
53352,2A,800.0
53352,1A,1200.0
53358,SL,400.0
53358,3A,640.0
53358,2A,800.0
53358,1A,1200.0
53359,SL,400.0
53359,3A,640.0
53359,2A,800.0
53359,1A,1200.0
53360,SL,400.0
53360,3A,640.0
53360,2A,800.0
53360,1A,1200.0
53361,SL,400.0
53361,3A,640.0
53361,2A,800.0
53361,1A,1200.0
53362,SL,400.0
53362,3A,640.0
53362,2A,800.0
53362,1A,1200.0
53364,SL,400.0
53364,3A,640.0
53364,2A,800.0
53364,1A,1200.0
53401,SL,400.0
53401,3A,640.0
53401,2A,800.0
53401,1A,1200.0
53402,SL,400.0
53402,3A,640.0
53402,2A,800.0
53402,1A,1200.0
53403,SL,400.0
53403,3A,640.0
53403,2A,800.0
53403,1A,1200.0
53406,SL,400.0
53406,3A,640.0
53406,2A,800.0
53406,1A,1200.0
53412,SL,400.0
53412,3A,640.0
53412,2A,800.0
53412,1A,1200.0
53417,SL,400.0
53417,3A,640.0
53417,2A,800.0
53417,1A,1200.0
53418,SL,400.0
53418,3A,640.0
53418,2A,800.0
53418,1A,1200.0
53551,SL,400.0
53551,3A,640.0
53551,2A,800.0
53551,1A,1200.0
53553,SL,400.0
53553,3A,640.0
53553,2A,800.0
53553,1A,1200.0
53567,SL,400.0
53567,3A,640.0
53567,2A,800.0
53567,1A,1200.0
11055,SL,400.0
11055,3A,640.0
11055,2A,800.0
11055,1A,1200.0
11107,SL,400.0
11107,3A,640.0
11107,2A,800.0
11107,1A,1200.0
15270,SL,400.0
15270,3A,640.0
15270,2A,800.0
15270,1A,1200.0
16519,SL,400.0
16519,3A,640.0
16519,2A,800.0
16519,1A,1200.0
32252,SL,400.0
32252,3A,640.0
32252,2A,800.0
32252,1A,1200.0
51253,SL,400.0
51253,3A,640.0
51253,2A,800.0
51253,1A,1200.0
51882,SL,400.0
51882,3A,640.0
51882,2A,800.0
51882,1A,1200.0
52173,SL,400.0
52173,3A,640.0
52173,2A,800.0
52173,1A,1200.0
53442,SL,400.0
53442,3A,640.0
53442,2A,800.0
53442,1A,1200.0
53481,SL,400.0
53481,3A,640.0
53481,2A,800.0
53481,1A,1200.0
53482,SL,400.0
53482,3A,640.0
53482,2A,800.0
53482,1A,1200.0
53483,SL,400.0
53483,3A,640.0
53483,2A,800.0
53483,1A,1200.0
53484,SL,400.0
53484,3A,640.0
53484,2A,800.0
53484,1A,1200.0
53485,SL,400.0
53485,3A,640.0
53485,2A,800.0
53485,1A,1200.0
53487,SL,400.0
53487,3A,640.0
53487,2A,800.0
53487,1A,1200.0
53490,SL,400.0
53490,3A,640.0
53490,2A,800.0
53490,1A,1200.0
53491,SL,400.0
53491,3A,640.0
53491,2A,800.0
53491,1A,1200.0
53492,SL,400.0
53492,3A,640.0
53492,2A,800.0
53492,1A,1200.0
53493,SL,400.0
53493,3A,640.0
53493,2A,800.0
53493,1A,1200.0
53494,SL,400.0
53494,3A,640.0
53494,2A,800.0
53494,1A,1200.0
53511,SL,400.0
53511,3A,640.0
53511,2A,800.0
53511,1A,1200.0
53512,SL,400.0
53512,3A,640.0
53512,2A,800.0
53512,1A,1200.0
53513,SL,400.0
53513,3A,640.0
53513,2A,800.0
53513,1A,1200.0
53514,SL,400.0
53514,3A,640.0
53514,2A,800.0
53514,1A,1200.0
53517,SL,400.0
53517,3A,640.0
53517,2A,800.0
53517,1A,1200.0
53518,SL,400.0
53518,3A,640.0
53518,2A,800.0
53518,1A,1200.0
53519,SL,400.0
53519,3A,640.0
53519,2A,800.0
53519,1A,1200.0
53520,SL,400.0
53520,3A,640.0
53520,2A,800.0
53520,1A,1200.0
53547,SL,400.0
53547,3A,640.0
53547,2A,800.0
53547,1A,1200.0
53548,SL,400.0
53548,3A,640.0
53548,2A,800.0
53548,1A,1200.0
53552,SL,400.0
53552,3A,640.0
53552,2A,800.0
53552,1A,1200.0
53554,SL,400.0
53554,3A,640.0
53554,2A,800.0
53554,1A,1200.0
53602,SL,400.0
53602,3A,640.0
53602,2A,800.0
53602,1A,1200.0
53603,SL,400.0
53603,3A,640.0
53603,2A,800.0
53603,1A,1200.0
53604,SL,400.0
53604,3A,640.0
53604,2A,800.0
53604,1A,1200.0
53607,SL,400.0
53607,3A,640.0
53607,2A,800.0
53607,1A,1200.0
53641,SL,400.0
53641,3A,640.0
53641,2A,800.0
53641,1A,1200.0
53643,SL,400.0
53643,3A,640.0
53643,2A,800.0
53643,1A,1200.0
53644,SL,400.0
53644,3A,640.0
53644,2A,800.0
53644,1A,1200.0
53645,SL,400.0
53645,3A,640.0
53645,2A,800.0
53645,1A,1200.0
53646,SL,400.0
53646,3A,640.0
53646,2A,800.0
53646,1A,1200.0
53647,SL,400.0
53647,3A,640.0
53647,2A,800.0
53647,1A,1200.0
54001,SL,400.0
54001,3A,640.0
54001,2A,800.0
54001,1A,1200.0
54002,SL,400.0
54002,3A,640.0
54002,2A,800.0
54002,1A,1200.0
54011,SL,400.0
54011,3A,640.0
54011,2A,800.0
54011,1A,1200.0
54012,SL,400.0
54012,3A,640.0
54012,2A,800.0
54012,1A,1200.0
54022,SL,400.0
54022,3A,640.0
54022,2A,800.0
54022,1A,1200.0
57517,SL,400.0
57517,3A,640.0
57517,2A,800.0
57517,1A,1200.0
19916,SL,400.0
19916,3A,640.0
19916,2A,800.0
19916,1A,1200.0
53036,SL,400.0
53036,3A,640.0
53036,2A,800.0
53036,1A,1200.0
53609,SL,400.0
53609,3A,640.0
53609,2A,800.0
53609,1A,1200.0
53611,SL,400.0
53611,3A,640.0
53611,2A,800.0
53611,1A,1200.0
53612,SL,400.0
53612,3A,640.0
53612,2A,800.0
53612,1A,1200.0
53614,SL,400.0
53614,3A,640.0
53614,2A,800.0
53614,1A,1200.0
53616,SL,400.0
53616,3A,640.0
53616,2A,800.0
53616,1A,1200.0
53623,SL,400.0
53623,3A,640.0
53623,2A,800.0
53623,1A,1200.0
53624,SL,400.0
53624,3A,640.0
53624,2A,800.0
53624,1A,1200.0
53625,SL,400.0
53625,3A,640.0
53625,2A,800.0
53625,1A,1200.0
53626,SL,400.0
53626,3A,640.0
53626,2A,800.0
53626,1A,1200.0
53627,SL,400.0
53627,3A,640.0
53627,2A,800.0
53627,1A,1200.0
53628,SL,400.0
53628,3A,640.0
53628,2A,800.0
53628,1A,1200.0
53629,SL,400.0
53629,3A,640.0
53629,2A,800.0
53629,1A,1200.0
53630,SL,400.0
53630,3A,640.0
53630,2A,800.0
53630,1A,1200.0
53631,SL,400.0
53631,3A,640.0
53631,2A,800.0
53631,1A,1200.0
53632,SL,400.0
53632,3A,640.0
53632,2A,800.0
53632,1A,1200.0
53642,SL,400.0
53642,3A,640.0
53642,2A,800.0
53642,1A,1200.0
53648,SL,400.0
53648,3A,640.0
53648,2A,800.0
53648,1A,1200.0
53653,SL,400.0
53653,3A,640.0
53653,2A,800.0
53653,1A,1200.0
53654,SL,400.0
53654,3A,640.0
53654,2A,800.0
53654,1A,1200.0
53659,SL,400.0
53659,3A,640.0
53659,2A,800.0
53659,1A,1200.0
54003,SL,400.0
54003,3A,640.0
54003,2A,800.0
54003,1A,1200.0
54004,SL,400.0
54004,3A,640.0
54004,2A,800.0
54004,1A,1200.0
54006,SL,400.0
54006,3A,640.0
54006,2A,800.0
54006,1A,1200.0
54007,SL,400.0
54007,3A,640.0
54007,2A,800.0
54007,1A,1200.0
54008,SL,400.0
54008,3A,640.0
54008,2A,800.0
54008,1A,1200.0
54009,SL,400.0
54009,3A,640.0
54009,2A,800.0
54009,1A,1200.0
54013,SL,400.0
54013,3A,640.0
54013,2A,800.0
54013,1A,1200.0
54014,SL,400.0
54014,3A,640.0
54014,2A,800.0
54014,1A,1200.0
54015,SL,400.0
54015,3A,640.0
54015,2A,800.0
54015,1A,1200.0
54016,SL,400.0
54016,3A,640.0
54016,2A,800.0
54016,1A,1200.0
54018,SL,400.0
54018,3A,640.0
54018,2A,800.0
54018,1A,1200.0
54021,SL,400.0
54021,3A,640.0
54021,2A,800.0
54021,1A,1200.0
54023,SL,400.0
54023,3A,640.0
54023,2A,800.0
54023,1A,1200.0
54024,SL,400.0
54024,3A,640.0
54024,2A,800.0
54024,1A,1200.0
54043,SL,400.0
54043,3A,640.0
54043,2A,800.0
54043,1A,1200.0
54044,SL,400.0
54044,3A,640.0
54044,2A,800.0
54044,1A,1200.0
54045,SL,400.0
54045,3A,640.0
54045,2A,800.0
54045,1A,1200.0
54046,SL,400.0
54046,3A,640.0
54046,2A,800.0
54046,1A,1200.0
54051,SL,400.0
54051,3A,640.0
54051,2A,800.0
54051,1A,1200.0
54052,SL,400.0
54052,3A,640.0
54052,2A,800.0
54052,1A,1200.0
54053,SL,400.0
54053,3A,640.0
54053,2A,800.0
54053,1A,1200.0
54054,SL,400.0
54054,3A,640.0
54054,2A,800.0
54054,1A,1200.0
54077,SL,400.0
54077,3A,640.0
54077,2A,800.0
54077,1A,1200.0
54078,SL,400.0
54078,3A,640.0
54078,2A,800.0
54078,1A,1200.0
54091,SL,400.0
54091,3A,640.0
54091,2A,800.0
54091,1A,1200.0
54104,SL,400.0
54104,3A,640.0
54104,2A,800.0
54104,1A,1200.0
54031,SL,400.0
54031,3A,640.0
54031,2A,800.0
54031,1A,1200.0
54032,SL,400.0
54032,3A,640.0
54032,2A,800.0
54032,1A,1200.0
54033,SL,400.0
54033,3A,640.0
54033,2A,800.0
54033,1A,1200.0
54034,SL,400.0
54034,3A,640.0
54034,2A,800.0
54034,1A,1200.0
54035,SL,400.0
54035,3A,640.0
54035,2A,800.0
54035,1A,1200.0
54036,SL,400.0
54036,3A,640.0
54036,2A,800.0
54036,1A,1200.0
54037,SL,400.0
54037,3A,640.0
54037,2A,800.0
54037,1A,1200.0
54038,SL,400.0
54038,3A,640.0
54038,2A,800.0
54038,1A,1200.0
54039,SL,400.0
54039,3A,640.0
54039,2A,800.0
54039,1A,1200.0
54040,SL,400.0
54040,3A,640.0
54040,2A,800.0
54040,1A,1200.0
54041,SL,400.0
54041,3A,640.0
54041,2A,800.0
54041,1A,1200.0
54042,SL,400.0
54042,3A,640.0
54042,2A,800.0
54042,1A,1200.0
54047,SL,400.0
54047,3A,640.0
54047,2A,800.0
54047,1A,1200.0
54048,SL,400.0
54048,3A,640.0
54048,2A,800.0
54048,1A,1200.0
54049,SL,400.0
54049,3A,640.0
54049,2A,800.0
54049,1A,1200.0
54050,SL,400.0
54050,3A,640.0
54050,2A,800.0
54050,1A,1200.0
54055,SL,400.0
54055,3A,640.0
54055,2A,800.0
54055,1A,1200.0
54057,SL,400.0
54057,3A,640.0
54057,2A,800.0
54057,1A,1200.0
54058,SL,400.0
54058,3A,640.0
54058,2A,800.0
54058,1A,1200.0
54059,SL,400.0
54059,3A,640.0
54059,2A,800.0
54059,1A,1200.0
54060,SL,400.0
54060,3A,640.0
54060,2A,800.0
54060,1A,1200.0
54071,SL,400.0
54071,3A,640.0
54071,2A,800.0
54071,1A,1200.0
54072,SL,400.0
54072,3A,640.0
54072,2A,800.0
54072,1A,1200.0
54075,SL,400.0
54075,3A,640.0
54075,2A,800.0
54075,1A,1200.0
54076,SL,400.0
54076,3A,640.0
54076,2A,800.0
54076,1A,1200.0
54085,SL,400.0
54085,3A,640.0
54085,2A,800.0
54085,1A,1200.0
54086,SL,400.0
54086,3A,640.0
54086,2A,800.0
54086,1A,1200.0
54102,SL,400.0
54102,3A,640.0
54102,2A,800.0
54102,1A,1200.0
54105,SL,400.0
54105,3A,640.0
54105,2A,800.0
54105,1A,1200.0
54106,SL,400.0
54106,3A,640.0
54106,2A,800.0
54106,1A,1200.0
54107,SL,400.0
54107,3A,640.0
54107,2A,800.0
54107,1A,1200.0
54108,SL,400.0
54108,3A,640.0
54108,2A,800.0
54108,1A,1200.0
54109,SL,400.0
54109,3A,640.0
54109,2A,800.0
54109,1A,1200.0
54157,SL,400.0
54157,3A,640.0
54157,2A,800.0
54157,1A,1200.0
54158,SL,400.0
54158,3A,640.0
54158,2A,800.0
54158,1A,1200.0
54160,SL,400.0
54160,3A,640.0
54160,2A,800.0
54160,1A,1200.0
54192,SL,400.0
54192,3A,640.0
54192,2A,800.0
54192,1A,1200.0
54193,SL,400.0
54193,3A,640.0
54193,2A,800.0
54193,1A,1200.0
54221,SL,400.0
54221,3A,640.0
54221,2A,800.0
54221,1A,1200.0
54223,SL,400.0
54223,3A,640.0
54223,2A,800.0
54223,1A,1200.0
54226,SL,400.0
54226,3A,640.0
54226,2A,800.0
54226,1A,1200.0
54232,SL,400.0
54232,3A,640.0
54232,2A,800.0
54232,1A,1200.0
54234,SL,400.0
54234,3A,640.0
54234,2A,800.0
54234,1A,1200.0
54239,SL,400.0
54239,3A,640.0
54239,2A,800.0
54239,1A,1200.0
54243,SL,400.0
54243,3A,640.0
54243,2A,800.0
54243,1A,1200.0
54251,SL,400.0
54251,3A,640.0
54251,2A,800.0
54251,1A,1200.0
54254,SL,400.0
54254,3A,640.0
54254,2A,800.0
54254,1A,1200.0
54271,SL,400.0
54271,3A,640.0
54271,2A,800.0
54271,1A,1200.0
53138,SL,400.0
53138,3A,640.0
53138,2A,800.0
53138,1A,1200.0
54110,SL,400.0
54110,3A,640.0
54110,2A,800.0
54110,1A,1200.0
54151,SL,400.0
54151,3A,640.0
54151,2A,800.0
54151,1A,1200.0
54152,SL,400.0
54152,3A,640.0
54152,2A,800.0
54152,1A,1200.0
54153,SL,400.0
54153,3A,640.0
54153,2A,800.0
54153,1A,1200.0
54154,SL,400.0
54154,3A,640.0
54154,2A,800.0
54154,1A,1200.0
54155,SL,400.0
54155,3A,640.0
54155,2A,800.0
54155,1A,1200.0
54156,SL,400.0
54156,3A,640.0
54156,2A,800.0
54156,1A,1200.0
54211,SL,400.0
54211,3A,640.0
54211,2A,800.0
54211,1A,1200.0
54212,SL,400.0
54212,3A,640.0
54212,2A,800.0
54212,1A,1200.0
54222,SL,400.0
54222,3A,640.0
54222,2A,800.0
54222,1A,1200.0
54224,SL,400.0
54224,3A,640.0
54224,2A,800.0
54224,1A,1200.0
54225,SL,400.0
54225,3A,640.0
54225,2A,800.0
54225,1A,1200.0
54227,SL,400.0
54227,3A,640.0
54227,2A,800.0
54227,1A,1200.0
54228,SL,400.0
54228,3A,640.0
54228,2A,800.0
54228,1A,1200.0
54233,SL,400.0
54233,3A,640.0
54233,2A,800.0
54233,1A,1200.0
54237,SL,400.0
54237,3A,640.0
54237,2A,800.0
54237,1A,1200.0
54238,SL,400.0
54238,3A,640.0
54238,2A,800.0
54238,1A,1200.0
54240,SL,400.0
54240,3A,640.0
54240,2A,800.0
54240,1A,1200.0
54244,SL,400.0
54244,3A,640.0
54244,2A,800.0
54244,1A,1200.0
54252,SL,400.0
54252,3A,640.0
54252,2A,800.0
54252,1A,1200.0
54253,SL,400.0
54253,3A,640.0
54253,2A,800.0
54253,1A,1200.0
54255,SL,400.0
54255,3A,640.0
54255,2A,800.0
54255,1A,1200.0
54256,SL,400.0
54256,3A,640.0
54256,2A,800.0
54256,1A,1200.0
54262,SL,400.0
54262,3A,640.0
54262,2A,800.0
54262,1A,1200.0
54263,SL,400.0
54263,3A,640.0
54263,2A,800.0
54263,1A,1200.0
54264,SL,400.0
54264,3A,640.0
54264,2A,800.0
54264,1A,1200.0
54265,SL,400.0
54265,3A,640.0
54265,2A,800.0
54265,1A,1200.0
54266,SL,400.0
54266,3A,640.0
54266,2A,800.0
54266,1A,1200.0
54267,SL,400.0
54267,3A,640.0
54267,2A,800.0
54267,1A,1200.0
54270,SL,400.0
54270,3A,640.0
54270,2A,800.0
54270,1A,1200.0
54273,SL,400.0
54273,3A,640.0
54273,2A,800.0
54273,1A,1200.0
54274,SL,400.0
54274,3A,640.0
54274,2A,800.0
54274,1A,1200.0
54293,SL,400.0
54293,3A,640.0
54293,2A,800.0
54293,1A,1200.0
54294,SL,400.0
54294,3A,640.0
54294,2A,800.0
54294,1A,1200.0
54303,SL,400.0
54303,3A,640.0
54303,2A,800.0
54303,1A,1200.0
54304,SL,400.0
54304,3A,640.0
54304,2A,800.0
54304,1A,1200.0
54310,SL,400.0
54310,3A,640.0
54310,2A,800.0
54310,1A,1200.0
54328,SL,400.0
54328,3A,640.0
54328,2A,800.0
54328,1A,1200.0
54329,SL,400.0
54329,3A,640.0
54329,2A,800.0
54329,1A,1200.0
54330,SL,400.0
54330,3A,640.0
54330,2A,800.0
54330,1A,1200.0
54331,SL,400.0
54331,3A,640.0
54331,2A,800.0
54331,1A,1200.0
54332,SL,400.0
54332,3A,640.0
54332,2A,800.0
54332,1A,1200.0
54334,SL,400.0
54334,3A,640.0
54334,2A,800.0
54334,1A,1200.0
54351,SL,400.0
54351,3A,640.0
54351,2A,800.0
54351,1A,1200.0
54352,SL,400.0
54352,3A,640.0
54352,2A,800.0
54352,1A,1200.0
54466,SL,400.0
54466,3A,640.0
54466,2A,800.0
54466,1A,1200.0
12285,SL,400.0
12285,3A,640.0
12285,2A,800.0
12285,1A,1200.0
12918,SL,400.0
12918,3A,640.0
12918,2A,800.0
12918,1A,1200.0
17002,SL,400.0
17002,3A,640.0
17002,2A,800.0
17002,1A,1200.0
17050-Slip,SL,400.0
17050-Slip,3A,640.0
17050-Slip,2A,800.0
17050-Slip,1A,1200.0
22111,SL,400.0
22111,3A,640.0
22111,2A,800.0
22111,1A,1200.0
47172,SL,400.0
47172,3A,640.0
47172,2A,800.0
47172,1A,1200.0
47205,SL,400.0
47205,3A,640.0
47205,2A,800.0
47205,1A,1200.0
52253,SL,400.0
52253,3A,640.0
52253,2A,800.0
52253,1A,1200.0
53411,SL,400.0
53411,3A,640.0
53411,2A,800.0
53411,1A,1200.0
53608,SL,400.0
53608,3A,640.0
53608,2A,800.0
53608,1A,1200.0
54231,SL,400.0
54231,3A,640.0
54231,2A,800.0
54231,1A,1200.0
54272,SL,400.0
54272,3A,640.0
54272,2A,800.0
54272,1A,1200.0
54281,SL,400.0
54281,3A,640.0
54281,2A,800.0
54281,1A,1200.0
54282,SL,400.0
54282,3A,640.0
54282,2A,800.0
54282,1A,1200.0
54283,SL,400.0
54283,3A,640.0
54283,2A,800.0
54283,1A,1200.0
54284,SL,400.0
54284,3A,640.0
54284,2A,800.0
54284,1A,1200.0
54291,SL,400.0
54291,3A,640.0
54291,2A,800.0
54291,1A,1200.0
54292,SL,400.0
54292,3A,640.0
54292,2A,800.0
54292,1A,1200.0
54301,SL,400.0
54301,3A,640.0
54301,2A,800.0
54301,1A,1200.0
54302,SL,400.0
54302,3A,640.0
54302,2A,800.0
54302,1A,1200.0
54312,SL,400.0
54312,3A,640.0
54312,2A,800.0
54312,1A,1200.0
54322,SL,400.0
54322,3A,640.0
54322,2A,800.0
54322,1A,1200.0
54323,SL,400.0
54323,3A,640.0
54323,2A,800.0
54323,1A,1200.0
54324,SL,400.0
54324,3A,640.0
54324,2A,800.0
54324,1A,1200.0
54325,SL,400.0
54325,3A,640.0
54325,2A,800.0
54325,1A,1200.0
54326,SL,400.0
54326,3A,640.0
54326,2A,800.0
54326,1A,1200.0
54327,SL,400.0
54327,3A,640.0
54327,2A,800.0
54327,1A,1200.0
54333,SL,400.0
54333,3A,640.0
54333,2A,800.0
54333,1A,1200.0
54335,SL,400.0
54335,3A,640.0
54335,2A,800.0
54335,1A,1200.0
54341,SL,400.0
54341,3A,640.0
54341,2A,800.0
54341,1A,1200.0
54342,SL,400.0
54342,3A,640.0
54342,2A,800.0
54342,1A,1200.0
54354,SL,400.0
54354,3A,640.0
54354,2A,800.0
54354,1A,1200.0
54355,SL,400.0
54355,3A,640.0
54355,2A,800.0
54355,1A,1200.0
54356,SL,400.0
54356,3A,640.0
54356,2A,800.0
54356,1A,1200.0
54371,SL,400.0
54371,3A,640.0
54371,2A,800.0
54371,1A,1200.0
54372,SL,400.0
54372,3A,640.0
54372,2A,800.0
54372,1A,1200.0
54374,SL,400.0
54374,3A,640.0
54374,2A,800.0
54374,1A,1200.0
54375,SL,400.0
54375,3A,640.0
54375,2A,800.0
54375,1A,1200.0
54376,SL,400.0
54376,3A,640.0
54376,2A,800.0
54376,1A,1200.0
54392,SL,400.0
54392,3A,640.0
54392,2A,800.0
54392,1A,1200.0
54401,SL,400.0
54401,3A,640.0
54401,2A,800.0
54401,1A,1200.0
54403,SL,400.0
54403,3A,640.0
54403,2A,800.0
54403,1A,1200.0
54461,SL,400.0
54461,3A,640.0
54461,2A,800.0
54461,1A,1200.0
54462,SL,400.0
54462,3A,640.0
54462,2A,800.0
54462,1A,1200.0
54464,SL,400.0
54464,3A,640.0
54464,2A,800.0
54464,1A,1200.0
54465,SL,400.0
54465,3A,640.0
54465,2A,800.0
54465,1A,1200.0
58838,SL,400.0
58838,3A,640.0
58838,2A,800.0
58838,1A,1200.0
54373,SL,400.0
54373,3A,640.0
54373,2A,800.0
54373,1A,1200.0
54377,SL,400.0
54377,3A,640.0
54377,2A,800.0
54377,1A,1200.0
54378,SL,400.0
54378,3A,640.0
54378,2A,800.0
54378,1A,1200.0
54382,SL,400.0
54382,3A,640.0
54382,2A,800.0
54382,1A,1200.0
54383,SL,400.0
54383,3A,640.0
54383,2A,800.0
54383,1A,1200.0
54384,SL,400.0
54384,3A,640.0
54384,2A,800.0
54384,1A,1200.0
54385,SL,400.0
54385,3A,640.0
54385,2A,800.0
54385,1A,1200.0
54386,SL,400.0
54386,3A,640.0
54386,2A,800.0
54386,1A,1200.0
54387,SL,400.0
54387,3A,640.0
54387,2A,800.0
54387,1A,1200.0
54388,SL,400.0
54388,3A,640.0
54388,2A,800.0
54388,1A,1200.0
54389,SL,400.0
54389,3A,640.0
54389,2A,800.0
54389,1A,1200.0
54390,SL,400.0
54390,3A,640.0
54390,2A,800.0
54390,1A,1200.0
54402,SL,400.0
54402,3A,640.0
54402,2A,800.0
54402,1A,1200.0
54405,SL,400.0
54405,3A,640.0
54405,2A,800.0
54405,1A,1200.0
54406,SL,400.0
54406,3A,640.0
54406,2A,800.0
54406,1A,1200.0
54411,SL,400.0
54411,3A,640.0
54411,2A,800.0
54411,1A,1200.0
54412,SL,400.0
54412,3A,640.0
54412,2A,800.0
54412,1A,1200.0
54413,SL,400.0
54413,3A,640.0
54413,2A,800.0
54413,1A,1200.0
54414,SL,400.0
54414,3A,640.0
54414,2A,800.0
54414,1A,1200.0
54416,SL,400.0
54416,3A,640.0
54416,2A,800.0
54416,1A,1200.0
54417,SL,400.0
54417,3A,640.0
54417,2A,800.0
54417,1A,1200.0
54418,SL,400.0
54418,3A,640.0
54418,2A,800.0
54418,1A,1200.0
54419,SL,400.0
54419,3A,640.0
54419,2A,800.0
54419,1A,1200.0
54420,SL,400.0
54420,3A,640.0
54420,2A,800.0
54420,1A,1200.0
54421,SL,400.0
54421,3A,640.0
54421,2A,800.0
54421,1A,1200.0
54422,SL,400.0
54422,3A,640.0
54422,2A,800.0
54422,1A,1200.0
54463,SL,400.0
54463,3A,640.0
54463,2A,800.0
54463,1A,1200.0
54471,SL,400.0
54471,3A,640.0
54471,2A,800.0
54471,1A,1200.0
54472,SL,400.0
54472,3A,640.0
54472,2A,800.0
54472,1A,1200.0
54474,SL,400.0
54474,3A,640.0
54474,2A,800.0
54474,1A,1200.0
54475,SL,400.0
54475,3A,640.0
54475,2A,800.0
54475,1A,1200.0
54476,SL,400.0
54476,3A,640.0
54476,2A,800.0
54476,1A,1200.0
54481,SL,400.0
54481,3A,640.0
54481,2A,800.0
54481,1A,1200.0
54482,SL,400.0
54482,3A,640.0
54482,2A,800.0
54482,1A,1200.0
54483,SL,400.0
54483,3A,640.0
54483,2A,800.0
54483,1A,1200.0
54484,SL,400.0
54484,3A,640.0
54484,2A,800.0
54484,1A,1200.0
54485,SL,400.0
54485,3A,640.0
54485,2A,800.0
54485,1A,1200.0
54486,SL,400.0
54486,3A,640.0
54486,2A,800.0
54486,1A,1200.0
54502,SL,400.0
54502,3A,640.0
54502,2A,800.0
54502,1A,1200.0
54503,SL,400.0
54503,3A,640.0
54503,2A,800.0
54503,1A,1200.0
54506,SL,400.0
54506,3A,640.0
54506,2A,800.0
54506,1A,1200.0
54531,SL,400.0
54531,3A,640.0
54531,2A,800.0
54531,1A,1200.0
54542,SL,400.0
54542,3A,640.0
54542,2A,800.0
54542,1A,1200.0
54551,SL,400.0
54551,3A,640.0
54551,2A,800.0
54551,1A,1200.0
54553,SL,400.0
54553,3A,640.0
54553,2A,800.0
54553,1A,1200.0
54572,SL,400.0
54572,3A,640.0
54572,2A,800.0
54572,1A,1200.0
54575,SL,400.0
54575,3A,640.0
54575,2A,800.0
54575,1A,1200.0
54576,SL,400.0
54576,3A,640.0
54576,2A,800.0
54576,1A,1200.0
54468,SL,400.0
54468,3A,640.0
54468,2A,800.0
54468,1A,1200.0
54469,SL,400.0
54469,3A,640.0
54469,2A,800.0
54469,1A,1200.0
54470,SL,400.0
54470,3A,640.0
54470,2A,800.0
54470,1A,1200.0
54473,SL,400.0
54473,3A,640.0
54473,2A,800.0
54473,1A,1200.0
54505,SL,400.0
54505,3A,640.0
54505,2A,800.0
54505,1A,1200.0
54511,SL,400.0
54511,3A,640.0
54511,2A,800.0
54511,1A,1200.0
54521,SL,400.0
54521,3A,640.0
54521,2A,800.0
54521,1A,1200.0
54522,SL,400.0
54522,3A,640.0
54522,2A,800.0
54522,1A,1200.0
54532,SL,400.0
54532,3A,640.0
54532,2A,800.0
54532,1A,1200.0
54539,SL,400.0
54539,3A,640.0
54539,2A,800.0
54539,1A,1200.0
54540,SL,400.0
54540,3A,640.0
54540,2A,800.0
54540,1A,1200.0
54541,SL,400.0
54541,3A,640.0
54541,2A,800.0
54541,1A,1200.0
54555,SL,400.0
54555,3A,640.0
54555,2A,800.0
54555,1A,1200.0
54556,SL,400.0
54556,3A,640.0
54556,2A,800.0
54556,1A,1200.0
54557,SL,400.0
54557,3A,640.0
54557,2A,800.0
54557,1A,1200.0
54558,SL,400.0
54558,3A,640.0
54558,2A,800.0
54558,1A,1200.0
54559,SL,400.0
54559,3A,640.0
54559,2A,800.0
54559,1A,1200.0
54560,SL,400.0
54560,3A,640.0
54560,2A,800.0
54560,1A,1200.0
54561,SL,400.0
54561,3A,640.0
54561,2A,800.0
54561,1A,1200.0
54562,SL,400.0
54562,3A,640.0
54562,2A,800.0
54562,1A,1200.0
54563,SL,400.0
54563,3A,640.0
54563,2A,800.0
54563,1A,1200.0
54564,SL,400.0
54564,3A,640.0
54564,2A,800.0
54564,1A,1200.0
54581,SL,400.0
54581,3A,640.0
54581,2A,800.0
54581,1A,1200.0
54582,SL,400.0
54582,3A,640.0
54582,2A,800.0
54582,1A,1200.0
54601,SL,400.0
54601,3A,640.0
54601,2A,800.0
54601,1A,1200.0
54603,SL,400.0
54603,3A,640.0
54603,2A,800.0
54603,1A,1200.0
54605,SL,400.0
54605,3A,640.0
54605,2A,800.0
54605,1A,1200.0
54621,SL,400.0
54621,3A,640.0
54621,2A,800.0
54621,1A,1200.0
54622,SL,400.0
54622,3A,640.0
54622,2A,800.0
54622,1A,1200.0
54625,SL,400.0
54625,3A,640.0
54625,2A,800.0
54625,1A,1200.0
54626,SL,400.0
54626,3A,640.0
54626,2A,800.0
54626,1A,1200.0
54631,SL,400.0
54631,3A,640.0
54631,2A,800.0
54631,1A,1200.0
54632,SL,400.0
54632,3A,640.0
54632,2A,800.0
54632,1A,1200.0
54633,SL,400.0
54633,3A,640.0
54633,2A,800.0
54633,1A,1200.0
54634,SL,400.0
54634,3A,640.0
54634,2A,800.0
54634,1A,1200.0
54636,SL,400.0
54636,3A,640.0
54636,2A,800.0
54636,1A,1200.0
54637,SL,400.0
54637,3A,640.0
54637,2A,800.0
54637,1A,1200.0
54638,SL,400.0
54638,3A,640.0
54638,2A,800.0
54638,1A,1200.0
54641,SL,400.0
54641,3A,640.0
54641,2A,800.0
54641,1A,1200.0
54642,SL,400.0
54642,3A,640.0
54642,2A,800.0
54642,1A,1200.0
54643,SL,400.0
54643,3A,640.0
54643,2A,800.0
54643,1A,1200.0
54644,SL,400.0
54644,3A,640.0
54644,2A,800.0
54644,1A,1200.0
54645,SL,400.0
54645,3A,640.0
54645,2A,800.0
54645,1A,1200.0
54653,SL,400.0
54653,3A,640.0
54653,2A,800.0
54653,1A,1200.0
54654,SL,400.0
54654,3A,640.0
54654,2A,800.0
54654,1A,1200.0
54701,SL,400.0
54701,3A,640.0
54701,2A,800.0
54701,1A,1200.0
56373,SL,400.0
56373,3A,640.0
56373,2A,800.0
56373,1A,1200.0
53423,SL,400.0
53423,3A,640.0
53423,2A,800.0
53423,1A,1200.0
54611,SL,400.0
54611,3A,640.0
54611,2A,800.0
54611,1A,1200.0
54612,SL,400.0
54612,3A,640.0
54612,2A,800.0
54612,1A,1200.0
54613,SL,400.0
54613,3A,640.0
54613,2A,800.0
54613,1A,1200.0
54614,SL,400.0
54614,3A,640.0
54614,2A,800.0
54614,1A,1200.0
54615,SL,400.0
54615,3A,640.0
54615,2A,800.0
54615,1A,1200.0
54616,SL,400.0
54616,3A,640.0
54616,2A,800.0
54616,1A,1200.0
54635,SL,400.0
54635,3A,640.0
54635,2A,800.0
54635,1A,1200.0
54646,SL,400.0
54646,3A,640.0
54646,2A,800.0
54646,1A,1200.0
54702,SL,400.0
54702,3A,640.0
54702,2A,800.0
54702,1A,1200.0
54703,SL,400.0
54703,3A,640.0
54703,2A,800.0
54703,1A,1200.0
54751,SL,400.0
54751,3A,640.0
54751,2A,800.0
54751,1A,1200.0
54752,SL,400.0
54752,3A,640.0
54752,2A,800.0
54752,1A,1200.0
54753,SL,400.0
54753,3A,640.0
54753,2A,800.0
54753,1A,1200.0
54754,SL,400.0
54754,3A,640.0
54754,2A,800.0
54754,1A,1200.0
54755,SL,400.0
54755,3A,640.0
54755,2A,800.0
54755,1A,1200.0
54756,SL,400.0
54756,3A,640.0
54756,2A,800.0
54756,1A,1200.0
54757,SL,400.0
54757,3A,640.0
54757,2A,800.0
54757,1A,1200.0
54758,SL,400.0
54758,3A,640.0
54758,2A,800.0
54758,1A,1200.0
54781,SL,400.0
54781,3A,640.0
54781,2A,800.0
54781,1A,1200.0
54782,SL,400.0
54782,3A,640.0
54782,2A,800.0
54782,1A,1200.0
54783,SL,400.0
54783,3A,640.0
54783,2A,800.0
54783,1A,1200.0
54784,SL,400.0
54784,3A,640.0
54784,2A,800.0
54784,1A,1200.0
54785,SL,400.0
54785,3A,640.0
54785,2A,800.0
54785,1A,1200.0
54786,SL,400.0
54786,3A,640.0
54786,2A,800.0
54786,1A,1200.0
54787,SL,400.0
54787,3A,640.0
54787,2A,800.0
54787,1A,1200.0
54788,SL,400.0
54788,3A,640.0
54788,2A,800.0
54788,1A,1200.0
54791,SL,400.0
54791,3A,640.0
54791,2A,800.0
54791,1A,1200.0
54792,SL,400.0
54792,3A,640.0
54792,2A,800.0
54792,1A,1200.0
54793,SL,400.0
54793,3A,640.0
54793,2A,800.0
54793,1A,1200.0
54794,SL,400.0
54794,3A,640.0
54794,2A,800.0
54794,1A,1200.0
54805,SL,400.0
54805,3A,640.0
54805,2A,800.0
54805,1A,1200.0
54806,SL,400.0
54806,3A,640.0
54806,2A,800.0
54806,1A,1200.0
54807,SL,400.0
54807,3A,640.0
54807,2A,800.0
54807,1A,1200.0
54809,SL,400.0
54809,3A,640.0
54809,2A,800.0
54809,1A,1200.0
54810,SL,400.0
54810,3A,640.0
54810,2A,800.0
54810,1A,1200.0
54811,SL,400.0
54811,3A,640.0
54811,2A,800.0
54811,1A,1200.0
54812,SL,400.0
54812,3A,640.0
54812,2A,800.0
54812,1A,1200.0
55002,SL,400.0
55002,3A,640.0
55002,2A,800.0
55002,1A,1200.0
55008,SL,400.0
55008,3A,640.0
55008,2A,800.0
55008,1A,1200.0
55009,SL,400.0
55009,3A,640.0
55009,2A,800.0
55009,1A,1200.0
55012,SL,400.0
55012,3A,640.0
55012,2A,800.0
55012,1A,1200.0
55013,SL,400.0
55013,3A,640.0
55013,2A,800.0
55013,1A,1200.0
55015,SL,400.0
55015,3A,640.0
55015,2A,800.0
55015,1A,1200.0
55017,SL,400.0
55017,3A,640.0
55017,2A,800.0
55017,1A,1200.0
55019,SL,400.0
55019,3A,640.0
55019,2A,800.0
55019,1A,1200.0
56605,SL,400.0
56605,3A,640.0
56605,2A,800.0
56605,1A,1200.0
53430,SL,400.0
53430,3A,640.0
53430,2A,800.0
53430,1A,1200.0
53432,SL,400.0
53432,3A,640.0
53432,2A,800.0
53432,1A,1200.0
54801,SL,400.0
54801,3A,640.0
54801,2A,800.0
54801,1A,1200.0
54802,SL,400.0
54802,3A,640.0
54802,2A,800.0
54802,1A,1200.0
54803,SL,400.0
54803,3A,640.0
54803,2A,800.0
54803,1A,1200.0
54804,SL,400.0
54804,3A,640.0
54804,2A,800.0
54804,1A,1200.0
54813,SL,400.0
54813,3A,640.0
54813,2A,800.0
54813,1A,1200.0
54814,SL,400.0
54814,3A,640.0
54814,2A,800.0
54814,1A,1200.0
54815,SL,400.0
54815,3A,640.0
54815,2A,800.0
54815,1A,1200.0
54816,SL,400.0
54816,3A,640.0
54816,2A,800.0
54816,1A,1200.0
54817,SL,400.0
54817,3A,640.0
54817,2A,800.0
54817,1A,1200.0
54818,SL,400.0
54818,3A,640.0
54818,2A,800.0
54818,1A,1200.0
54819,SL,400.0
54819,3A,640.0
54819,2A,800.0
54819,1A,1200.0
54820,SL,400.0
54820,3A,640.0
54820,2A,800.0
54820,1A,1200.0
54821,SL,400.0
54821,3A,640.0
54821,2A,800.0
54821,1A,1200.0
54822,SL,400.0
54822,3A,640.0
54822,2A,800.0
54822,1A,1200.0
54823,SL,400.0
54823,3A,640.0
54823,2A,800.0
54823,1A,1200.0
54824,SL,400.0
54824,3A,640.0
54824,2A,800.0
54824,1A,1200.0
54881,SL,400.0
54881,3A,640.0
54881,2A,800.0
54881,1A,1200.0
54882,SL,400.0
54882,3A,640.0
54882,2A,800.0
54882,1A,1200.0
55005,SL,400.0
55005,3A,640.0
55005,2A,800.0
55005,1A,1200.0
55006,SL,400.0
55006,3A,640.0
55006,2A,800.0
55006,1A,1200.0
55007,SL,400.0
55007,3A,640.0
55007,2A,800.0
55007,1A,1200.0
55018,SL,400.0
55018,3A,640.0
55018,2A,800.0
55018,1A,1200.0
55020,SL,400.0
55020,3A,640.0
55020,2A,800.0
55020,1A,1200.0
55024,SL,400.0
55024,3A,640.0
55024,2A,800.0
55024,1A,1200.0
55025,SL,400.0
55025,3A,640.0
55025,2A,800.0
55025,1A,1200.0
55026,SL,400.0
55026,3A,640.0
55026,2A,800.0
55026,1A,1200.0
55027,SL,400.0
55027,3A,640.0
55027,2A,800.0
55027,1A,1200.0
55028,SL,400.0
55028,3A,640.0
55028,2A,800.0
55028,1A,1200.0
55030,SL,400.0
55030,3A,640.0
55030,2A,800.0
55030,1A,1200.0
55031,SL,400.0
55031,3A,640.0
55031,2A,800.0
55031,1A,1200.0
55032,SL,400.0
55032,3A,640.0
55032,2A,800.0
55032,1A,1200.0
55033,SL,400.0
55033,3A,640.0
55033,2A,800.0
55033,1A,1200.0
55034,SL,400.0
55034,3A,640.0
55034,2A,800.0
55034,1A,1200.0
55035,SL,400.0
55035,3A,640.0
55035,2A,800.0
55035,1A,1200.0
55036,SL,400.0
55036,3A,640.0
55036,2A,800.0
55036,1A,1200.0
55037,SL,400.0
55037,3A,640.0
55037,2A,800.0
55037,1A,1200.0
55038,SL,400.0
55038,3A,640.0
55038,2A,800.0
55038,1A,1200.0
55045,SL,400.0
55045,3A,640.0
55045,2A,800.0
55045,1A,1200.0
55046,SL,400.0
55046,3A,640.0
55046,2A,800.0
55046,1A,1200.0
55049,SL,400.0
55049,3A,640.0
55049,2A,800.0
55049,1A,1200.0
55050,SL,400.0
55050,3A,640.0
55050,2A,800.0
55050,1A,1200.0
55101,SL,400.0
55101,3A,640.0
55101,2A,800.0
55101,1A,1200.0
55107,SL,400.0
55107,3A,640.0
55107,2A,800.0
55107,1A,1200.0
55115,SL,400.0
55115,3A,640.0
55115,2A,800.0
55115,1A,1200.0
55116,SL,400.0
55116,3A,640.0
55116,2A,800.0
55116,1A,1200.0
55125,SL,400.0
55125,3A,640.0
55125,2A,800.0
55125,1A,1200.0
14313,SL,400.0
14313,3A,640.0
14313,2A,800.0
14313,1A,1200.0
53422,SL,400.0
53422,3A,640.0
53422,2A,800.0
53422,1A,1200.0
53424,SL,400.0
53424,3A,640.0
53424,2A,800.0
53424,1A,1200.0
53425,SL,400.0
53425,3A,640.0
53425,2A,800.0
53425,1A,1200.0
53427,SL,400.0
53427,3A,640.0
53427,2A,800.0
53427,1A,1200.0
53474,SL,400.0
53474,3A,640.0
53474,2A,800.0
53474,1A,1200.0
53615,SL,400.0
53615,3A,640.0
53615,2A,800.0
53615,1A,1200.0
55039,SL,400.0
55039,3A,640.0
55039,2A,800.0
55039,1A,1200.0
55041,SL,400.0
55041,3A,640.0
55041,2A,800.0
55041,1A,1200.0
55042,SL,400.0
55042,3A,640.0
55042,2A,800.0
55042,1A,1200.0
55043,SL,400.0
55043,3A,640.0
55043,2A,800.0
55043,1A,1200.0
55044,SL,400.0
55044,3A,640.0
55044,2A,800.0
55044,1A,1200.0
55108,SL,400.0
55108,3A,640.0
55108,2A,800.0
55108,1A,1200.0
55109,SL,400.0
55109,3A,640.0
55109,2A,800.0
55109,1A,1200.0
55110,SL,400.0
55110,3A,640.0
55110,2A,800.0
55110,1A,1200.0
55111,SL,400.0
55111,3A,640.0
55111,2A,800.0
55111,1A,1200.0
55112,SL,400.0
55112,3A,640.0
55112,2A,800.0
55112,1A,1200.0
55113,SL,400.0
55113,3A,640.0
55113,2A,800.0
55113,1A,1200.0
55114,SL,400.0
55114,3A,640.0
55114,2A,800.0
55114,1A,1200.0
55119,SL,400.0
55119,3A,640.0
55119,2A,800.0
55119,1A,1200.0
55120,SL,400.0
55120,3A,640.0
55120,2A,800.0
55120,1A,1200.0
55126,SL,400.0
55126,3A,640.0
55126,2A,800.0
55126,1A,1200.0
55128,SL,400.0
55128,3A,640.0
55128,2A,800.0
55128,1A,1200.0
55130,SL,400.0
55130,3A,640.0
55130,2A,800.0
55130,1A,1200.0
55131,SL,400.0
55131,3A,640.0
55131,2A,800.0
55131,1A,1200.0
55133,SL,400.0
55133,3A,640.0
55133,2A,800.0
55133,1A,1200.0
55137,SL,400.0
55137,3A,640.0
55137,2A,800.0
55137,1A,1200.0
55139,SL,400.0
55139,3A,640.0
55139,2A,800.0
55139,1A,1200.0
55143,SL,400.0
55143,3A,640.0
55143,2A,800.0
55143,1A,1200.0
55144,SL,400.0
55144,3A,640.0
55144,2A,800.0
55144,1A,1200.0
55145,SL,400.0
55145,3A,640.0
55145,2A,800.0
55145,1A,1200.0
55146,SL,400.0
55146,3A,640.0
55146,2A,800.0
55146,1A,1200.0
55159,SL,400.0
55159,3A,640.0
55159,2A,800.0
55159,1A,1200.0
55160,SL,400.0
55160,3A,640.0
55160,2A,800.0
55160,1A,1200.0
55162,SL,400.0
55162,3A,640.0
55162,2A,800.0
55162,1A,1200.0
55207,SL,400.0
55207,3A,640.0
55207,2A,800.0
55207,1A,1200.0
55211,SL,400.0
55211,3A,640.0
55211,2A,800.0
55211,1A,1200.0
55212,SL,400.0
55212,3A,640.0
55212,2A,800.0
55212,1A,1200.0
55218,SL,400.0
55218,3A,640.0
55218,2A,800.0
55218,1A,1200.0
55238,SL,400.0
55238,3A,640.0
55238,2A,800.0
55238,1A,1200.0
55239,SL,400.0
55239,3A,640.0
55239,2A,800.0
55239,1A,1200.0
55240,SL,400.0
55240,3A,640.0
55240,2A,800.0
55240,1A,1200.0
55241,SL,400.0
55241,3A,640.0
55241,2A,800.0
55241,1A,1200.0
55242,SL,400.0
55242,3A,640.0
55242,2A,800.0
55242,1A,1200.0
55243,SL,400.0
55243,3A,640.0
55243,2A,800.0
55243,1A,1200.0
55244,SL,400.0
55244,3A,640.0
55244,2A,800.0
55244,1A,1200.0
55245,SL,400.0
55245,3A,640.0
55245,2A,800.0
55245,1A,1200.0
55246,SL,400.0
55246,3A,640.0
55246,2A,800.0
55246,1A,1200.0
55127,SL,400.0
55127,3A,640.0
55127,2A,800.0
55127,1A,1200.0
55129,SL,400.0
55129,3A,640.0
55129,2A,800.0
55129,1A,1200.0
55132,SL,400.0
55132,3A,640.0
55132,2A,800.0
55132,1A,1200.0
55134,SL,400.0
55134,3A,640.0
55134,2A,800.0
55134,1A,1200.0
55135,SL,400.0
55135,3A,640.0
55135,2A,800.0
55135,1A,1200.0
55136,SL,400.0
55136,3A,640.0
55136,2A,800.0
55136,1A,1200.0
55140,SL,400.0
55140,3A,640.0
55140,2A,800.0
55140,1A,1200.0
55142,SL,400.0
55142,3A,640.0
55142,2A,800.0
55142,1A,1200.0
55149,SL,400.0
55149,3A,640.0
55149,2A,800.0
55149,1A,1200.0
55150,SL,400.0
55150,3A,640.0
55150,2A,800.0
55150,1A,1200.0
55203,SL,400.0
55203,3A,640.0
55203,2A,800.0
55203,1A,1200.0
55204,SL,400.0
55204,3A,640.0
55204,2A,800.0
55204,1A,1200.0
55209,SL,400.0
55209,3A,640.0
55209,2A,800.0
55209,1A,1200.0
55210,SL,400.0
55210,3A,640.0
55210,2A,800.0
55210,1A,1200.0
55217,SL,400.0
55217,3A,640.0
55217,2A,800.0
55217,1A,1200.0
55219,SL,400.0
55219,3A,640.0
55219,2A,800.0
55219,1A,1200.0
55231,SL,400.0
55231,3A,640.0
55231,2A,800.0
55231,1A,1200.0
55232,SL,400.0
55232,3A,640.0
55232,2A,800.0
55232,1A,1200.0
55248,SL,400.0
55248,3A,640.0
55248,2A,800.0
55248,1A,1200.0
55301,SL,400.0
55301,3A,640.0
55301,2A,800.0
55301,1A,1200.0
55313,SL,400.0
55313,3A,640.0
55313,2A,800.0
55313,1A,1200.0
55314,SL,400.0
55314,3A,640.0
55314,2A,800.0
55314,1A,1200.0
55315,SL,400.0
55315,3A,640.0
55315,2A,800.0
55315,1A,1200.0
55316,SL,400.0
55316,3A,640.0
55316,2A,800.0
55316,1A,1200.0
55317,SL,400.0
55317,3A,640.0
55317,2A,800.0
55317,1A,1200.0
55319,SL,400.0
55319,3A,640.0
55319,2A,800.0
55319,1A,1200.0
55320,SL,400.0
55320,3A,640.0
55320,2A,800.0
55320,1A,1200.0
55322,SL,400.0
55322,3A,640.0
55322,2A,800.0
55322,1A,1200.0
55326,SL,400.0
55326,3A,640.0
55326,2A,800.0
55326,1A,1200.0
55327,SL,400.0
55327,3A,640.0
55327,2A,800.0
55327,1A,1200.0
55328,SL,400.0
55328,3A,640.0
55328,2A,800.0
55328,1A,1200.0
55332,SL,400.0
55332,3A,640.0
55332,2A,800.0
55332,1A,1200.0
55333,SL,400.0
55333,3A,640.0
55333,2A,800.0
55333,1A,1200.0
55337,SL,400.0
55337,3A,640.0
55337,2A,800.0
55337,1A,1200.0
55338,SL,400.0
55338,3A,640.0
55338,2A,800.0
55338,1A,1200.0
55339,SL,400.0
55339,3A,640.0
55339,2A,800.0
55339,1A,1200.0
55341,SL,400.0
55341,3A,640.0
55341,2A,800.0
55341,1A,1200.0
55342,SL,400.0
55342,3A,640.0
55342,2A,800.0
55342,1A,1200.0
55347,SL,400.0
55347,3A,640.0
55347,2A,800.0
55347,1A,1200.0
55348,SL,400.0
55348,3A,640.0
55348,2A,800.0
55348,1A,1200.0
55349,SL,400.0
55349,3A,640.0
55349,2A,800.0
55349,1A,1200.0
55501,SL,400.0
55501,3A,640.0
55501,2A,800.0
55501,1A,1200.0
55502,SL,400.0
55502,3A,640.0
55502,2A,800.0
55502,1A,1200.0
55503,SL,400.0
55503,3A,640.0
55503,2A,800.0
55503,1A,1200.0
55504,SL,400.0
55504,3A,640.0
55504,2A,800.0
55504,1A,1200.0
55506,SL,400.0
55506,3A,640.0
55506,2A,800.0
55506,1A,1200.0
55507,SL,400.0
55507,3A,640.0
55507,2A,800.0
55507,1A,1200.0
55325,SL,400.0
55325,3A,640.0
55325,2A,800.0
55325,1A,1200.0
55329,SL,400.0
55329,3A,640.0
55329,2A,800.0
55329,1A,1200.0
55330,SL,400.0
55330,3A,640.0
55330,2A,800.0
55330,1A,1200.0
55331,SL,400.0
55331,3A,640.0
55331,2A,800.0
55331,1A,1200.0
55508,SL,400.0
55508,3A,640.0
55508,2A,800.0
55508,1A,1200.0
55509,SL,400.0
55509,3A,640.0
55509,2A,800.0
55509,1A,1200.0
55510,SL,400.0
55510,3A,640.0
55510,2A,800.0
55510,1A,1200.0
55511,SL,400.0
55511,3A,640.0
55511,2A,800.0
55511,1A,1200.0
55512,SL,400.0
55512,3A,640.0
55512,2A,800.0
55512,1A,1200.0
55513,SL,400.0
55513,3A,640.0
55513,2A,800.0
55513,1A,1200.0
55514,SL,400.0
55514,3A,640.0
55514,2A,800.0
55514,1A,1200.0
55515,SL,400.0
55515,3A,640.0
55515,2A,800.0
55515,1A,1200.0
55516,SL,400.0
55516,3A,640.0
55516,2A,800.0
55516,1A,1200.0
55517,SL,400.0
55517,3A,640.0
55517,2A,800.0
55517,1A,1200.0
55518,SL,400.0
55518,3A,640.0
55518,2A,800.0
55518,1A,1200.0
55519,SL,400.0
55519,3A,640.0
55519,2A,800.0
55519,1A,1200.0
55520,SL,400.0
55520,3A,640.0
55520,2A,800.0
55520,1A,1200.0
55528,SL,400.0
55528,3A,640.0
55528,2A,800.0
55528,1A,1200.0
55529,SL,400.0
55529,3A,640.0
55529,2A,800.0
55529,1A,1200.0
55530,SL,400.0
55530,3A,640.0
55530,2A,800.0
55530,1A,1200.0
55531,SL,400.0
55531,3A,640.0
55531,2A,800.0
55531,1A,1200.0
55535,SL,400.0
55535,3A,640.0
55535,2A,800.0
55535,1A,1200.0
55536,SL,400.0
55536,3A,640.0
55536,2A,800.0
55536,1A,1200.0
55537,SL,400.0
55537,3A,640.0
55537,2A,800.0
55537,1A,1200.0
55538,SL,400.0
55538,3A,640.0
55538,2A,800.0
55538,1A,1200.0
55552,SL,400.0
55552,3A,640.0
55552,2A,800.0
55552,1A,1200.0
55553,SL,400.0
55553,3A,640.0
55553,2A,800.0
55553,1A,1200.0
55554,SL,400.0
55554,3A,640.0
55554,2A,800.0
55554,1A,1200.0
55555,SL,400.0
55555,3A,640.0
55555,2A,800.0
55555,1A,1200.0
55556,SL,400.0
55556,3A,640.0
55556,2A,800.0
55556,1A,1200.0
55557,SL,400.0
55557,3A,640.0
55557,2A,800.0
55557,1A,1200.0
55558,SL,400.0
55558,3A,640.0
55558,2A,800.0
55558,1A,1200.0
55559,SL,400.0
55559,3A,640.0
55559,2A,800.0
55559,1A,1200.0
55560,SL,400.0
55560,3A,640.0
55560,2A,800.0
55560,1A,1200.0
55565,SL,400.0
55565,3A,640.0
55565,2A,800.0
55565,1A,1200.0
55566,SL,400.0
55566,3A,640.0
55566,2A,800.0
55566,1A,1200.0
55567,SL,400.0
55567,3A,640.0
55567,2A,800.0
55567,1A,1200.0
55568,SL,400.0
55568,3A,640.0
55568,2A,800.0
55568,1A,1200.0
55569,SL,400.0
55569,3A,640.0
55569,2A,800.0
55569,1A,1200.0
55570,SL,400.0
55570,3A,640.0
55570,2A,800.0
55570,1A,1200.0
55573,SL,400.0
55573,3A,640.0
55573,2A,800.0
55573,1A,1200.0
55574,SL,400.0
55574,3A,640.0
55574,2A,800.0
55574,1A,1200.0
55575,SL,400.0
55575,3A,640.0
55575,2A,800.0
55575,1A,1200.0
55576,SL,400.0
55576,3A,640.0
55576,2A,800.0
55576,1A,1200.0
55577,SL,400.0
55577,3A,640.0
55577,2A,800.0
55577,1A,1200.0
55578,SL,400.0
55578,3A,640.0
55578,2A,800.0
55578,1A,1200.0
55722,SL,400.0
55722,3A,640.0
55722,2A,800.0
55722,1A,1200.0
55603,SL,400.0
55603,3A,640.0
55603,2A,800.0
55603,1A,1200.0
55604,SL,400.0
55604,3A,640.0
55604,2A,800.0
55604,1A,1200.0
55607,SL,400.0
55607,3A,640.0
55607,2A,800.0
55607,1A,1200.0
55608,SL,400.0
55608,3A,640.0
55608,2A,800.0
55608,1A,1200.0
55609,SL,400.0
55609,3A,640.0
55609,2A,800.0
55609,1A,1200.0
55612,SL,400.0
55612,3A,640.0
55612,2A,800.0
55612,1A,1200.0
55618,SL,400.0
55618,3A,640.0
55618,2A,800.0
55618,1A,1200.0
55707,SL,400.0
55707,3A,640.0
55707,2A,800.0
55707,1A,1200.0
55708,SL,400.0
55708,3A,640.0
55708,2A,800.0
55708,1A,1200.0
55711,SL,400.0
55711,3A,640.0
55711,2A,800.0
55711,1A,1200.0
55712,SL,400.0
55712,3A,640.0
55712,2A,800.0
55712,1A,1200.0
55713,SL,400.0
55713,3A,640.0
55713,2A,800.0
55713,1A,1200.0
55714,SL,400.0
55714,3A,640.0
55714,2A,800.0
55714,1A,1200.0
55715,SL,400.0
55715,3A,640.0
55715,2A,800.0
55715,1A,1200.0
55716,SL,400.0
55716,3A,640.0
55716,2A,800.0
55716,1A,1200.0
55721,SL,400.0
55721,3A,640.0
55721,2A,800.0
55721,1A,1200.0
55725,SL,400.0
55725,3A,640.0
55725,2A,800.0
55725,1A,1200.0
55726,SL,400.0
55726,3A,640.0
55726,2A,800.0
55726,1A,1200.0
55727,SL,400.0
55727,3A,640.0
55727,2A,800.0
55727,1A,1200.0
55728,SL,400.0
55728,3A,640.0
55728,2A,800.0
55728,1A,1200.0
55729,SL,400.0
55729,3A,640.0
55729,2A,800.0
55729,1A,1200.0
55730,SL,400.0
55730,3A,640.0
55730,2A,800.0
55730,1A,1200.0
55731,SL,400.0
55731,3A,640.0
55731,2A,800.0
55731,1A,1200.0
55732,SL,400.0
55732,3A,640.0
55732,2A,800.0
55732,1A,1200.0
55733,SL,400.0
55733,3A,640.0
55733,2A,800.0
55733,1A,1200.0
55734,SL,400.0
55734,3A,640.0
55734,2A,800.0
55734,1A,1200.0
55735,SL,400.0
55735,3A,640.0
55735,2A,800.0
55735,1A,1200.0
55736,SL,400.0
55736,3A,640.0
55736,2A,800.0
55736,1A,1200.0
55737,SL,400.0
55737,3A,640.0
55737,2A,800.0
55737,1A,1200.0
55738,SL,400.0
55738,3A,640.0
55738,2A,800.0
55738,1A,1200.0
55739,SL,400.0
55739,3A,640.0
55739,2A,800.0
55739,1A,1200.0
55740,SL,400.0
55740,3A,640.0
55740,2A,800.0
55740,1A,1200.0
55741,SL,400.0
55741,3A,640.0
55741,2A,800.0
55741,1A,1200.0
55743,SL,400.0
55743,3A,640.0
55743,2A,800.0
55743,1A,1200.0
55744,SL,400.0
55744,3A,640.0
55744,2A,800.0
55744,1A,1200.0
55745,SL,400.0
55745,3A,640.0
55745,2A,800.0
55745,1A,1200.0
55746,SL,400.0
55746,3A,640.0
55746,2A,800.0
55746,1A,1200.0
55747,SL,400.0
55747,3A,640.0
55747,2A,800.0
55747,1A,1200.0
55748,SL,400.0
55748,3A,640.0
55748,2A,800.0
55748,1A,1200.0
55749,SL,400.0
55749,3A,640.0
55749,2A,800.0
55749,1A,1200.0
55750,SL,400.0
55750,3A,640.0
55750,2A,800.0
55750,1A,1200.0
55751,SL,400.0
55751,3A,640.0
55751,2A,800.0
55751,1A,1200.0
55752,SL,400.0
55752,3A,640.0
55752,2A,800.0
55752,1A,1200.0
55811,SL,400.0
55811,3A,640.0
55811,2A,800.0
55811,1A,1200.0
55815,SL,400.0
55815,3A,640.0
55815,2A,800.0
55815,1A,1200.0
56006,SL,400.0
56006,3A,640.0
56006,2A,800.0
56006,1A,1200.0
53429,SL,400.0
53429,3A,640.0
53429,2A,800.0
53429,1A,1200.0
53431,SL,400.0
53431,3A,640.0
53431,2A,800.0
53431,1A,1200.0
55754,SL,400.0
55754,3A,640.0
55754,2A,800.0
55754,1A,1200.0
55755,SL,400.0
55755,3A,640.0
55755,2A,800.0
55755,1A,1200.0
55756,SL,400.0
55756,3A,640.0
55756,2A,800.0
55756,1A,1200.0
55757,SL,400.0
55757,3A,640.0
55757,2A,800.0
55757,1A,1200.0
55758,SL,400.0
55758,3A,640.0
55758,2A,800.0
55758,1A,1200.0
55759,SL,400.0
55759,3A,640.0
55759,2A,800.0
55759,1A,1200.0
55760,SL,400.0
55760,3A,640.0
55760,2A,800.0
55760,1A,1200.0
55791,SL,400.0
55791,3A,640.0
55791,2A,800.0
55791,1A,1200.0
55792,SL,400.0
55792,3A,640.0
55792,2A,800.0
55792,1A,1200.0
55793,SL,400.0
55793,3A,640.0
55793,2A,800.0
55793,1A,1200.0
55794,SL,400.0
55794,3A,640.0
55794,2A,800.0
55794,1A,1200.0
55802,SL,400.0
55802,3A,640.0
55802,2A,800.0
55802,1A,1200.0
55805,SL,400.0
55805,3A,640.0
55805,2A,800.0
55805,1A,1200.0
55806,SL,400.0
55806,3A,640.0
55806,2A,800.0
55806,1A,1200.0
55809,SL,400.0
55809,3A,640.0
55809,2A,800.0
55809,1A,1200.0
55812,SL,400.0
55812,3A,640.0
55812,2A,800.0
55812,1A,1200.0
55816,SL,400.0
55816,3A,640.0
55816,2A,800.0
55816,1A,1200.0
55817,SL,400.0
55817,3A,640.0
55817,2A,800.0
55817,1A,1200.0
55818,SL,400.0
55818,3A,640.0
55818,2A,800.0
55818,1A,1200.0
55901,SL,400.0
55901,3A,640.0
55901,2A,800.0
55901,1A,1200.0
55902,SL,400.0
55902,3A,640.0
55902,2A,800.0
55902,1A,1200.0
55903,SL,400.0
55903,3A,640.0
55903,2A,800.0
55903,1A,1200.0
55904,SL,400.0
55904,3A,640.0
55904,2A,800.0
55904,1A,1200.0
55905,SL,400.0
55905,3A,640.0
55905,2A,800.0
55905,1A,1200.0
55906,SL,400.0
55906,3A,640.0
55906,2A,800.0
55906,1A,1200.0
55907,SL,400.0
55907,3A,640.0
55907,2A,800.0
55907,1A,1200.0
55908,SL,400.0
55908,3A,640.0
55908,2A,800.0
55908,1A,1200.0
55913,SL,400.0
55913,3A,640.0
55913,2A,800.0
55913,1A,1200.0
55914,SL,400.0
55914,3A,640.0
55914,2A,800.0
55914,1A,1200.0
56001,SL,400.0
56001,3A,640.0
56001,2A,800.0
56001,1A,1200.0
56002,SL,400.0
56002,3A,640.0
56002,2A,800.0
56002,1A,1200.0
56003,SL,400.0
56003,3A,640.0
56003,2A,800.0
56003,1A,1200.0
56005,SL,400.0
56005,3A,640.0
56005,2A,800.0
56005,1A,1200.0
56007,SL,400.0
56007,3A,640.0
56007,2A,800.0
56007,1A,1200.0
56008,SL,400.0
56008,3A,640.0
56008,2A,800.0
56008,1A,1200.0
56009,SL,400.0
56009,3A,640.0
56009,2A,800.0
56009,1A,1200.0
56010,SL,400.0
56010,3A,640.0
56010,2A,800.0
56010,1A,1200.0
56011,SL,400.0
56011,3A,640.0
56011,2A,800.0
56011,1A,1200.0
56012,SL,400.0
56012,3A,640.0
56012,2A,800.0
56012,1A,1200.0
56013,SL,400.0
56013,3A,640.0
56013,2A,800.0
56013,1A,1200.0
56037,SL,400.0
56037,3A,640.0
56037,2A,800.0
56037,1A,1200.0
56038,SL,400.0
56038,3A,640.0
56038,2A,800.0
56038,1A,1200.0
56039,SL,400.0
56039,3A,640.0
56039,2A,800.0
56039,1A,1200.0
56040,SL,400.0
56040,3A,640.0
56040,2A,800.0
56040,1A,1200.0
56213,SL,400.0
56213,3A,640.0
56213,2A,800.0
56213,1A,1200.0
56042,SL,400.0
56042,3A,640.0
56042,2A,800.0
56042,1A,1200.0
56043,SL,400.0
56043,3A,640.0
56043,2A,800.0
56043,1A,1200.0
56044,SL,400.0
56044,3A,640.0
56044,2A,800.0
56044,1A,1200.0
56045,SL,400.0
56045,3A,640.0
56045,2A,800.0
56045,1A,1200.0
56046,SL,400.0
56046,3A,640.0
56046,2A,800.0
56046,1A,1200.0
56102,SL,400.0
56102,3A,640.0
56102,2A,800.0
56102,1A,1200.0
56103,SL,400.0
56103,3A,640.0
56103,2A,800.0
56103,1A,1200.0
56136,SL,400.0
56136,3A,640.0
56136,2A,800.0
56136,1A,1200.0
56137,SL,400.0
56137,3A,640.0
56137,2A,800.0
56137,1A,1200.0
56139,SL,400.0
56139,3A,640.0
56139,2A,800.0
56139,1A,1200.0
56140,SL,400.0
56140,3A,640.0
56140,2A,800.0
56140,1A,1200.0
56141,SL,400.0
56141,3A,640.0
56141,2A,800.0
56141,1A,1200.0
56142,SL,400.0
56142,3A,640.0
56142,2A,800.0
56142,1A,1200.0
56143,SL,400.0
56143,3A,640.0
56143,2A,800.0
56143,1A,1200.0
56144,SL,400.0
56144,3A,640.0
56144,2A,800.0
56144,1A,1200.0
56145,SL,400.0
56145,3A,640.0
56145,2A,800.0
56145,1A,1200.0
56146,SL,400.0
56146,3A,640.0
56146,2A,800.0
56146,1A,1200.0
56147,SL,400.0
56147,3A,640.0
56147,2A,800.0
56147,1A,1200.0
56148,SL,400.0
56148,3A,640.0
56148,2A,800.0
56148,1A,1200.0
56149,SL,400.0
56149,3A,640.0
56149,2A,800.0
56149,1A,1200.0
56150,SL,400.0
56150,3A,640.0
56150,2A,800.0
56150,1A,1200.0
56151,SL,400.0
56151,3A,640.0
56151,2A,800.0
56151,1A,1200.0
56201,SL,400.0
56201,3A,640.0
56201,2A,800.0
56201,1A,1200.0
56202,SL,400.0
56202,3A,640.0
56202,2A,800.0
56202,1A,1200.0
56203,SL,400.0
56203,3A,640.0
56203,2A,800.0
56203,1A,1200.0
56204,SL,400.0
56204,3A,640.0
56204,2A,800.0
56204,1A,1200.0
56205,SL,400.0
56205,3A,640.0
56205,2A,800.0
56205,1A,1200.0
56206,SL,400.0
56206,3A,640.0
56206,2A,800.0
56206,1A,1200.0
56209,SL,400.0
56209,3A,640.0
56209,2A,800.0
56209,1A,1200.0
56210,SL,400.0
56210,3A,640.0
56210,2A,800.0
56210,1A,1200.0
56211,SL,400.0
56211,3A,640.0
56211,2A,800.0
56211,1A,1200.0
56212,SL,400.0
56212,3A,640.0
56212,2A,800.0
56212,1A,1200.0
56221,SL,400.0
56221,3A,640.0
56221,2A,800.0
56221,1A,1200.0
56222,SL,400.0
56222,3A,640.0
56222,2A,800.0
56222,1A,1200.0
56223,SL,400.0
56223,3A,640.0
56223,2A,800.0
56223,1A,1200.0
56224,SL,400.0
56224,3A,640.0
56224,2A,800.0
56224,1A,1200.0
56225,SL,400.0
56225,3A,640.0
56225,2A,800.0
56225,1A,1200.0
56226,SL,400.0
56226,3A,640.0
56226,2A,800.0
56226,1A,1200.0
56227,SL,400.0
56227,3A,640.0
56227,2A,800.0
56227,1A,1200.0
56228,SL,400.0
56228,3A,640.0
56228,2A,800.0
56228,1A,1200.0
56229,SL,400.0
56229,3A,640.0
56229,2A,800.0
56229,1A,1200.0
56230,SL,400.0
56230,3A,640.0
56230,2A,800.0
56230,1A,1200.0
56231,SL,400.0
56231,3A,640.0
56231,2A,800.0
56231,1A,1200.0
56232,SL,400.0
56232,3A,640.0
56232,2A,800.0
56232,1A,1200.0
56233,SL,400.0
56233,3A,640.0
56233,2A,800.0
56233,1A,1200.0
56234,SL,400.0
56234,3A,640.0
56234,2A,800.0
56234,1A,1200.0
56237,SL,400.0
56237,3A,640.0
56237,2A,800.0
56237,1A,1200.0
56004,SL,400.0
56004,3A,640.0
56004,2A,800.0
56004,1A,1200.0
56238,SL,400.0
56238,3A,640.0
56238,2A,800.0
56238,1A,1200.0
56239,SL,400.0
56239,3A,640.0
56239,2A,800.0
56239,1A,1200.0
56240,SL,400.0
56240,3A,640.0
56240,2A,800.0
56240,1A,1200.0
56241,SL,400.0
56241,3A,640.0
56241,2A,800.0
56241,1A,1200.0
56242,SL,400.0
56242,3A,640.0
56242,2A,800.0
56242,1A,1200.0
56262,SL,400.0
56262,3A,640.0
56262,2A,800.0
56262,1A,1200.0
56263,SL,400.0
56263,3A,640.0
56263,2A,800.0
56263,1A,1200.0
56264,SL,400.0
56264,3A,640.0
56264,2A,800.0
56264,1A,1200.0
56265,SL,400.0
56265,3A,640.0
56265,2A,800.0
56265,1A,1200.0
56266,SL,400.0
56266,3A,640.0
56266,2A,800.0
56266,1A,1200.0
56268,SL,400.0
56268,3A,640.0
56268,2A,800.0
56268,1A,1200.0
56269,SL,400.0
56269,3A,640.0
56269,2A,800.0
56269,1A,1200.0
56270,SL,400.0
56270,3A,640.0
56270,2A,800.0
56270,1A,1200.0
56271,SL,400.0
56271,3A,640.0
56271,2A,800.0
56271,1A,1200.0
56272,SL,400.0
56272,3A,640.0
56272,2A,800.0
56272,1A,1200.0
56273,SL,400.0
56273,3A,640.0
56273,2A,800.0
56273,1A,1200.0
56274,SL,400.0
56274,3A,640.0
56274,2A,800.0
56274,1A,1200.0
56300,SL,400.0
56300,3A,640.0
56300,2A,800.0
56300,1A,1200.0
56301,SL,400.0
56301,3A,640.0
56301,2A,800.0
56301,1A,1200.0
56302,SL,400.0
56302,3A,640.0
56302,2A,800.0
56302,1A,1200.0
56303,SL,400.0
56303,3A,640.0
56303,2A,800.0
56303,1A,1200.0
56307,SL,400.0
56307,3A,640.0
56307,2A,800.0
56307,1A,1200.0
56308,SL,400.0
56308,3A,640.0
56308,2A,800.0
56308,1A,1200.0
56309,SL,400.0
56309,3A,640.0
56309,2A,800.0
56309,1A,1200.0
56310,SL,400.0
56310,3A,640.0
56310,2A,800.0
56310,1A,1200.0
56311,SL,400.0
56311,3A,640.0
56311,2A,800.0
56311,1A,1200.0
56312,SL,400.0
56312,3A,640.0
56312,2A,800.0
56312,1A,1200.0
56313,SL,400.0
56313,3A,640.0
56313,2A,800.0
56313,1A,1200.0
56315,SL,400.0
56315,3A,640.0
56315,2A,800.0
56315,1A,1200.0
56316,SL,400.0
56316,3A,640.0
56316,2A,800.0
56316,1A,1200.0
56317,SL,400.0
56317,3A,640.0
56317,2A,800.0
56317,1A,1200.0
56318,SL,400.0
56318,3A,640.0
56318,2A,800.0
56318,1A,1200.0
56319,SL,400.0
56319,3A,640.0
56319,2A,800.0
56319,1A,1200.0
56321,SL,400.0
56321,3A,640.0
56321,2A,800.0
56321,1A,1200.0
56323,SL,400.0
56323,3A,640.0
56323,2A,800.0
56323,1A,1200.0
56324,SL,400.0
56324,3A,640.0
56324,2A,800.0
56324,1A,1200.0
56325,SL,400.0
56325,3A,640.0
56325,2A,800.0
56325,1A,1200.0
56331,SL,400.0
56331,3A,640.0
56331,2A,800.0
56331,1A,1200.0
56370,SL,400.0
56370,3A,640.0
56370,2A,800.0
56370,1A,1200.0
56503,SL,400.0
56503,3A,640.0
56503,2A,800.0
56503,1A,1200.0
56504,SL,400.0
56504,3A,640.0
56504,2A,800.0
56504,1A,1200.0
56505,SL,400.0
56505,3A,640.0
56505,2A,800.0
56505,1A,1200.0
56506,SL,400.0
56506,3A,640.0
56506,2A,800.0
56506,1A,1200.0
56511,SL,400.0
56511,3A,640.0
56511,2A,800.0
56511,1A,1200.0
56515,SL,400.0
56515,3A,640.0
56515,2A,800.0
56515,1A,1200.0
56516,SL,400.0
56516,3A,640.0
56516,2A,800.0
56516,1A,1200.0
55525,SL,400.0
55525,3A,640.0
55525,2A,800.0
55525,1A,1200.0
56332,SL,400.0
56332,3A,640.0
56332,2A,800.0
56332,1A,1200.0
56333,SL,400.0
56333,3A,640.0
56333,2A,800.0
56333,1A,1200.0
56334,SL,400.0
56334,3A,640.0
56334,2A,800.0
56334,1A,1200.0
56335,SL,400.0
56335,3A,640.0
56335,2A,800.0
56335,1A,1200.0
56336,SL,400.0
56336,3A,640.0
56336,2A,800.0
56336,1A,1200.0
56337,SL,400.0
56337,3A,640.0
56337,2A,800.0
56337,1A,1200.0
56338,SL,400.0
56338,3A,640.0
56338,2A,800.0
56338,1A,1200.0
56371,SL,400.0
56371,3A,640.0
56371,2A,800.0
56371,1A,1200.0
56374,SL,400.0
56374,3A,640.0
56374,2A,800.0
56374,1A,1200.0
56375,SL,400.0
56375,3A,640.0
56375,2A,800.0
56375,1A,1200.0
56376,SL,400.0
56376,3A,640.0
56376,2A,800.0
56376,1A,1200.0
56377,SL,400.0
56377,3A,640.0
56377,2A,800.0
56377,1A,1200.0
56379,SL,400.0
56379,3A,640.0
56379,2A,800.0
56379,1A,1200.0
56380,SL,400.0
56380,3A,640.0
56380,2A,800.0
56380,1A,1200.0
56381,SL,400.0
56381,3A,640.0
56381,2A,800.0
56381,1A,1200.0
56382,SL,400.0
56382,3A,640.0
56382,2A,800.0
56382,1A,1200.0
56383,SL,400.0
56383,3A,640.0
56383,2A,800.0
56383,1A,1200.0
56384,SL,400.0
56384,3A,640.0
56384,2A,800.0
56384,1A,1200.0
56391,SL,400.0
56391,3A,640.0
56391,2A,800.0
56391,1A,1200.0
56392,SL,400.0
56392,3A,640.0
56392,2A,800.0
56392,1A,1200.0
56501,SL,400.0
56501,3A,640.0
56501,2A,800.0
56501,1A,1200.0
56502,SL,400.0
56502,3A,640.0
56502,2A,800.0
56502,1A,1200.0
56507,SL,400.0
56507,3A,640.0
56507,2A,800.0
56507,1A,1200.0
56508,SL,400.0
56508,3A,640.0
56508,2A,800.0
56508,1A,1200.0
56509,SL,400.0
56509,3A,640.0
56509,2A,800.0
56509,1A,1200.0
56510,SL,400.0
56510,3A,640.0
56510,2A,800.0
56510,1A,1200.0
56512,SL,400.0
56512,3A,640.0
56512,2A,800.0
56512,1A,1200.0
56513,SL,400.0
56513,3A,640.0
56513,2A,800.0
56513,1A,1200.0
56514,SL,400.0
56514,3A,640.0
56514,2A,800.0
56514,1A,1200.0
56517,SL,400.0
56517,3A,640.0
56517,2A,800.0
56517,1A,1200.0
56518,SL,400.0
56518,3A,640.0
56518,2A,800.0
56518,1A,1200.0
56519,SL,400.0
56519,3A,640.0
56519,2A,800.0
56519,1A,1200.0
56520,SL,400.0
56520,3A,640.0
56520,2A,800.0
56520,1A,1200.0
56525,SL,400.0
56525,3A,640.0
56525,2A,800.0
56525,1A,1200.0
56526,SL,400.0
56526,3A,640.0
56526,2A,800.0
56526,1A,1200.0
56527,SL,400.0
56527,3A,640.0
56527,2A,800.0
56527,1A,1200.0
56528,SL,400.0
56528,3A,640.0
56528,2A,800.0
56528,1A,1200.0
56601,SL,400.0
56601,3A,640.0
56601,2A,800.0
56601,1A,1200.0
56613,SL,400.0
56613,3A,640.0
56613,2A,800.0
56613,1A,1200.0
56615,SL,400.0
56615,3A,640.0
56615,2A,800.0
56615,1A,1200.0
56640,SL,400.0
56640,3A,640.0
56640,2A,800.0
56640,1A,1200.0
56641,SL,400.0
56641,3A,640.0
56641,2A,800.0
56641,1A,1200.0
56642,SL,400.0
56642,3A,640.0
56642,2A,800.0
56642,1A,1200.0
56651,SL,400.0
56651,3A,640.0
56651,2A,800.0
56651,1A,1200.0
56700,SL,400.0
56700,3A,640.0
56700,2A,800.0
56700,1A,1200.0
56701,SL,400.0
56701,3A,640.0
56701,2A,800.0
56701,1A,1200.0
56602,SL,400.0
56602,3A,640.0
56602,2A,800.0
56602,1A,1200.0
56603,SL,400.0
56603,3A,640.0
56603,2A,800.0
56603,1A,1200.0
56604,SL,400.0
56604,3A,640.0
56604,2A,800.0
56604,1A,1200.0
56606,SL,400.0
56606,3A,640.0
56606,2A,800.0
56606,1A,1200.0
56607,SL,400.0
56607,3A,640.0
56607,2A,800.0
56607,1A,1200.0
56608,SL,400.0
56608,3A,640.0
56608,2A,800.0
56608,1A,1200.0
56609,SL,400.0
56609,3A,640.0
56609,2A,800.0
56609,1A,1200.0
56610,SL,400.0
56610,3A,640.0
56610,2A,800.0
56610,1A,1200.0
56612,SL,400.0
56612,3A,640.0
56612,2A,800.0
56612,1A,1200.0
56616,SL,400.0
56616,3A,640.0
56616,2A,800.0
56616,1A,1200.0
56617,SL,400.0
56617,3A,640.0
56617,2A,800.0
56617,1A,1200.0
56618,SL,400.0
56618,3A,640.0
56618,2A,800.0
56618,1A,1200.0
56619,SL,400.0
56619,3A,640.0
56619,2A,800.0
56619,1A,1200.0
56620,SL,400.0
56620,3A,640.0
56620,2A,800.0
56620,1A,1200.0
56621,SL,400.0
56621,3A,640.0
56621,2A,800.0
56621,1A,1200.0
56643,SL,400.0
56643,3A,640.0
56643,2A,800.0
56643,1A,1200.0
56644,SL,400.0
56644,3A,640.0
56644,2A,800.0
56644,1A,1200.0
56645,SL,400.0
56645,3A,640.0
56645,2A,800.0
56645,1A,1200.0
56646,SL,400.0
56646,3A,640.0
56646,2A,800.0
56646,1A,1200.0
56647,SL,400.0
56647,3A,640.0
56647,2A,800.0
56647,1A,1200.0
56650,SL,400.0
56650,3A,640.0
56650,2A,800.0
56650,1A,1200.0
56652,SL,400.0
56652,3A,640.0
56652,2A,800.0
56652,1A,1200.0
56653,SL,400.0
56653,3A,640.0
56653,2A,800.0
56653,1A,1200.0
56654,SL,400.0
56654,3A,640.0
56654,2A,800.0
56654,1A,1200.0
56655,SL,400.0
56655,3A,640.0
56655,2A,800.0
56655,1A,1200.0
56656,SL,400.0
56656,3A,640.0
56656,2A,800.0
56656,1A,1200.0
56657,SL,400.0
56657,3A,640.0
56657,2A,800.0
56657,1A,1200.0
56659,SL,400.0
56659,3A,640.0
56659,2A,800.0
56659,1A,1200.0
56661,SL,400.0
56661,3A,640.0
56661,2A,800.0
56661,1A,1200.0
56703,SL,400.0
56703,3A,640.0
56703,2A,800.0
56703,1A,1200.0
56707,SL,400.0
56707,3A,640.0
56707,2A,800.0
56707,1A,1200.0
56708,SL,400.0
56708,3A,640.0
56708,2A,800.0
56708,1A,1200.0
56709,SL,400.0
56709,3A,640.0
56709,2A,800.0
56709,1A,1200.0
56710,SL,400.0
56710,3A,640.0
56710,2A,800.0
56710,1A,1200.0
56712,SL,400.0
56712,3A,640.0
56712,2A,800.0
56712,1A,1200.0
56714,SL,400.0
56714,3A,640.0
56714,2A,800.0
56714,1A,1200.0
56733,SL,400.0
56733,3A,640.0
56733,2A,800.0
56733,1A,1200.0
56734,SL,400.0
56734,3A,640.0
56734,2A,800.0
56734,1A,1200.0
56735,SL,400.0
56735,3A,640.0
56735,2A,800.0
56735,1A,1200.0
56736,SL,400.0
56736,3A,640.0
56736,2A,800.0
56736,1A,1200.0
56806,SL,400.0
56806,3A,640.0
56806,2A,800.0
56806,1A,1200.0
56808,SL,400.0
56808,3A,640.0
56808,2A,800.0
56808,1A,1200.0
56812,SL,400.0
56812,3A,640.0
56812,2A,800.0
56812,1A,1200.0
56821,SL,400.0
56821,3A,640.0
56821,2A,800.0
56821,1A,1200.0
56824,SL,400.0
56824,3A,640.0
56824,2A,800.0
56824,1A,1200.0
56826,SL,400.0
56826,3A,640.0
56826,2A,800.0
56826,1A,1200.0
56829,SL,400.0
56829,3A,640.0
56829,2A,800.0
56829,1A,1200.0
14523,SL,400.0
14523,3A,640.0
14523,2A,800.0
14523,1A,1200.0
53426,SL,400.0
53426,3A,640.0
53426,2A,800.0
53426,1A,1200.0
53428,SL,400.0
53428,3A,640.0
53428,2A,800.0
53428,1A,1200.0
55610,SL,400.0
55610,3A,640.0
55610,2A,800.0
55610,1A,1200.0
56704,SL,400.0
56704,3A,640.0
56704,2A,800.0
56704,1A,1200.0
56705,SL,400.0
56705,3A,640.0
56705,2A,800.0
56705,1A,1200.0
56706,SL,400.0
56706,3A,640.0
56706,2A,800.0
56706,1A,1200.0
56711,SL,400.0
56711,3A,640.0
56711,2A,800.0
56711,1A,1200.0
56713,SL,400.0
56713,3A,640.0
56713,2A,800.0
56713,1A,1200.0
56721,SL,400.0
56721,3A,640.0
56721,2A,800.0
56721,1A,1200.0
56722,SL,400.0
56722,3A,640.0
56722,2A,800.0
56722,1A,1200.0
56724,SL,400.0
56724,3A,640.0
56724,2A,800.0
56724,1A,1200.0
56725,SL,400.0
56725,3A,640.0
56725,2A,800.0
56725,1A,1200.0
56726,SL,400.0
56726,3A,640.0
56726,2A,800.0
56726,1A,1200.0
56761,SL,400.0
56761,3A,640.0
56761,2A,800.0
56761,1A,1200.0
56762,SL,400.0
56762,3A,640.0
56762,2A,800.0
56762,1A,1200.0
56763,SL,400.0
56763,3A,640.0
56763,2A,800.0
56763,1A,1200.0
56764,SL,400.0
56764,3A,640.0
56764,2A,800.0
56764,1A,1200.0
56765,SL,400.0
56765,3A,640.0
56765,2A,800.0
56765,1A,1200.0
56766,SL,400.0
56766,3A,640.0
56766,2A,800.0
56766,1A,1200.0
56767,SL,400.0
56767,3A,640.0
56767,2A,800.0
56767,1A,1200.0
56768,SL,400.0
56768,3A,640.0
56768,2A,800.0
56768,1A,1200.0
56805,SL,400.0
56805,3A,640.0
56805,2A,800.0
56805,1A,1200.0
56807,SL,400.0
56807,3A,640.0
56807,2A,800.0
56807,1A,1200.0
56811,SL,400.0
56811,3A,640.0
56811,2A,800.0
56811,1A,1200.0
56822,SL,400.0
56822,3A,640.0
56822,2A,800.0
56822,1A,1200.0
56823,SL,400.0
56823,3A,640.0
56823,2A,800.0
56823,1A,1200.0
56827,SL,400.0
56827,3A,640.0
56827,2A,800.0
56827,1A,1200.0
56828,SL,400.0
56828,3A,640.0
56828,2A,800.0
56828,1A,1200.0
56830,SL,400.0
56830,3A,640.0
56830,2A,800.0
56830,1A,1200.0
56835,SL,400.0
56835,3A,640.0
56835,2A,800.0
56835,1A,1200.0
56836,SL,400.0
56836,3A,640.0
56836,2A,800.0
56836,1A,1200.0
56837,SL,400.0
56837,3A,640.0
56837,2A,800.0
56837,1A,1200.0
56838,SL,400.0
56838,3A,640.0
56838,2A,800.0
56838,1A,1200.0
56839,SL,400.0
56839,3A,640.0
56839,2A,800.0
56839,1A,1200.0
56840,SL,400.0
56840,3A,640.0
56840,2A,800.0
56840,1A,1200.0
56845,SL,400.0
56845,3A,640.0
56845,2A,800.0
56845,1A,1200.0
56846,SL,400.0
56846,3A,640.0
56846,2A,800.0
56846,1A,1200.0
56859,SL,400.0
56859,3A,640.0
56859,2A,800.0
56859,1A,1200.0
56861,SL,400.0
56861,3A,640.0
56861,2A,800.0
56861,1A,1200.0
56863,SL,400.0
56863,3A,640.0
56863,2A,800.0
56863,1A,1200.0
56865,SL,400.0
56865,3A,640.0
56865,2A,800.0
56865,1A,1200.0
56873,SL,400.0
56873,3A,640.0
56873,2A,800.0
56873,1A,1200.0
56877,SL,400.0
56877,3A,640.0
56877,2A,800.0
56877,1A,1200.0
56904,SL,400.0
56904,3A,640.0
56904,2A,800.0
56904,1A,1200.0
56905,SL,400.0
56905,3A,640.0
56905,2A,800.0
56905,1A,1200.0
56906,SL,400.0
56906,3A,640.0
56906,2A,800.0
56906,1A,1200.0
55029,SL,400.0
55029,3A,640.0
55029,2A,800.0
55029,1A,1200.0
56833,SL,400.0
56833,3A,640.0
56833,2A,800.0
56833,1A,1200.0
56841,SL,400.0
56841,3A,640.0
56841,2A,800.0
56841,1A,1200.0
56843,SL,400.0
56843,3A,640.0
56843,2A,800.0
56843,1A,1200.0
56847,SL,400.0
56847,3A,640.0
56847,2A,800.0
56847,1A,1200.0
56848,SL,400.0
56848,3A,640.0
56848,2A,800.0
56848,1A,1200.0
56851,SL,400.0
56851,3A,640.0
56851,2A,800.0
56851,1A,1200.0
56852,SL,400.0
56852,3A,640.0
56852,2A,800.0
56852,1A,1200.0
56862,SL,400.0
56862,3A,640.0
56862,2A,800.0
56862,1A,1200.0
56864,SL,400.0
56864,3A,640.0
56864,2A,800.0
56864,1A,1200.0
56866,SL,400.0
56866,3A,640.0
56866,2A,800.0
56866,1A,1200.0
56874,SL,400.0
56874,3A,640.0
56874,2A,800.0
56874,1A,1200.0
56878,SL,400.0
56878,3A,640.0
56878,2A,800.0
56878,1A,1200.0
56890,SL,400.0
56890,3A,640.0
56890,2A,800.0
56890,1A,1200.0
56891,SL,400.0
56891,3A,640.0
56891,2A,800.0
56891,1A,1200.0
56892,SL,400.0
56892,3A,640.0
56892,2A,800.0
56892,1A,1200.0
56893,SL,400.0
56893,3A,640.0
56893,2A,800.0
56893,1A,1200.0
56894,SL,400.0
56894,3A,640.0
56894,2A,800.0
56894,1A,1200.0
56902,SL,400.0
56902,3A,640.0
56902,2A,800.0
56902,1A,1200.0
56907,SL,400.0
56907,3A,640.0
56907,2A,800.0
56907,1A,1200.0
56909,SL,400.0
56909,3A,640.0
56909,2A,800.0
56909,1A,1200.0
56909-Slip,SL,400.0
56909-Slip,3A,640.0
56909-Slip,2A,800.0
56909-Slip,1A,1200.0
56910,SL,400.0
56910,3A,640.0
56910,2A,800.0
56910,1A,1200.0
56911,SL,400.0
56911,3A,640.0
56911,2A,800.0
56911,1A,1200.0
56912,SL,400.0
56912,3A,640.0
56912,2A,800.0
56912,1A,1200.0
56913,SL,400.0
56913,3A,640.0
56913,2A,800.0
56913,1A,1200.0
56914,SL,400.0
56914,3A,640.0
56914,2A,800.0
56914,1A,1200.0
56915,SL,400.0
56915,3A,640.0
56915,2A,800.0
56915,1A,1200.0
56916,SL,400.0
56916,3A,640.0
56916,2A,800.0
56916,1A,1200.0
56917,SL,400.0
56917,3A,640.0
56917,2A,800.0
56917,1A,1200.0
56918,SL,400.0
56918,3A,640.0
56918,2A,800.0
56918,1A,1200.0
56961,SL,400.0
56961,3A,640.0
56961,2A,800.0
56961,1A,1200.0
56963,SL,400.0
56963,3A,640.0
56963,2A,800.0
56963,1A,1200.0
56964,SL,400.0
56964,3A,640.0
56964,2A,800.0
56964,1A,1200.0
57129,SL,400.0
57129,3A,640.0
57129,2A,800.0
57129,1A,1200.0
57130,SL,400.0
57130,3A,640.0
57130,2A,800.0
57130,1A,1200.0
57131,SL,400.0
57131,3A,640.0
57131,2A,800.0
57131,1A,1200.0
57133,SL,400.0
57133,3A,640.0
57133,2A,800.0
57133,1A,1200.0
57134,SL,400.0
57134,3A,640.0
57134,2A,800.0
57134,1A,1200.0
57139,SL,400.0
57139,3A,640.0
57139,2A,800.0
57139,1A,1200.0
57145,SL,400.0
57145,3A,640.0
57145,2A,800.0
57145,1A,1200.0
57146,SL,400.0
57146,3A,640.0
57146,2A,800.0
57146,1A,1200.0
57156,SL,400.0
57156,3A,640.0
57156,2A,800.0
57156,1A,1200.0
57201,SL,400.0
57201,3A,640.0
57201,2A,800.0
57201,1A,1200.0
57207,SL,400.0
57207,3A,640.0
57207,2A,800.0
57207,1A,1200.0
57208,SL,400.0
57208,3A,640.0
57208,2A,800.0
57208,1A,1200.0
57235,SL,400.0
57235,3A,640.0
57235,2A,800.0
57235,1A,1200.0
53131,SL,400.0
53131,3A,640.0
53131,2A,800.0
53131,1A,1200.0
56962,SL,400.0
56962,3A,640.0
56962,2A,800.0
56962,1A,1200.0
56965,SL,400.0
56965,3A,640.0
56965,2A,800.0
56965,1A,1200.0
56966,SL,400.0
56966,3A,640.0
56966,2A,800.0
56966,1A,1200.0
57121,SL,400.0
57121,3A,640.0
57121,2A,800.0
57121,1A,1200.0
57122,SL,400.0
57122,3A,640.0
57122,2A,800.0
57122,1A,1200.0
57124,SL,400.0
57124,3A,640.0
57124,2A,800.0
57124,1A,1200.0
57135,SL,400.0
57135,3A,640.0
57135,2A,800.0
57135,1A,1200.0
57136,SL,400.0
57136,3A,640.0
57136,2A,800.0
57136,1A,1200.0
57140,SL,400.0
57140,3A,640.0
57140,2A,800.0
57140,1A,1200.0
57155,SL,400.0
57155,3A,640.0
57155,2A,800.0
57155,1A,1200.0
57202,SL,400.0
57202,3A,640.0
57202,2A,800.0
57202,1A,1200.0
57203,SL,400.0
57203,3A,640.0
57203,2A,800.0
57203,1A,1200.0
57209,SL,400.0
57209,3A,640.0
57209,2A,800.0
57209,1A,1200.0
57210,SL,400.0
57210,3A,640.0
57210,2A,800.0
57210,1A,1200.0
57216,SL,400.0
57216,3A,640.0
57216,2A,800.0
57216,1A,1200.0
57217,SL,400.0
57217,3A,640.0
57217,2A,800.0
57217,1A,1200.0
57218,SL,400.0
57218,3A,640.0
57218,2A,800.0
57218,1A,1200.0
57219,SL,400.0
57219,3A,640.0
57219,2A,800.0
57219,1A,1200.0
57220,SL,400.0
57220,3A,640.0
57220,2A,800.0
57220,1A,1200.0
57224,SL,400.0
57224,3A,640.0
57224,2A,800.0
57224,1A,1200.0
57225,SL,400.0
57225,3A,640.0
57225,2A,800.0
57225,1A,1200.0
57226,SL,400.0
57226,3A,640.0
57226,2A,800.0
57226,1A,1200.0
57229,SL,400.0
57229,3A,640.0
57229,2A,800.0
57229,1A,1200.0
57230,SL,400.0
57230,3A,640.0
57230,2A,800.0
57230,1A,1200.0
57231,SL,400.0
57231,3A,640.0
57231,2A,800.0
57231,1A,1200.0
57232,SL,400.0
57232,3A,640.0
57232,2A,800.0
57232,1A,1200.0
57240,SL,400.0
57240,3A,640.0
57240,2A,800.0
57240,1A,1200.0
57241,SL,400.0
57241,3A,640.0
57241,2A,800.0
57241,1A,1200.0
57242,SL,400.0
57242,3A,640.0
57242,2A,800.0
57242,1A,1200.0
57254,SL,400.0
57254,3A,640.0
57254,2A,800.0
57254,1A,1200.0
57257,SL,400.0
57257,3A,640.0
57257,2A,800.0
57257,1A,1200.0
57258,SL,400.0
57258,3A,640.0
57258,2A,800.0
57258,1A,1200.0
57259,SL,400.0
57259,3A,640.0
57259,2A,800.0
57259,1A,1200.0
57260,SL,400.0
57260,3A,640.0
57260,2A,800.0
57260,1A,1200.0
57271,SL,400.0
57271,3A,640.0
57271,2A,800.0
57271,1A,1200.0
57272,SL,400.0
57272,3A,640.0
57272,2A,800.0
57272,1A,1200.0
57274,SL,400.0
57274,3A,640.0
57274,2A,800.0
57274,1A,1200.0
57278,SL,400.0
57278,3A,640.0
57278,2A,800.0
57278,1A,1200.0
57279,SL,400.0
57279,3A,640.0
57279,2A,800.0
57279,1A,1200.0
57280,SL,400.0
57280,3A,640.0
57280,2A,800.0
57280,1A,1200.0
57427,SL,400.0
57427,3A,640.0
57427,2A,800.0
57427,1A,1200.0
57428,SL,400.0
57428,3A,640.0
57428,2A,800.0
57428,1A,1200.0
57437,SL,400.0
57437,3A,640.0
57437,2A,800.0
57437,1A,1200.0
57438,SL,400.0
57438,3A,640.0
57438,2A,800.0
57438,1A,1200.0
57547,SL,400.0
57547,3A,640.0
57547,2A,800.0
57547,1A,1200.0
51111,SL,400.0
51111,3A,640.0
51111,2A,800.0
51111,1A,1200.0
57237,SL,400.0
57237,3A,640.0
57237,2A,800.0
57237,1A,1200.0
57238,SL,400.0
57238,3A,640.0
57238,2A,800.0
57238,1A,1200.0
57239,SL,400.0
57239,3A,640.0
57239,2A,800.0
57239,1A,1200.0
57253,SL,400.0
57253,3A,640.0
57253,2A,800.0
57253,1A,1200.0
57256,SL,400.0
57256,3A,640.0
57256,2A,800.0
57256,1A,1200.0
57262,SL,400.0
57262,3A,640.0
57262,2A,800.0
57262,1A,1200.0
57263,SL,400.0
57263,3A,640.0
57263,2A,800.0
57263,1A,1200.0
57264,SL,400.0
57264,3A,640.0
57264,2A,800.0
57264,1A,1200.0
57265,SL,400.0
57265,3A,640.0
57265,2A,800.0
57265,1A,1200.0
57273,SL,400.0
57273,3A,640.0
57273,2A,800.0
57273,1A,1200.0
57285,SL,400.0
57285,3A,640.0
57285,2A,800.0
57285,1A,1200.0
57286,SL,400.0
57286,3A,640.0
57286,2A,800.0
57286,1A,1200.0
57298,SL,400.0
57298,3A,640.0
57298,2A,800.0
57298,1A,1200.0
57305,SL,400.0
57305,3A,640.0
57305,2A,800.0
57305,1A,1200.0
57306,SL,400.0
57306,3A,640.0
57306,2A,800.0
57306,1A,1200.0
57307,SL,400.0
57307,3A,640.0
57307,2A,800.0
57307,1A,1200.0
57308,SL,400.0
57308,3A,640.0
57308,2A,800.0
57308,1A,1200.0
57327,SL,400.0
57327,3A,640.0
57327,2A,800.0
57327,1A,1200.0
57328,SL,400.0
57328,3A,640.0
57328,2A,800.0
57328,1A,1200.0
57381,SL,400.0
57381,3A,640.0
57381,2A,800.0
57381,1A,1200.0
57382,SL,400.0
57382,3A,640.0
57382,2A,800.0
57382,1A,1200.0
57412,SL,400.0
57412,3A,640.0
57412,2A,800.0
57412,1A,1200.0
57426,SL,400.0
57426,3A,640.0
57426,2A,800.0
57426,1A,1200.0
57430,SL,400.0
57430,3A,640.0
57430,2A,800.0
57430,1A,1200.0
57439,SL,400.0
57439,3A,640.0
57439,2A,800.0
57439,1A,1200.0
57440,SL,400.0
57440,3A,640.0
57440,2A,800.0
57440,1A,1200.0
57467,SL,400.0
57467,3A,640.0
57467,2A,800.0
57467,1A,1200.0
57469,SL,400.0
57469,3A,640.0
57469,2A,800.0
57469,1A,1200.0
57474,SL,400.0
57474,3A,640.0
57474,2A,800.0
57474,1A,1200.0
57475,SL,400.0
57475,3A,640.0
57475,2A,800.0
57475,1A,1200.0
57476,SL,400.0
57476,3A,640.0
57476,2A,800.0
57476,1A,1200.0
57501,SL,400.0
57501,3A,640.0
57501,2A,800.0
57501,1A,1200.0
57502,SL,400.0
57502,3A,640.0
57502,2A,800.0
57502,1A,1200.0
57503,SL,400.0
57503,3A,640.0
57503,2A,800.0
57503,1A,1200.0
57504,SL,400.0
57504,3A,640.0
57504,2A,800.0
57504,1A,1200.0
57512,SL,400.0
57512,3A,640.0
57512,2A,800.0
57512,1A,1200.0
57516,SL,400.0
57516,3A,640.0
57516,2A,800.0
57516,1A,1200.0
57518,SL,400.0
57518,3A,640.0
57518,2A,800.0
57518,1A,1200.0
57519,SL,400.0
57519,3A,640.0
57519,2A,800.0
57519,1A,1200.0
57539,SL,400.0
57539,3A,640.0
57539,2A,800.0
57539,1A,1200.0
57540,SL,400.0
57540,3A,640.0
57540,2A,800.0
57540,1A,1200.0
57541,SL,400.0
57541,3A,640.0
57541,2A,800.0
57541,1A,1200.0
57542,SL,400.0
57542,3A,640.0
57542,2A,800.0
57542,1A,1200.0
57561,SL,400.0
57561,3A,640.0
57561,2A,800.0
57561,1A,1200.0
57581,SL,400.0
57581,3A,640.0
57581,2A,800.0
57581,1A,1200.0
57583,SL,400.0
57583,3A,640.0
57583,2A,800.0
57583,1A,1200.0
57448,SL,400.0
57448,3A,640.0
57448,2A,800.0
57448,1A,1200.0
57451,SL,400.0
57451,3A,640.0
57451,2A,800.0
57451,1A,1200.0
57453,SL,400.0
57453,3A,640.0
57453,2A,800.0
57453,1A,1200.0
57454,SL,400.0
57454,3A,640.0
57454,2A,800.0
57454,1A,1200.0
57468,SL,400.0
57468,3A,640.0
57468,2A,800.0
57468,1A,1200.0
57470,SL,400.0
57470,3A,640.0
57470,2A,800.0
57470,1A,1200.0
57473,SL,400.0
57473,3A,640.0
57473,2A,800.0
57473,1A,1200.0
57485,SL,400.0
57485,3A,640.0
57485,2A,800.0
57485,1A,1200.0
57486,SL,400.0
57486,3A,640.0
57486,2A,800.0
57486,1A,1200.0
57548,SL,400.0
57548,3A,640.0
57548,2A,800.0
57548,1A,1200.0
57549,SL,400.0
57549,3A,640.0
57549,2A,800.0
57549,1A,1200.0
57550,SL,400.0
57550,3A,640.0
57550,2A,800.0
57550,1A,1200.0
57551,SL,400.0
57551,3A,640.0
57551,2A,800.0
57551,1A,1200.0
57552,SL,400.0
57552,3A,640.0
57552,2A,800.0
57552,1A,1200.0
57553,SL,400.0
57553,3A,640.0
57553,2A,800.0
57553,1A,1200.0
57554,SL,400.0
57554,3A,640.0
57554,2A,800.0
57554,1A,1200.0
57557,SL,400.0
57557,3A,640.0
57557,2A,800.0
57557,1A,1200.0
57558,SL,400.0
57558,3A,640.0
57558,2A,800.0
57558,1A,1200.0
57563,SL,400.0
57563,3A,640.0
57563,2A,800.0
57563,1A,1200.0
57564,SL,400.0
57564,3A,640.0
57564,2A,800.0
57564,1A,1200.0
57582,SL,400.0
57582,3A,640.0
57582,2A,800.0
57582,1A,1200.0
57605,SL,400.0
57605,3A,640.0
57605,2A,800.0
57605,1A,1200.0
57606,SL,400.0
57606,3A,640.0
57606,2A,800.0
57606,1A,1200.0
57619,SL,400.0
57619,3A,640.0
57619,2A,800.0
57619,1A,1200.0
57625,SL,400.0
57625,3A,640.0
57625,2A,800.0
57625,1A,1200.0
57626,SL,400.0
57626,3A,640.0
57626,2A,800.0
57626,1A,1200.0
57640,SL,400.0
57640,3A,640.0
57640,2A,800.0
57640,1A,1200.0
57641,SL,400.0
57641,3A,640.0
57641,2A,800.0
57641,1A,1200.0
57642,SL,400.0
57642,3A,640.0
57642,2A,800.0
57642,1A,1200.0
57643,SL,400.0
57643,3A,640.0
57643,2A,800.0
57643,1A,1200.0
57644,SL,400.0
57644,3A,640.0
57644,2A,800.0
57644,1A,1200.0
57651,SL,400.0
57651,3A,640.0
57651,2A,800.0
57651,1A,1200.0
57652,SL,400.0
57652,3A,640.0
57652,2A,800.0
57652,1A,1200.0
57657,SL,400.0
57657,3A,640.0
57657,2A,800.0
57657,1A,1200.0
57658,SL,400.0
57658,3A,640.0
57658,2A,800.0
57658,1A,1200.0
57660,SL,400.0
57660,3A,640.0
57660,2A,800.0
57660,1A,1200.0
58000,SL,400.0
58000,3A,640.0
58000,2A,800.0
58000,1A,1200.0
58001,SL,400.0
58001,3A,640.0
58001,2A,800.0
58001,1A,1200.0
58003,SL,400.0
58003,3A,640.0
58003,2A,800.0
58003,1A,1200.0
58005,SL,400.0
58005,3A,640.0
58005,2A,800.0
58005,1A,1200.0
58006,SL,400.0
58006,3A,640.0
58006,2A,800.0
58006,1A,1200.0
58007,SL,400.0
58007,3A,640.0
58007,2A,800.0
58007,1A,1200.0
58011,SL,400.0
58011,3A,640.0
58011,2A,800.0
58011,1A,1200.0
58012,SL,400.0
58012,3A,640.0
58012,2A,800.0
58012,1A,1200.0
58014,SL,400.0
58014,3A,640.0
58014,2A,800.0
58014,1A,1200.0
58015,SL,400.0
58015,3A,640.0
58015,2A,800.0
58015,1A,1200.0
58016,SL,400.0
58016,3A,640.0
58016,2A,800.0
58016,1A,1200.0
51113,SL,400.0
51113,3A,640.0
51113,2A,800.0
51113,1A,1200.0
51114,SL,400.0
51114,3A,640.0
51114,2A,800.0
51114,1A,1200.0
51115,SL,400.0
51115,3A,640.0
51115,2A,800.0
51115,1A,1200.0
51886,SL,400.0
51886,3A,640.0
51886,2A,800.0
51886,1A,1200.0
57584,SL,400.0
57584,3A,640.0
57584,2A,800.0
57584,1A,1200.0
57628,SL,400.0
57628,3A,640.0
57628,2A,800.0
57628,1A,1200.0
57639,SL,400.0
57639,3A,640.0
57639,2A,800.0
57639,1A,1200.0
57649,SL,400.0
57649,3A,640.0
57649,2A,800.0
57649,1A,1200.0
57650,SL,400.0
57650,3A,640.0
57650,2A,800.0
57650,1A,1200.0
57659,SL,400.0
57659,3A,640.0
57659,2A,800.0
57659,1A,1200.0
57685,SL,400.0
57685,3A,640.0
57685,2A,800.0
57685,1A,1200.0
57686,SL,400.0
57686,3A,640.0
57686,2A,800.0
57686,1A,1200.0
58002,SL,400.0
58002,3A,640.0
58002,2A,800.0
58002,1A,1200.0
58008,SL,400.0
58008,3A,640.0
58008,2A,800.0
58008,1A,1200.0
58009,SL,400.0
58009,3A,640.0
58009,2A,800.0
58009,1A,1200.0
58010,SL,400.0
58010,3A,640.0
58010,2A,800.0
58010,1A,1200.0
58017,SL,400.0
58017,3A,640.0
58017,2A,800.0
58017,1A,1200.0
58018,SL,400.0
58018,3A,640.0
58018,2A,800.0
58018,1A,1200.0
58019,SL,400.0
58019,3A,640.0
58019,2A,800.0
58019,1A,1200.0
58020,SL,400.0
58020,3A,640.0
58020,2A,800.0
58020,1A,1200.0
58021,SL,400.0
58021,3A,640.0
58021,2A,800.0
58021,1A,1200.0
58022,SL,400.0
58022,3A,640.0
58022,2A,800.0
58022,1A,1200.0
58023,SL,400.0
58023,3A,640.0
58023,2A,800.0
58023,1A,1200.0
58025,SL,400.0
58025,3A,640.0
58025,2A,800.0
58025,1A,1200.0
58026,SL,400.0
58026,3A,640.0
58026,2A,800.0
58026,1A,1200.0
58101,SL,400.0
58101,3A,640.0
58101,2A,800.0
58101,1A,1200.0
58103,SL,400.0
58103,3A,640.0
58103,2A,800.0
58103,1A,1200.0
58104,SL,400.0
58104,3A,640.0
58104,2A,800.0
58104,1A,1200.0
58109,SL,400.0
58109,3A,640.0
58109,2A,800.0
58109,1A,1200.0
58110,SL,400.0
58110,3A,640.0
58110,2A,800.0
58110,1A,1200.0
58111,SL,400.0
58111,3A,640.0
58111,2A,800.0
58111,1A,1200.0
58112,SL,400.0
58112,3A,640.0
58112,2A,800.0
58112,1A,1200.0
58113,SL,400.0
58113,3A,640.0
58113,2A,800.0
58113,1A,1200.0
58114,SL,400.0
58114,3A,640.0
58114,2A,800.0
58114,1A,1200.0
58116,SL,400.0
58116,3A,640.0
58116,2A,800.0
58116,1A,1200.0
58151,SL,400.0
58151,3A,640.0
58151,2A,800.0
58151,1A,1200.0
58152,SL,400.0
58152,3A,640.0
58152,2A,800.0
58152,1A,1200.0
58162,SL,400.0
58162,3A,640.0
58162,2A,800.0
58162,1A,1200.0
58201,SL,400.0
58201,3A,640.0
58201,2A,800.0
58201,1A,1200.0
58202,SL,400.0
58202,3A,640.0
58202,2A,800.0
58202,1A,1200.0
58203,SL,400.0
58203,3A,640.0
58203,2A,800.0
58203,1A,1200.0
58204,SL,400.0
58204,3A,640.0
58204,2A,800.0
58204,1A,1200.0
58205,SL,400.0
58205,3A,640.0
58205,2A,800.0
58205,1A,1200.0
58206,SL,400.0
58206,3A,640.0
58206,2A,800.0
58206,1A,1200.0
58208,SL,400.0
58208,3A,640.0
58208,2A,800.0
58208,1A,1200.0
58215,SL,400.0
58215,3A,640.0
58215,2A,800.0
58215,1A,1200.0
58216,SL,400.0
58216,3A,640.0
58216,2A,800.0
58216,1A,1200.0
58117,SL,400.0
58117,3A,640.0
58117,2A,800.0
58117,1A,1200.0
58118,SL,400.0
58118,3A,640.0
58118,2A,800.0
58118,1A,1200.0
58125,SL,400.0
58125,3A,640.0
58125,2A,800.0
58125,1A,1200.0
58131,SL,400.0
58131,3A,640.0
58131,2A,800.0
58131,1A,1200.0
58132,SL,400.0
58132,3A,640.0
58132,2A,800.0
58132,1A,1200.0
58133,SL,400.0
58133,3A,640.0
58133,2A,800.0
58133,1A,1200.0
58134,SL,400.0
58134,3A,640.0
58134,2A,800.0
58134,1A,1200.0
58209,SL,400.0
58209,3A,640.0
58209,2A,800.0
58209,1A,1200.0
58210,SL,400.0
58210,3A,640.0
58210,2A,800.0
58210,1A,1200.0
58212,SL,400.0
58212,3A,640.0
58212,2A,800.0
58212,1A,1200.0
58213,SL,400.0
58213,3A,640.0
58213,2A,800.0
58213,1A,1200.0
58214,SL,400.0
58214,3A,640.0
58214,2A,800.0
58214,1A,1200.0
58217,SL,400.0
58217,3A,640.0
58217,2A,800.0
58217,1A,1200.0
58218,SL,400.0
58218,3A,640.0
58218,2A,800.0
58218,1A,1200.0
58220-Slip,SL,400.0
58220-Slip,3A,640.0
58220-Slip,2A,800.0
58220-Slip,1A,1200.0
58221,SL,400.0
58221,3A,640.0
58221,2A,800.0
58221,1A,1200.0
58222,SL,400.0
58222,3A,640.0
58222,2A,800.0
58222,1A,1200.0
58223,SL,400.0
58223,3A,640.0
58223,2A,800.0
58223,1A,1200.0
58224,SL,400.0
58224,3A,640.0
58224,2A,800.0
58224,1A,1200.0
58401,SL,400.0
58401,3A,640.0
58401,2A,800.0
58401,1A,1200.0
58405,SL,400.0
58405,3A,640.0
58405,2A,800.0
58405,1A,1200.0
58406,SL,400.0
58406,3A,640.0
58406,2A,800.0
58406,1A,1200.0
58407,SL,400.0
58407,3A,640.0
58407,2A,800.0
58407,1A,1200.0
58408,SL,400.0
58408,3A,640.0
58408,2A,800.0
58408,1A,1200.0
58409,SL,400.0
58409,3A,640.0
58409,2A,800.0
58409,1A,1200.0
58410,SL,400.0
58410,3A,640.0
58410,2A,800.0
58410,1A,1200.0
58414,SL,400.0
58414,3A,640.0
58414,2A,800.0
58414,1A,1200.0
58415,SL,400.0
58415,3A,640.0
58415,2A,800.0
58415,1A,1200.0
58416,SL,400.0
58416,3A,640.0
58416,2A,800.0
58416,1A,1200.0
58417,SL,400.0
58417,3A,640.0
58417,2A,800.0
58417,1A,1200.0
58418,SL,400.0
58418,3A,640.0
58418,2A,800.0
58418,1A,1200.0
58421,SL,400.0
58421,3A,640.0
58421,2A,800.0
58421,1A,1200.0
58422,SL,400.0
58422,3A,640.0
58422,2A,800.0
58422,1A,1200.0
58423,SL,400.0
58423,3A,640.0
58423,2A,800.0
58423,1A,1200.0
58424,SL,400.0
58424,3A,640.0
58424,2A,800.0
58424,1A,1200.0
58435,SL,400.0
58435,3A,640.0
58435,2A,800.0
58435,1A,1200.0
58436,SL,400.0
58436,3A,640.0
58436,2A,800.0
58436,1A,1200.0
58527,SL,400.0
58527,3A,640.0
58527,2A,800.0
58527,1A,1200.0
58528,SL,400.0
58528,3A,640.0
58528,2A,800.0
58528,1A,1200.0
58541,SL,400.0
58541,3A,640.0
58541,2A,800.0
58541,1A,1200.0
58542,SL,400.0
58542,3A,640.0
58542,2A,800.0
58542,1A,1200.0
58601,SL,400.0
58601,3A,640.0
58601,2A,800.0
58601,1A,1200.0
58602,SL,400.0
58602,3A,640.0
58602,2A,800.0
58602,1A,1200.0
58603,SL,400.0
58603,3A,640.0
58603,2A,800.0
58603,1A,1200.0
58604,SL,400.0
58604,3A,640.0
58604,2A,800.0
58604,1A,1200.0
58605,SL,400.0
58605,3A,640.0
58605,2A,800.0
58605,1A,1200.0
58606,SL,400.0
58606,3A,640.0
58606,2A,800.0
58606,1A,1200.0
58220,SL,400.0
58220,3A,640.0
58220,2A,800.0
58220,1A,1200.0
58433,SL,400.0
58433,3A,640.0
58433,2A,800.0
58433,1A,1200.0
58434,SL,400.0
58434,3A,640.0
58434,2A,800.0
58434,1A,1200.0
58501,SL,400.0
58501,3A,640.0
58501,2A,800.0
58501,1A,1200.0
58525,SL,400.0
58525,3A,640.0
58525,2A,800.0
58525,1A,1200.0
58529,SL,400.0
58529,3A,640.0
58529,2A,800.0
58529,1A,1200.0
58530,SL,400.0
58530,3A,640.0
58530,2A,800.0
58530,1A,1200.0
58537,SL,400.0
58537,3A,640.0
58537,2A,800.0
58537,1A,1200.0
58538,SL,400.0
58538,3A,640.0
58538,2A,800.0
58538,1A,1200.0
58607,SL,400.0
58607,3A,640.0
58607,2A,800.0
58607,1A,1200.0
58608,SL,400.0
58608,3A,640.0
58608,2A,800.0
58608,1A,1200.0
58609,SL,400.0
58609,3A,640.0
58609,2A,800.0
58609,1A,1200.0
58652,SL,400.0
58652,3A,640.0
58652,2A,800.0
58652,1A,1200.0
58653,SL,400.0
58653,3A,640.0
58653,2A,800.0
58653,1A,1200.0
58654,SL,400.0
58654,3A,640.0
58654,2A,800.0
58654,1A,1200.0
58655,SL,400.0
58655,3A,640.0
58655,2A,800.0
58655,1A,1200.0
58656,SL,400.0
58656,3A,640.0
58656,2A,800.0
58656,1A,1200.0
58657,SL,400.0
58657,3A,640.0
58657,2A,800.0
58657,1A,1200.0
58658,SL,400.0
58658,3A,640.0
58658,2A,800.0
58658,1A,1200.0
58661,SL,400.0
58661,3A,640.0
58661,2A,800.0
58661,1A,1200.0
58662,SL,400.0
58662,3A,640.0
58662,2A,800.0
58662,1A,1200.0
58703,SL,400.0
58703,3A,640.0
58703,2A,800.0
58703,1A,1200.0
58704,SL,400.0
58704,3A,640.0
58704,2A,800.0
58704,1A,1200.0
58711,SL,400.0
58711,3A,640.0
58711,2A,800.0
58711,1A,1200.0
58712,SL,400.0
58712,3A,640.0
58712,2A,800.0
58712,1A,1200.0
58713,SL,400.0
58713,3A,640.0
58713,2A,800.0
58713,1A,1200.0
58714,SL,400.0
58714,3A,640.0
58714,2A,800.0
58714,1A,1200.0
58715,SL,400.0
58715,3A,640.0
58715,2A,800.0
58715,1A,1200.0
58716,SL,400.0
58716,3A,640.0
58716,2A,800.0
58716,1A,1200.0
58717,SL,400.0
58717,3A,640.0
58717,2A,800.0
58717,1A,1200.0
58718,SL,400.0
58718,3A,640.0
58718,2A,800.0
58718,1A,1200.0
58719,SL,400.0
58719,3A,640.0
58719,2A,800.0
58719,1A,1200.0
58720,SL,400.0
58720,3A,640.0
58720,2A,800.0
58720,1A,1200.0
58721,SL,400.0
58721,3A,640.0
58721,2A,800.0
58721,1A,1200.0
58722,SL,400.0
58722,3A,640.0
58722,2A,800.0
58722,1A,1200.0
58802,SL,400.0
58802,3A,640.0
58802,2A,800.0
58802,1A,1200.0
58808,SL,400.0
58808,3A,640.0
58808,2A,800.0
58808,1A,1200.0
58809,SL,400.0
58809,3A,640.0
58809,2A,800.0
58809,1A,1200.0
58810,SL,400.0
58810,3A,640.0
58810,2A,800.0
58810,1A,1200.0
58811,SL,400.0
58811,3A,640.0
58811,2A,800.0
58811,1A,1200.0
58813,SL,400.0
58813,3A,640.0
58813,2A,800.0
58813,1A,1200.0
58814,SL,400.0
58814,3A,640.0
58814,2A,800.0
58814,1A,1200.0
58815,SL,400.0
58815,3A,640.0
58815,2A,800.0
58815,1A,1200.0
58816,SL,400.0
58816,3A,640.0
58816,2A,800.0
58816,1A,1200.0
58817,SL,400.0
58817,3A,640.0
58817,2A,800.0
58817,1A,1200.0
58818,SL,400.0
58818,3A,640.0
58818,2A,800.0
58818,1A,1200.0
58831,SL,400.0
58831,3A,640.0
58831,2A,800.0
58831,1A,1200.0
58620,SL,400.0
58620,3A,640.0
58620,2A,800.0
58620,1A,1200.0
58621,SL,400.0
58621,3A,640.0
58621,2A,800.0
58621,1A,1200.0
58701,SL,400.0
58701,3A,640.0
58701,2A,800.0
58701,1A,1200.0
58702,SL,400.0
58702,3A,640.0
58702,2A,800.0
58702,1A,1200.0
58804,SL,400.0
58804,3A,640.0
58804,2A,800.0
58804,1A,1200.0
58805,SL,400.0
58805,3A,640.0
58805,2A,800.0
58805,1A,1200.0
58806,SL,400.0
58806,3A,640.0
58806,2A,800.0
58806,1A,1200.0
58832,SL,400.0
58832,3A,640.0
58832,2A,800.0
58832,1A,1200.0
58833,SL,400.0
58833,3A,640.0
58833,2A,800.0
58833,1A,1200.0
58835,SL,400.0
58835,3A,640.0
58835,2A,800.0
58835,1A,1200.0
58837,SL,400.0
58837,3A,640.0
58837,2A,800.0
58837,1A,1200.0
58839,SL,400.0
58839,3A,640.0
58839,2A,800.0
58839,1A,1200.0
58841,SL,400.0
58841,3A,640.0
58841,2A,800.0
58841,1A,1200.0
58843,SL,400.0
58843,3A,640.0
58843,2A,800.0
58843,1A,1200.0
58846,SL,400.0
58846,3A,640.0
58846,2A,800.0
58846,1A,1200.0
58847,SL,400.0
58847,3A,640.0
58847,2A,800.0
58847,1A,1200.0
58849,SL,400.0
58849,3A,640.0
58849,2A,800.0
58849,1A,1200.0
58850,SL,400.0
58850,3A,640.0
58850,2A,800.0
58850,1A,1200.0
58851,SL,400.0
58851,3A,640.0
58851,2A,800.0
58851,1A,1200.0
58852,SL,400.0
58852,3A,640.0
58852,2A,800.0
58852,1A,1200.0
58853,SL,400.0
58853,3A,640.0
58853,2A,800.0
58853,1A,1200.0
58854,SL,400.0
58854,3A,640.0
58854,2A,800.0
58854,1A,1200.0
58855,SL,400.0
58855,3A,640.0
58855,2A,800.0
58855,1A,1200.0
58856,SL,400.0
58856,3A,640.0
58856,2A,800.0
58856,1A,1200.0
58857,SL,400.0
58857,3A,640.0
58857,2A,800.0
58857,1A,1200.0
58858,SL,400.0
58858,3A,640.0
58858,2A,800.0
58858,1A,1200.0
58859,SL,400.0
58859,3A,640.0
58859,2A,800.0
58859,1A,1200.0
58860,SL,400.0
58860,3A,640.0
58860,2A,800.0
58860,1A,1200.0
58861,SL,400.0
58861,3A,640.0
58861,2A,800.0
58861,1A,1200.0
58862,SL,400.0
58862,3A,640.0
58862,2A,800.0
58862,1A,1200.0
58863,SL,400.0
58863,3A,640.0
58863,2A,800.0
58863,1A,1200.0
58864,SL,400.0
58864,3A,640.0
58864,2A,800.0
58864,1A,1200.0
58865,SL,400.0
58865,3A,640.0
58865,2A,800.0
58865,1A,1200.0
58866,SL,400.0
58866,3A,640.0
58866,2A,800.0
58866,1A,1200.0
58867,SL,400.0
58867,3A,640.0
58867,2A,800.0
58867,1A,1200.0
58868,SL,400.0
58868,3A,640.0
58868,2A,800.0
58868,1A,1200.0
58869,SL,400.0
58869,3A,640.0
58869,2A,800.0
58869,1A,1200.0
58870,SL,400.0
58870,3A,640.0
58870,2A,800.0
58870,1A,1200.0
58871,SL,400.0
58871,3A,640.0
58871,2A,800.0
58871,1A,1200.0
58873,SL,400.0
58873,3A,640.0
58873,2A,800.0
58873,1A,1200.0
58874,SL,400.0
58874,3A,640.0
58874,2A,800.0
58874,1A,1200.0
58876,SL,400.0
58876,3A,640.0
58876,2A,800.0
58876,1A,1200.0
59009,SL,400.0
59009,3A,640.0
59009,2A,800.0
59009,1A,1200.0
59010,SL,400.0
59010,3A,640.0
59010,2A,800.0
59010,1A,1200.0
59013,SL,400.0
59013,3A,640.0
59013,2A,800.0
59013,1A,1200.0
59023,SL,400.0
59023,3A,640.0
59023,2A,800.0
59023,1A,1200.0
59025,SL,400.0
59025,3A,640.0
59025,2A,800.0
59025,1A,1200.0
58834,SL,400.0
58834,3A,640.0
58834,2A,800.0
58834,1A,1200.0
58836,SL,400.0
58836,3A,640.0
58836,2A,800.0
58836,1A,1200.0
58840,SL,400.0
58840,3A,640.0
58840,2A,800.0
58840,1A,1200.0
58842,SL,400.0
58842,3A,640.0
58842,2A,800.0
58842,1A,1200.0
58844,SL,400.0
58844,3A,640.0
58844,2A,800.0
58844,1A,1200.0
58848,SL,400.0
58848,3A,640.0
58848,2A,800.0
58848,1A,1200.0
59026,SL,400.0
59026,3A,640.0
59026,2A,800.0
59026,1A,1200.0
59037,SL,400.0
59037,3A,640.0
59037,2A,800.0
59037,1A,1200.0
59038,SL,400.0
59038,3A,640.0
59038,2A,800.0
59038,1A,1200.0
59039,SL,400.0
59039,3A,640.0
59039,2A,800.0
59039,1A,1200.0
59040,SL,400.0
59040,3A,640.0
59040,2A,800.0
59040,1A,1200.0
59043,SL,400.0
59043,3A,640.0
59043,2A,800.0
59043,1A,1200.0
59044,SL,400.0
59044,3A,640.0
59044,2A,800.0
59044,1A,1200.0
59045,SL,400.0
59045,3A,640.0
59045,2A,800.0
59045,1A,1200.0
59046,SL,400.0
59046,3A,640.0
59046,2A,800.0
59046,1A,1200.0
59047,SL,400.0
59047,3A,640.0
59047,2A,800.0
59047,1A,1200.0
59048,SL,400.0
59048,3A,640.0
59048,2A,800.0
59048,1A,1200.0
59049,SL,400.0
59049,3A,640.0
59049,2A,800.0
59049,1A,1200.0
59051,SL,400.0
59051,3A,640.0
59051,2A,800.0
59051,1A,1200.0
59075,SL,400.0
59075,3A,640.0
59075,2A,800.0
59075,1A,1200.0
59076-Slip,SL,400.0
59076-Slip,3A,640.0
59076-Slip,2A,800.0
59076-Slip,1A,1200.0
59077,SL,400.0
59077,3A,640.0
59077,2A,800.0
59077,1A,1200.0
59078,SL,400.0
59078,3A,640.0
59078,2A,800.0
59078,1A,1200.0
59092,SL,400.0
59092,3A,640.0
59092,2A,800.0
59092,1A,1200.0
59101,SL,400.0
59101,3A,640.0
59101,2A,800.0
59101,1A,1200.0
59102,SL,400.0
59102,3A,640.0
59102,2A,800.0
59102,1A,1200.0
59103,SL,400.0
59103,3A,640.0
59103,2A,800.0
59103,1A,1200.0
59104,SL,400.0
59104,3A,640.0
59104,2A,800.0
59104,1A,1200.0
59112,SL,400.0
59112,3A,640.0
59112,2A,800.0
59112,1A,1200.0
59115,SL,400.0
59115,3A,640.0
59115,2A,800.0
59115,1A,1200.0
59116,SL,400.0
59116,3A,640.0
59116,2A,800.0
59116,1A,1200.0
59117,SL,400.0
59117,3A,640.0
59117,2A,800.0
59117,1A,1200.0
59118,SL,400.0
59118,3A,640.0
59118,2A,800.0
59118,1A,1200.0
59119,SL,400.0
59119,3A,640.0
59119,2A,800.0
59119,1A,1200.0
59120,SL,400.0
59120,3A,640.0
59120,2A,800.0
59120,1A,1200.0
59121,SL,400.0
59121,3A,640.0
59121,2A,800.0
59121,1A,1200.0
59122,SL,400.0
59122,3A,640.0
59122,2A,800.0
59122,1A,1200.0
59152,SL,400.0
59152,3A,640.0
59152,2A,800.0
59152,1A,1200.0
59158,SL,400.0
59158,3A,640.0
59158,2A,800.0
59158,1A,1200.0
59163,SL,400.0
59163,3A,640.0
59163,2A,800.0
59163,1A,1200.0
59164,SL,400.0
59164,3A,640.0
59164,2A,800.0
59164,1A,1200.0
59165,SL,400.0
59165,3A,640.0
59165,2A,800.0
59165,1A,1200.0
59166,SL,400.0
59166,3A,640.0
59166,2A,800.0
59166,1A,1200.0
59205,SL,400.0
59205,3A,640.0
59205,2A,800.0
59205,1A,1200.0
59206,SL,400.0
59206,3A,640.0
59206,2A,800.0
59206,1A,1200.0
59207,SL,400.0
59207,3A,640.0
59207,2A,800.0
59207,1A,1200.0
59208,SL,400.0
59208,3A,640.0
59208,2A,800.0
59208,1A,1200.0
59211,SL,400.0
59211,3A,640.0
59211,2A,800.0
59211,1A,1200.0
59031,SL,400.0
59031,3A,640.0
59031,2A,800.0
59031,1A,1200.0
59032,SL,400.0
59032,3A,640.0
59032,2A,800.0
59032,1A,1200.0
59161,SL,400.0
59161,3A,640.0
59161,2A,800.0
59161,1A,1200.0
59162,SL,400.0
59162,3A,640.0
59162,2A,800.0
59162,1A,1200.0
59212,SL,400.0
59212,3A,640.0
59212,2A,800.0
59212,1A,1200.0
59213,SL,400.0
59213,3A,640.0
59213,2A,800.0
59213,1A,1200.0
59215,SL,400.0
59215,3A,640.0
59215,2A,800.0
59215,1A,1200.0
59216,SL,400.0
59216,3A,640.0
59216,2A,800.0
59216,1A,1200.0
59225,SL,400.0
59225,3A,640.0
59225,2A,800.0
59225,1A,1200.0
59226,SL,400.0
59226,3A,640.0
59226,2A,800.0
59226,1A,1200.0
59227,SL,400.0
59227,3A,640.0
59227,2A,800.0
59227,1A,1200.0
59228,SL,400.0
59228,3A,640.0
59228,2A,800.0
59228,1A,1200.0
59229,SL,400.0
59229,3A,640.0
59229,2A,800.0
59229,1A,1200.0
59230,SL,400.0
59230,3A,640.0
59230,2A,800.0
59230,1A,1200.0
59231,SL,400.0
59231,3A,640.0
59231,2A,800.0
59231,1A,1200.0
59232,SL,400.0
59232,3A,640.0
59232,2A,800.0
59232,1A,1200.0
59233,SL,400.0
59233,3A,640.0
59233,2A,800.0
59233,1A,1200.0
59234,SL,400.0
59234,3A,640.0
59234,2A,800.0
59234,1A,1200.0
59235,SL,400.0
59235,3A,640.0
59235,2A,800.0
59235,1A,1200.0
59236,SL,400.0
59236,3A,640.0
59236,2A,800.0
59236,1A,1200.0
59243,SL,400.0
59243,3A,640.0
59243,2A,800.0
59243,1A,1200.0
59244,SL,400.0
59244,3A,640.0
59244,2A,800.0
59244,1A,1200.0
59267,SL,400.0
59267,3A,640.0
59267,2A,800.0
59267,1A,1200.0
59268,SL,400.0
59268,3A,640.0
59268,2A,800.0
59268,1A,1200.0
59269,SL,400.0
59269,3A,640.0
59269,2A,800.0
59269,1A,1200.0
59270,SL,400.0
59270,3A,640.0
59270,2A,800.0
59270,1A,1200.0
59271,SL,400.0
59271,3A,640.0
59271,2A,800.0
59271,1A,1200.0
59272,SL,400.0
59272,3A,640.0
59272,2A,800.0
59272,1A,1200.0
59295,SL,400.0
59295,3A,640.0
59295,2A,800.0
59295,1A,1200.0
59296,SL,400.0
59296,3A,640.0
59296,2A,800.0
59296,1A,1200.0
59297,SL,400.0
59297,3A,640.0
59297,2A,800.0
59297,1A,1200.0
59298,SL,400.0
59298,3A,640.0
59298,2A,800.0
59298,1A,1200.0
59306,SL,400.0
59306,3A,640.0
59306,2A,800.0
59306,1A,1200.0
59318,SL,400.0
59318,3A,640.0
59318,2A,800.0
59318,1A,1200.0
59319,SL,400.0
59319,3A,640.0
59319,2A,800.0
59319,1A,1200.0
59320,SL,400.0
59320,3A,640.0
59320,2A,800.0
59320,1A,1200.0
59341,SL,400.0
59341,3A,640.0
59341,2A,800.0
59341,1A,1200.0
59342,SL,400.0
59342,3A,640.0
59342,2A,800.0
59342,1A,1200.0
59345,SL,400.0
59345,3A,640.0
59345,2A,800.0
59345,1A,1200.0
59346,SL,400.0
59346,3A,640.0
59346,2A,800.0
59346,1A,1200.0
59355,SL,400.0
59355,3A,640.0
59355,2A,800.0
59355,1A,1200.0
59356,SL,400.0
59356,3A,640.0
59356,2A,800.0
59356,1A,1200.0
59357,SL,400.0
59357,3A,640.0
59357,2A,800.0
59357,1A,1200.0
59358,SL,400.0
59358,3A,640.0
59358,2A,800.0
59358,1A,1200.0
59379,SL,400.0
59379,3A,640.0
59379,2A,800.0
59379,1A,1200.0
59385,SL,400.0
59385,3A,640.0
59385,2A,800.0
59385,1A,1200.0
59386,SL,400.0
59386,3A,640.0
59386,2A,800.0
59386,1A,1200.0
59317,SL,400.0
59317,3A,640.0
59317,2A,800.0
59317,1A,1200.0
59354,SL,400.0
59354,3A,640.0
59354,2A,800.0
59354,1A,1200.0
59386-Slip2,SL,400.0
59386-Slip2,3A,640.0
59386-Slip2,2A,800.0
59386-Slip2,1A,1200.0
59387,SL,400.0
59387,3A,640.0
59387,2A,800.0
59387,1A,1200.0
59388,SL,400.0
59388,3A,640.0
59388,2A,800.0
59388,1A,1200.0
59389,SL,400.0
59389,3A,640.0
59389,2A,800.0
59389,1A,1200.0
59390,SL,400.0
59390,3A,640.0
59390,2A,800.0
59390,1A,1200.0
59395,SL,400.0
59395,3A,640.0
59395,2A,800.0
59395,1A,1200.0
59396,SL,400.0
59396,3A,640.0
59396,2A,800.0
59396,1A,1200.0
59421,SL,400.0
59421,3A,640.0
59421,2A,800.0
59421,1A,1200.0
59422,SL,400.0
59422,3A,640.0
59422,2A,800.0
59422,1A,1200.0
59423,SL,400.0
59423,3A,640.0
59423,2A,800.0
59423,1A,1200.0
59424,SL,400.0
59424,3A,640.0
59424,2A,800.0
59424,1A,1200.0
59439,SL,400.0
59439,3A,640.0
59439,2A,800.0
59439,1A,1200.0
59440,SL,400.0
59440,3A,640.0
59440,2A,800.0
59440,1A,1200.0
59441,SL,400.0
59441,3A,640.0
59441,2A,800.0
59441,1A,1200.0
59441-Slip,SL,400.0
59441-Slip,3A,640.0
59441-Slip,2A,800.0
59441-Slip,1A,1200.0
59459,SL,400.0
59459,3A,640.0
59459,2A,800.0
59459,1A,1200.0
59460,SL,400.0
59460,3A,640.0
59460,2A,800.0
59460,1A,1200.0
59461,SL,400.0
59461,3A,640.0
59461,2A,800.0
59461,1A,1200.0
59462,SL,400.0
59462,3A,640.0
59462,2A,800.0
59462,1A,1200.0
59473,SL,400.0
59473,3A,640.0
59473,2A,800.0
59473,1A,1200.0
59474,SL,400.0
59474,3A,640.0
59474,2A,800.0
59474,1A,1200.0
59475,SL,400.0
59475,3A,640.0
59475,2A,800.0
59475,1A,1200.0
59476,SL,400.0
59476,3A,640.0
59476,2A,800.0
59476,1A,1200.0
59477,SL,400.0
59477,3A,640.0
59477,2A,800.0
59477,1A,1200.0
59478,SL,400.0
59478,3A,640.0
59478,2A,800.0
59478,1A,1200.0
59481,SL,400.0
59481,3A,640.0
59481,2A,800.0
59481,1A,1200.0
59482,SL,400.0
59482,3A,640.0
59482,2A,800.0
59482,1A,1200.0
59483,SL,400.0
59483,3A,640.0
59483,2A,800.0
59483,1A,1200.0
59484,SL,400.0
59484,3A,640.0
59484,2A,800.0
59484,1A,1200.0
59503,SL,400.0
59503,3A,640.0
59503,2A,800.0
59503,1A,1200.0
59504,SL,400.0
59504,3A,640.0
59504,2A,800.0
59504,1A,1200.0
59509,SL,400.0
59509,3A,640.0
59509,2A,800.0
59509,1A,1200.0
59510,SL,400.0
59510,3A,640.0
59510,2A,800.0
59510,1A,1200.0
59511,SL,400.0
59511,3A,640.0
59511,2A,800.0
59511,1A,1200.0
59512,SL,400.0
59512,3A,640.0
59512,2A,800.0
59512,1A,1200.0
59547,SL,400.0
59547,3A,640.0
59547,2A,800.0
59547,1A,1200.0
59548,SL,400.0
59548,3A,640.0
59548,2A,800.0
59548,1A,1200.0
59601,SL,400.0
59601,3A,640.0
59601,2A,800.0
59601,1A,1200.0
59602,SL,400.0
59602,3A,640.0
59602,2A,800.0
59602,1A,1200.0
59603,SL,400.0
59603,3A,640.0
59603,2A,800.0
59603,1A,1200.0
59604,SL,400.0
59604,3A,640.0
59604,2A,800.0
59604,1A,1200.0
59605,SL,400.0
59605,3A,640.0
59605,2A,800.0
59605,1A,1200.0
59606,SL,400.0
59606,3A,640.0
59606,2A,800.0
59606,1A,1200.0
59702,SL,400.0
59702,3A,640.0
59702,2A,800.0
59702,1A,1200.0
59703,SL,400.0
59703,3A,640.0
59703,2A,800.0
59703,1A,1200.0
59704,SL,400.0
59704,3A,640.0
59704,2A,800.0
59704,1A,1200.0
51239,SL,400.0
51239,3A,640.0
51239,2A,800.0
51239,1A,1200.0
59394,SL,400.0
59394,3A,640.0
59394,2A,800.0
59394,1A,1200.0
59705,SL,400.0
59705,3A,640.0
59705,2A,800.0
59705,1A,1200.0
59707,SL,400.0
59707,3A,640.0
59707,2A,800.0
59707,1A,1200.0
59708,SL,400.0
59708,3A,640.0
59708,2A,800.0
59708,1A,1200.0
59709,SL,400.0
59709,3A,640.0
59709,2A,800.0
59709,1A,1200.0
59710,SL,400.0
59710,3A,640.0
59710,2A,800.0
59710,1A,1200.0
59711,SL,400.0
59711,3A,640.0
59711,2A,800.0
59711,1A,1200.0
59712,SL,400.0
59712,3A,640.0
59712,2A,800.0
59712,1A,1200.0
59713,SL,400.0
59713,3A,640.0
59713,2A,800.0
59713,1A,1200.0
59714,SL,400.0
59714,3A,640.0
59714,2A,800.0
59714,1A,1200.0
59715,SL,400.0
59715,3A,640.0
59715,2A,800.0
59715,1A,1200.0
59716,SL,400.0
59716,3A,640.0
59716,2A,800.0
59716,1A,1200.0
59717,SL,400.0
59717,3A,640.0
59717,2A,800.0
59717,1A,1200.0
59718,SL,400.0
59718,3A,640.0
59718,2A,800.0
59718,1A,1200.0
59721,SL,400.0
59721,3A,640.0
59721,2A,800.0
59721,1A,1200.0
59722,SL,400.0
59722,3A,640.0
59722,2A,800.0
59722,1A,1200.0
59723,SL,400.0
59723,3A,640.0
59723,2A,800.0
59723,1A,1200.0
59724,SL,400.0
59724,3A,640.0
59724,2A,800.0
59724,1A,1200.0
59725,SL,400.0
59725,3A,640.0
59725,2A,800.0
59725,1A,1200.0
59726,SL,400.0
59726,3A,640.0
59726,2A,800.0
59726,1A,1200.0
59801,SL,400.0
59801,3A,640.0
59801,2A,800.0
59801,1A,1200.0
59802,SL,400.0
59802,3A,640.0
59802,2A,800.0
59802,1A,1200.0
59805,SL,400.0
59805,3A,640.0
59805,2A,800.0
59805,1A,1200.0
59806,SL,400.0
59806,3A,640.0
59806,2A,800.0
59806,1A,1200.0
59811,SL,400.0
59811,3A,640.0
59811,2A,800.0
59811,1A,1200.0
59812,SL,400.0
59812,3A,640.0
59812,2A,800.0
59812,1A,1200.0
59813,SL,400.0
59813,3A,640.0
59813,2A,800.0
59813,1A,1200.0
59814,SL,400.0
59814,3A,640.0
59814,2A,800.0
59814,1A,1200.0
59821,SL,400.0
59821,3A,640.0
59821,2A,800.0
59821,1A,1200.0
59822,SL,400.0
59822,3A,640.0
59822,2A,800.0
59822,1A,1200.0
59831,SL,400.0
59831,3A,640.0
59831,2A,800.0
59831,1A,1200.0
59833,SL,400.0
59833,3A,640.0
59833,2A,800.0
59833,1A,1200.0
59834,SL,400.0
59834,3A,640.0
59834,2A,800.0
59834,1A,1200.0
59835,SL,400.0
59835,3A,640.0
59835,2A,800.0
59835,1A,1200.0
59836,SL,400.0
59836,3A,640.0
59836,2A,800.0
59836,1A,1200.0
61135,SL,400.0
61135,3A,640.0
61135,2A,800.0
61135,1A,1200.0
63153,SL,400.0
63153,3A,640.0
63153,2A,800.0
63153,1A,1200.0
63154,SL,400.0
63154,3A,640.0
63154,2A,800.0
63154,1A,1200.0
63155,SL,400.0
63155,3A,640.0
63155,2A,800.0
63155,1A,1200.0
63156,SL,400.0
63156,3A,640.0
63156,2A,800.0
63156,1A,1200.0
63157,SL,400.0
63157,3A,640.0
63157,2A,800.0
63157,1A,1200.0
63160,SL,400.0
63160,3A,640.0
63160,2A,800.0
63160,1A,1200.0
63161,SL,400.0
63161,3A,640.0
63161,2A,800.0
63161,1A,1200.0
63162,SL,400.0
63162,3A,640.0
63162,2A,800.0
63162,1A,1200.0
63163,SL,400.0
63163,3A,640.0
63163,2A,800.0
63163,1A,1200.0
63164,SL,400.0
63164,3A,640.0
63164,2A,800.0
63164,1A,1200.0
63165,SL,400.0
63165,3A,640.0
63165,2A,800.0
63165,1A,1200.0
63167,SL,400.0
63167,3A,640.0
63167,2A,800.0
63167,1A,1200.0
63168,SL,400.0
63168,3A,640.0
63168,2A,800.0
63168,1A,1200.0
63207,SL,400.0
63207,3A,640.0
63207,2A,800.0
63207,1A,1200.0
63208,SL,400.0
63208,3A,640.0
63208,2A,800.0
63208,1A,1200.0
63209,SL,400.0
63209,3A,640.0
63209,2A,800.0
63209,1A,1200.0
63210,SL,400.0
63210,3A,640.0
63210,2A,800.0
63210,1A,1200.0
63211,SL,400.0
63211,3A,640.0
63211,2A,800.0
63211,1A,1200.0
63212,SL,400.0
63212,3A,640.0
63212,2A,800.0
63212,1A,1200.0
63217,SL,400.0
63217,3A,640.0
63217,2A,800.0
63217,1A,1200.0
63218,SL,400.0
63218,3A,640.0
63218,2A,800.0
63218,1A,1200.0
63219,SL,400.0
63219,3A,640.0
63219,2A,800.0
63219,1A,1200.0
63220,SL,400.0
63220,3A,640.0
63220,2A,800.0
63220,1A,1200.0
63223,SL,400.0
63223,3A,640.0
63223,2A,800.0
63223,1A,1200.0
63224,SL,400.0
63224,3A,640.0
63224,2A,800.0
63224,1A,1200.0
63225,SL,400.0
63225,3A,640.0
63225,2A,800.0
63225,1A,1200.0
63226,SL,400.0
63226,3A,640.0
63226,2A,800.0
63226,1A,1200.0
63227,SL,400.0
63227,3A,640.0
63227,2A,800.0
63227,1A,1200.0
63228,SL,400.0
63228,3A,640.0
63228,2A,800.0
63228,1A,1200.0
63229,SL,400.0
63229,3A,640.0
63229,2A,800.0
63229,1A,1200.0
63230,SL,400.0
63230,3A,640.0
63230,2A,800.0
63230,1A,1200.0
63231,SL,400.0
63231,3A,640.0
63231,2A,800.0
63231,1A,1200.0
63232,SL,400.0
63232,3A,640.0
63232,2A,800.0
63232,1A,1200.0
63243,SL,400.0
63243,3A,640.0
63243,2A,800.0
63243,1A,1200.0
63244,SL,400.0
63244,3A,640.0
63244,2A,800.0
63244,1A,1200.0
63245,SL,400.0
63245,3A,640.0
63245,2A,800.0
63245,1A,1200.0
63246,SL,400.0
63246,3A,640.0
63246,2A,800.0
63246,1A,1200.0
63247,SL,400.0
63247,3A,640.0
63247,2A,800.0
63247,1A,1200.0
63248,SL,400.0
63248,3A,640.0
63248,2A,800.0
63248,1A,1200.0
63249,SL,400.0
63249,3A,640.0
63249,2A,800.0
63249,1A,1200.0
63250,SL,400.0
63250,3A,640.0
63250,2A,800.0
63250,1A,1200.0
63251,SL,400.0
63251,3A,640.0
63251,2A,800.0
63251,1A,1200.0
63252,SL,400.0
63252,3A,640.0
63252,2A,800.0
63252,1A,1200.0
63253,SL,400.0
63253,3A,640.0
63253,2A,800.0
63253,1A,1200.0
63254,SL,400.0
63254,3A,640.0
63254,2A,800.0
63254,1A,1200.0
63255,SL,400.0
63255,3A,640.0
63255,2A,800.0
63255,1A,1200.0
63256,SL,400.0
63256,3A,640.0
63256,2A,800.0
63256,1A,1200.0
63501,SL,400.0
63501,3A,640.0
63501,2A,800.0
63501,1A,1200.0
63502,SL,400.0
63502,3A,640.0
63502,2A,800.0
63502,1A,1200.0
63505,SL,400.0
63505,3A,640.0
63505,2A,800.0
63505,1A,1200.0
63509,SL,400.0
63509,3A,640.0
63509,2A,800.0
63509,1A,1200.0
63511,SL,400.0
63511,3A,640.0
63511,2A,800.0
63511,1A,1200.0
63513,SL,400.0
63513,3A,640.0
63513,2A,800.0
63513,1A,1200.0
63515,SL,400.0
63515,3A,640.0
63515,2A,800.0
63515,1A,1200.0
63519,SL,400.0
63519,3A,640.0
63519,2A,800.0
63519,1A,1200.0
63521,SL,400.0
63521,3A,640.0
63521,2A,800.0
63521,1A,1200.0
63523,SL,400.0
63523,3A,640.0
63523,2A,800.0
63523,1A,1200.0
63597,SL,400.0
63597,3A,640.0
63597,2A,800.0
63597,1A,1200.0
63598,SL,400.0
63598,3A,640.0
63598,2A,800.0
63598,1A,1200.0
13155,SL,400.0
13155,3A,640.0
13155,2A,800.0
13155,1A,1200.0
53042,SL,400.0
53042,3A,640.0
53042,2A,800.0
53042,1A,1200.0
54159,SL,400.0
54159,3A,640.0
54159,2A,800.0
54159,1A,1200.0
63525,SL,400.0
63525,3A,640.0
63525,2A,800.0
63525,1A,1200.0
63541,SL,400.0
63541,3A,640.0
63541,2A,800.0
63541,1A,1200.0
63542,SL,400.0
63542,3A,640.0
63542,2A,800.0
63542,1A,1200.0
63543,SL,400.0
63543,3A,640.0
63543,2A,800.0
63543,1A,1200.0
63544,SL,400.0
63544,3A,640.0
63544,2A,800.0
63544,1A,1200.0
63546,SL,400.0
63546,3A,640.0
63546,2A,800.0
63546,1A,1200.0
63547,SL,400.0
63547,3A,640.0
63547,2A,800.0
63547,1A,1200.0
63549,SL,400.0
63549,3A,640.0
63549,2A,800.0
63549,1A,1200.0
63550,SL,400.0
63550,3A,640.0
63550,2A,800.0
63550,1A,1200.0
63551,SL,400.0
63551,3A,640.0
63551,2A,800.0
63551,1A,1200.0
63552,SL,400.0
63552,3A,640.0
63552,2A,800.0
63552,1A,1200.0
63556,SL,400.0
63556,3A,640.0
63556,2A,800.0
63556,1A,1200.0
63561,SL,400.0
63561,3A,640.0
63561,2A,800.0
63561,1A,1200.0
63562,SL,400.0
63562,3A,640.0
63562,2A,800.0
63562,1A,1200.0
63563,SL,400.0
63563,3A,640.0
63563,2A,800.0
63563,1A,1200.0
63564,SL,400.0
63564,3A,640.0
63564,2A,800.0
63564,1A,1200.0
63567,SL,400.0
63567,3A,640.0
63567,2A,800.0
63567,1A,1200.0
63568,SL,400.0
63568,3A,640.0
63568,2A,800.0
63568,1A,1200.0
63569,SL,400.0
63569,3A,640.0
63569,2A,800.0
63569,1A,1200.0
63570,SL,400.0
63570,3A,640.0
63570,2A,800.0
63570,1A,1200.0
63572,SL,400.0
63572,3A,640.0
63572,2A,800.0
63572,1A,1200.0
63574,SL,400.0
63574,3A,640.0
63574,2A,800.0
63574,1A,1200.0
63591,SL,400.0
63591,3A,640.0
63591,2A,800.0
63591,1A,1200.0
63592,SL,400.0
63592,3A,640.0
63592,2A,800.0
63592,1A,1200.0
63593,SL,400.0
63593,3A,640.0
63593,2A,800.0
63593,1A,1200.0
63594,SL,400.0
63594,3A,640.0
63594,2A,800.0
63594,1A,1200.0
63595,SL,400.0
63595,3A,640.0
63595,2A,800.0
63595,1A,1200.0
63596,SL,400.0
63596,3A,640.0
63596,2A,800.0
63596,1A,1200.0
64001,SL,400.0
64001,3A,640.0
64001,2A,800.0
64001,1A,1200.0
64002,SL,400.0
64002,3A,640.0
64002,2A,800.0
64002,1A,1200.0
64089,SL,400.0
64089,3A,640.0
64089,2A,800.0
64089,1A,1200.0
64090,SL,400.0
64090,3A,640.0
64090,2A,800.0
64090,1A,1200.0
64091,SL,400.0
64091,3A,640.0
64091,2A,800.0
64091,1A,1200.0
64092,SL,400.0
64092,3A,640.0
64092,2A,800.0
64092,1A,1200.0
64093,SL,400.0
64093,3A,640.0
64093,2A,800.0
64093,1A,1200.0
64094,SL,400.0
64094,3A,640.0
64094,2A,800.0
64094,1A,1200.0
64095,SL,400.0
64095,3A,640.0
64095,2A,800.0
64095,1A,1200.0
64096,SL,400.0
64096,3A,640.0
64096,2A,800.0
64096,1A,1200.0
64449,SL,400.0
64449,3A,640.0
64449,2A,800.0
64449,1A,1200.0
64450,SL,400.0
64450,3A,640.0
64450,2A,800.0
64450,1A,1200.0
64491,SL,400.0
64491,3A,640.0
64491,2A,800.0
64491,1A,1200.0
12374,SL,400.0
12374,3A,640.0
12374,2A,800.0
12374,1A,1200.0
12373,SL,400.0
12373,3A,640.0
12373,2A,800.0
12373,1A,1200.0
13258,SL,400.0
13258,3A,640.0
13258,2A,800.0
13258,1A,1200.0
13257,SL,400.0
13257,3A,640.0
13257,2A,800.0
13257,1A,1200.0
57326,SL,400.0
57326,3A,640.0
57326,2A,800.0
57326,1A,1200.0
57325,SL,400.0
57325,3A,640.0
57325,2A,800.0
57325,1A,1200.0
11064,SL,400.0
11064,3A,640.0
11064,2A,800.0
11064,1A,1200.0
11272,SL,400.0
11272,3A,640.0
11272,2A,800.0
11272,1A,1200.0
12163,SL,400.0
12163,3A,640.0
12163,2A,800.0
12163,1A,1200.0
12164,SL,400.0
12164,3A,640.0
12164,2A,800.0
12164,1A,1200.0
12319,SL,400.0
12319,3A,640.0
12319,2A,800.0
12319,1A,1200.0
12403,SL,400.0
12403,3A,640.0
12403,2A,800.0
12403,1A,1200.0
12407,SL,400.0
12407,3A,640.0
12407,2A,800.0
12407,1A,1200.0
12495,SL,400.0
12495,3A,640.0
12495,2A,800.0
12495,1A,1200.0
12513,SL,400.0
12513,3A,640.0
12513,2A,800.0
12513,1A,1200.0
12591,SL,400.0
12591,3A,640.0
12591,2A,800.0
12591,1A,1200.0
12624,SL,400.0
12624,3A,640.0
12624,2A,800.0
12624,1A,1200.0
12661,SL,400.0
12661,3A,640.0
12661,2A,800.0
12661,1A,1200.0
12709,SL,400.0
12709,3A,640.0
12709,2A,800.0
12709,1A,1200.0
12735,SL,400.0
12735,3A,640.0
12735,2A,800.0
12735,1A,1200.0
12736,SL,400.0
12736,3A,640.0
12736,2A,800.0
12736,1A,1200.0
12835,SL,400.0
12835,3A,640.0
12835,2A,800.0
12835,1A,1200.0
12836,SL,400.0
12836,3A,640.0
12836,2A,800.0
12836,1A,1200.0
12840,SL,400.0
12840,3A,640.0
12840,2A,800.0
12840,1A,1200.0
12889,SL,400.0
12889,3A,640.0
12889,2A,800.0
12889,1A,1200.0
12890,SL,400.0
12890,3A,640.0
12890,2A,800.0
12890,1A,1200.0
12993,SL,400.0
12993,3A,640.0
12993,2A,800.0
12993,1A,1200.0
12994,SL,400.0
12994,3A,640.0
12994,2A,800.0
12994,1A,1200.0
13158,SL,400.0
13158,3A,640.0
13158,2A,800.0
13158,1A,1200.0
13351,SL,400.0
13351,3A,640.0
13351,2A,800.0
13351,1A,1200.0
15015,SL,400.0
15015,3A,640.0
15015,2A,800.0
15015,1A,1200.0
15024,SL,400.0
15024,3A,640.0
15024,2A,800.0
15024,1A,1200.0
15234,SL,400.0
15234,3A,640.0
15234,2A,800.0
15234,1A,1200.0
18107,SL,400.0
18107,3A,640.0
18107,2A,800.0
18107,1A,1200.0
18311,SL,400.0
18311,3A,640.0
18311,2A,800.0
18311,1A,1200.0
18616,SL,400.0
18616,3A,640.0
18616,2A,800.0
18616,1A,1200.0
37855,SL,400.0
37855,3A,640.0
37855,2A,800.0
37855,1A,1200.0
51158,SL,400.0
51158,3A,640.0
51158,2A,800.0
51158,1A,1200.0
51671,SL,400.0
51671,3A,640.0
51671,2A,800.0
51671,1A,1200.0
51827,SL,400.0
51827,3A,640.0
51827,2A,800.0
51827,1A,1200.0
52238,SL,400.0
52238,3A,640.0
52238,2A,800.0
52238,1A,1200.0
53041,SL,400.0
53041,3A,640.0
53041,2A,800.0
53041,1A,1200.0
53405,SL,400.0
53405,3A,640.0
53405,2A,800.0
53405,1A,1200.0
54103,SL,400.0
54103,3A,640.0
54103,2A,800.0
54103,1A,1200.0
54321,SL,400.0
54321,3A,640.0
54321,2A,800.0
54321,1A,1200.0
56100,SL,400.0
56100,3A,640.0
56100,2A,800.0
56100,1A,1200.0
56101,SL,400.0
56101,3A,640.0
56101,2A,800.0
56101,1A,1200.0
56731,SL,400.0
56731,3A,640.0
56731,2A,800.0
56731,1A,1200.0
56732,SL,400.0
56732,3A,640.0
56732,2A,800.0
56732,1A,1200.0
58161,SL,400.0
58161,3A,640.0
58161,2A,800.0
58161,1A,1200.0
63548,SL,400.0
63548,3A,640.0
63548,2A,800.0
63548,1A,1200.0
06012,SL,400.0
06012,3A,640.0
06012,2A,800.0
06012,1A,1200.0
11028,SL,400.0
11028,3A,640.0
11028,2A,800.0
11028,1A,1200.0
11042,SL,400.0
11042,3A,640.0
11042,2A,800.0
11042,1A,1200.0
12007,SL,400.0
12007,3A,640.0
12007,2A,800.0
12007,1A,1200.0
12689,SL,400.0
12689,3A,640.0
12689,2A,800.0
12689,1A,1200.0
14115,SL,400.0
14115,3A,640.0
14115,2A,800.0
14115,1A,1200.0
14116,SL,400.0
14116,3A,640.0
14116,2A,800.0
14116,1A,1200.0
14125,SL,400.0
14125,3A,640.0
14125,2A,800.0
14125,1A,1200.0
15619,SL,400.0
15619,3A,640.0
15619,2A,800.0
15619,1A,1200.0
16222,SL,400.0
16222,3A,640.0
16222,2A,800.0
16222,1A,1200.0
16627,SL,400.0
16627,3A,640.0
16627,2A,800.0
16627,1A,1200.0
17242,SL,400.0
17242,3A,640.0
17242,2A,800.0
17242,1A,1200.0
17311,SL,400.0
17311,3A,640.0
17311,2A,800.0
17311,1A,1200.0
17604,SL,400.0
17604,3A,640.0
17604,2A,800.0
17604,1A,1200.0
19025,SL,400.0
19025,3A,640.0
19025,2A,800.0
19025,1A,1200.0
24512,SL,400.0
24512,3A,640.0
24512,2A,800.0
24512,1A,1200.0
38458,SL,400.0
38458,3A,640.0
38458,2A,800.0
38458,1A,1200.0
42402,SL,400.0
42402,3A,640.0
42402,2A,800.0
42402,1A,1200.0
43001,SL,400.0
43001,3A,640.0
43001,2A,800.0
43001,1A,1200.0
47100,SL,400.0
47100,3A,640.0
47100,2A,800.0
47100,1A,1200.0
47126,SL,400.0
47126,3A,640.0
47126,2A,800.0
47126,1A,1200.0
47131,SL,400.0
47131,3A,640.0
47131,2A,800.0
47131,1A,1200.0
47173,SL,400.0
47173,3A,640.0
47173,2A,800.0
47173,1A,1200.0
47186,SL,400.0
47186,3A,640.0
47186,2A,800.0
47186,1A,1200.0
51285,SL,400.0
51285,3A,640.0
51285,2A,800.0
51285,1A,1200.0
52047,SL,400.0
52047,3A,640.0
52047,2A,800.0
52047,1A,1200.0
53069,SL,400.0
53069,3A,640.0
53069,2A,800.0
53069,1A,1200.0
53349,SL,400.0
53349,3A,640.0
53349,2A,800.0
53349,1A,1200.0
53363,SL,400.0
53363,3A,640.0
53363,2A,800.0
53363,1A,1200.0
53601,SL,400.0
53601,3A,640.0
53601,2A,800.0
53601,1A,1200.0
53613,SL,400.0
53613,3A,640.0
53613,2A,800.0
53613,1A,1200.0
54101,SL,400.0
54101,3A,640.0
54101,2A,800.0
54101,1A,1200.0
54336,SL,400.0
54336,3A,640.0
54336,2A,800.0
54336,1A,1200.0
54512,SL,400.0
54512,3A,640.0
54512,2A,800.0
54512,1A,1200.0
55617,SL,400.0
55617,3A,640.0
55617,2A,800.0
55617,1A,1200.0
55801,SL,400.0
55801,3A,640.0
55801,2A,800.0
55801,1A,1200.0
57223,SL,400.0
57223,3A,640.0
57223,2A,800.0
57223,1A,1200.0
57277,SL,400.0
57277,3A,640.0
57277,2A,800.0
57277,1A,1200.0
57411,SL,400.0
57411,3A,640.0
57411,2A,800.0
57411,1A,1200.0
57452,SL,400.0
57452,3A,640.0
57452,2A,800.0
57452,1A,1200.0
57631,SL,400.0
57631,3A,640.0
57631,2A,800.0
57631,1A,1200.0
58413,SL,400.0
58413,3A,640.0
58413,2A,800.0
58413,1A,1200.0
59014,SL,400.0
59014,3A,640.0
59014,2A,800.0
59014,1A,1200.0
59076,SL,400.0
59076,3A,640.0
59076,2A,800.0
59076,1A,1200.0
59380,SL,400.0
59380,3A,640.0
59380,2A,800.0
59380,1A,1200.0
59393,SL,400.0
59393,3A,640.0
59393,2A,800.0
59393,1A,1200.0
59803,SL,400.0
59803,3A,640.0
59803,2A,800.0
59803,1A,1200.0
63518,SL,400.0
63518,3A,640.0
63518,2A,800.0
63518,1A,1200.0
11008,SL,400.0
11008,3A,640.0
11008,2A,800.0
11008,1A,1200.0
12221,SL,400.0
12221,3A,640.0
12221,2A,800.0
12221,1A,1200.0
12488,SL,400.0
12488,3A,640.0
12488,2A,800.0
12488,1A,1200.0
12786,SL,400.0
12786,3A,640.0
12786,2A,800.0
12786,1A,1200.0
12797,SL,400.0
12797,3A,640.0
12797,2A,800.0
12797,1A,1200.0
12798,SL,400.0
12798,3A,640.0
12798,2A,800.0
12798,1A,1200.0
15707,SL,400.0
15707,3A,640.0
15707,2A,800.0
15707,1A,1200.0
17603-Slip,SL,400.0
17603-Slip,3A,640.0
17603-Slip,2A,800.0
17603-Slip,1A,1200.0
17603-Slip2,SL,400.0
17603-Slip2,3A,640.0
17603-Slip2,2A,800.0
17603-Slip2,1A,1200.0
17639,SL,400.0
17639,3A,640.0
17639,2A,800.0
17639,1A,1200.0
17640,SL,400.0
17640,3A,640.0
17640,2A,800.0
17640,1A,1200.0
17651,SL,400.0
17651,3A,640.0
17651,2A,800.0
17651,1A,1200.0
17652,SL,400.0
17652,3A,640.0
17652,2A,800.0
17652,1A,1200.0
18474,SL,400.0
18474,3A,640.0
18474,2A,800.0
18474,1A,1200.0
19066,SL,400.0
19066,3A,640.0
19066,2A,800.0
19066,1A,1200.0
38460,SL,400.0
38460,3A,640.0
38460,2A,800.0
38460,1A,1200.0
47169,SL,400.0
47169,3A,640.0
47169,2A,800.0
47169,1A,1200.0
50106,SL,400.0
50106,3A,640.0
50106,2A,800.0
50106,1A,1200.0
51097,SL,400.0
51097,3A,640.0
51097,2A,800.0
51097,1A,1200.0
51098,SL,400.0
51098,3A,640.0
51098,2A,800.0
51098,1A,1200.0
51347,SL,400.0
51347,3A,640.0
51347,2A,800.0
51347,1A,1200.0
52019,SL,400.0
52019,3A,640.0
52019,2A,800.0
52019,1A,1200.0
52551,SL,400.0
52551,3A,640.0
52551,2A,800.0
52551,1A,1200.0
52555,SL,400.0
52555,3A,640.0
52555,2A,800.0
52555,1A,1200.0
52936,SL,400.0
52936,3A,640.0
52936,2A,800.0
52936,1A,1200.0
53610,SL,400.0
53610,3A,640.0
53610,2A,800.0
53610,1A,1200.0
54261,SL,400.0
54261,3A,640.0
54261,2A,800.0
54261,1A,1200.0
54268,SL,400.0
54268,3A,640.0
54268,2A,800.0
54268,1A,1200.0
54393,SL,400.0
54393,3A,640.0
54393,2A,800.0
54393,1A,1200.0
54704,SL,400.0
54704,3A,640.0
54704,2A,800.0
54704,1A,1200.0
55011,SL,400.0
55011,3A,640.0
55011,2A,800.0
55011,1A,1200.0
55021,SL,400.0
55021,3A,640.0
55021,2A,800.0
55021,1A,1200.0
55022,SL,400.0
55022,3A,640.0
55022,2A,800.0
55022,1A,1200.0
55335,SL,400.0
55335,3A,640.0
55335,2A,800.0
55335,1A,1200.0
55541,SL,400.0
55541,3A,640.0
55541,2A,800.0
55541,1A,1200.0
55742,SL,400.0
55742,3A,640.0
55742,2A,800.0
55742,1A,1200.0
56524,SL,400.0
56524,3A,640.0
56524,2A,800.0
56524,1A,1200.0
56611,SL,400.0
56611,3A,640.0
56611,2A,800.0
56611,1A,1200.0
56834,SL,400.0
56834,3A,640.0
56834,2A,800.0
56834,1A,1200.0
57425,SL,400.0
57425,3A,640.0
57425,2A,800.0
57425,1A,1200.0
57435,SL,400.0
57435,3A,640.0
57435,2A,800.0
57435,1A,1200.0
57456,SL,400.0
57456,3A,640.0
57456,2A,800.0
57456,1A,1200.0
57562,SL,400.0
57562,3A,640.0
57562,2A,800.0
57562,1A,1200.0
57594,SL,400.0
57594,3A,640.0
57594,2A,800.0
57594,1A,1200.0
57620,SL,400.0
57620,3A,640.0
57620,2A,800.0
57620,1A,1200.0
59353,SL,400.0
59353,3A,640.0
59353,2A,800.0
59353,1A,1200.0
12240,SL,400.0
12240,3A,640.0
12240,2A,800.0
12240,1A,1200.0
12335,SL,400.0
12335,3A,640.0
12335,2A,800.0
12335,1A,1200.0
12349,SL,400.0
12349,3A,640.0
12349,2A,800.0
12349,1A,1200.0
12409,SL,400.0
12409,3A,640.0
12409,2A,800.0
12409,1A,1200.0
12980,SL,400.0
12980,3A,640.0
12980,2A,800.0
12980,1A,1200.0
13348-Slip,SL,400.0
13348-Slip,3A,640.0
13348-Slip,2A,800.0
13348-Slip,1A,1200.0
13352-Slip,SL,400.0
13352-Slip,3A,640.0
13352-Slip,2A,800.0
13352-Slip,1A,1200.0
13402,SL,400.0
13402,3A,640.0
13402,2A,800.0
13402,1A,1200.0
13409,SL,400.0
13409,3A,640.0
13409,2A,800.0
13409,1A,1200.0
15202,SL,400.0
15202,3A,640.0
15202,2A,800.0
15202,1A,1200.0
17016,SL,400.0
17016,3A,640.0
17016,2A,800.0
17016,1A,1200.0
18411,SL,400.0
18411,3A,640.0
18411,2A,800.0
18411,1A,1200.0
19047,SL,400.0
19047,3A,640.0
19047,2A,800.0
19047,1A,1200.0
50103,SL,400.0
50103,3A,640.0
50103,2A,800.0
50103,1A,1200.0
52081,SL,400.0
52081,3A,640.0
52081,2A,800.0
52081,1A,1200.0
52279,SL,400.0
52279,3A,640.0
52279,2A,800.0
52279,1A,1200.0
52296,SL,400.0
52296,3A,640.0
52296,2A,800.0
52296,1A,1200.0
52517,SL,400.0
52517,3A,640.0
52517,2A,800.0
52517,1A,1200.0
52974,SL,400.0
52974,3A,640.0
52974,2A,800.0
52974,1A,1200.0
53021,SL,400.0
53021,3A,640.0
53021,2A,800.0
53021,1A,1200.0
53029,SL,400.0
53029,3A,640.0
53029,2A,800.0
53029,1A,1200.0
53441,SL,400.0
53441,3A,640.0
53441,2A,800.0
53441,1A,1200.0
53443,SL,400.0
53443,3A,640.0
53443,2A,800.0
53443,1A,1200.0
53445,SL,400.0
53445,3A,640.0
53445,2A,800.0
53445,1A,1200.0
53447,SL,400.0
53447,3A,640.0
53447,2A,800.0
53447,1A,1200.0
53449,SL,400.0
53449,3A,640.0
53449,2A,800.0
53449,1A,1200.0
53521,SL,400.0
53521,3A,640.0
53521,2A,800.0
53521,1A,1200.0
53660,SL,400.0
53660,3A,640.0
53660,2A,800.0
53660,1A,1200.0
54381,SL,400.0
54381,3A,640.0
54381,2A,800.0
54381,1A,1200.0
54571,SL,400.0
54571,3A,640.0
54571,2A,800.0
54571,1A,1200.0
54604,SL,400.0
54604,3A,640.0
54604,2A,800.0
54604,1A,1200.0
54808,SL,400.0
54808,3A,640.0
54808,2A,800.0
54808,1A,1200.0
56378,SL,400.0
56378,3A,640.0
56378,2A,800.0
56378,1A,1200.0
56825,SL,400.0
56825,3A,640.0
56825,2A,800.0
56825,1A,1200.0
56844,SL,400.0
56844,3A,640.0
56844,2A,800.0
56844,1A,1200.0
56903,SL,400.0
56903,3A,640.0
56903,2A,800.0
56903,1A,1200.0
57515,SL,400.0
57515,3A,640.0
57515,2A,800.0
57515,1A,1200.0
57624,SL,400.0
57624,3A,640.0
57624,2A,800.0
57624,1A,1200.0
58027,SL,400.0
58027,3A,640.0
58027,2A,800.0
58027,1A,1200.0
58426,SL,400.0
58426,3A,640.0
58426,2A,800.0
58426,1A,1200.0
58812,SL,400.0
58812,3A,640.0
58812,2A,800.0
58812,1A,1200.0
58845,SL,400.0
58845,3A,640.0
58845,2A,800.0
58845,1A,1200.0
59307,SL,400.0
59307,3A,640.0
59307,2A,800.0
59307,1A,1200.0
59701,SL,400.0
59701,3A,640.0
59701,2A,800.0
59701,1A,1200.0
59706,SL,400.0
59706,3A,640.0
59706,2A,800.0
59706,1A,1200.0
63242,SL,400.0
63242,3A,640.0
63242,2A,800.0
63242,1A,1200.0
63554,SL,400.0
63554,3A,640.0
63554,2A,800.0
63554,1A,1200.0
02094,SL,400.0
02094,3A,640.0
02094,2A,800.0
02094,1A,1200.0
22406,SL,400.0
22406,3A,640.0
22406,2A,800.0
22406,1A,1200.0
06593,SL,400.0
06593,3A,640.0
06593,2A,800.0
06593,1A,1200.0
06001,SL,400.0
06001,3A,640.0
06001,2A,800.0
06001,1A,1200.0
01102,SL,400.0
01102,3A,640.0
01102,2A,800.0
01102,1A,1200.0
04857,SL,400.0
04857,3A,640.0
04857,2A,800.0
04857,1A,1200.0
09001,SL,400.0
09001,3A,640.0
09001,2A,800.0
09001,1A,1200.0
04204,SL,400.0
04204,3A,640.0
04204,2A,800.0
04204,1A,1200.0
02414,SL,400.0
02414,3A,640.0
02414,2A,800.0
02414,1A,1200.0
11098,SL,400.0
11098,3A,640.0
11098,2A,800.0
11098,1A,1200.0
07143,SL,400.0
07143,3A,640.0
07143,2A,800.0
07143,1A,1200.0
11063,SL,400.0
11063,3A,640.0
11063,2A,800.0
11063,1A,1200.0
08060,SL,400.0
08060,3A,640.0
08060,2A,800.0
08060,1A,1200.0
01493,SL,400.0
01493,3A,640.0
01493,2A,800.0
01493,1A,1200.0
05649,SL,400.0
05649,3A,640.0
05649,2A,800.0
05649,1A,1200.0
01101,SL,400.0
01101,3A,640.0
01101,2A,800.0
01101,1A,1200.0
04727,SL,400.0
04727,3A,640.0
04727,2A,800.0
04727,1A,1200.0
06010,SL,400.0
06010,3A,640.0
06010,2A,800.0
06010,1A,1200.0
04012,SL,400.0
04012,3A,640.0
04012,2A,800.0
04012,1A,1200.0
06346,SL,400.0
06346,3A,640.0
06346,2A,800.0
06346,1A,1200.0
11701,SL,400.0
11701,3A,640.0
11701,2A,800.0
11701,1A,1200.0
07106,SL,400.0
07106,3A,640.0
07106,2A,800.0
07106,1A,1200.0
08056,SL,400.0
08056,3A,640.0
08056,2A,800.0
08056,1A,1200.0
11034,SL,400.0
11034,3A,640.0
11034,2A,800.0
11034,1A,1200.0
11013,SL,400.0
11013,3A,640.0
11013,2A,800.0
11013,1A,1200.0
07604,SL,400.0
07604,3A,640.0
07604,2A,800.0
07604,1A,1200.0
09723,SL,400.0
09723,3A,640.0
09723,2A,800.0
09723,1A,1200.0
09722,SL,400.0
09722,3A,640.0
09722,2A,800.0
09722,1A,1200.0
11097,SL,400.0
11097,3A,640.0
11097,2A,800.0
11097,1A,1200.0
11046,SL,400.0
11046,3A,640.0
11046,2A,800.0
11046,1A,1200.0
11061,SL,400.0
11061,3A,640.0
11061,2A,800.0
11061,1A,1200.0
12001,SL,400.0
12001,3A,640.0
12001,2A,800.0
12001,1A,1200.0
12019,SL,400.0
12019,3A,640.0
12019,2A,800.0
12019,1A,1200.0
11265,SL,400.0
11265,3A,640.0
11265,2A,800.0
11265,1A,1200.0
12027,SL,400.0
12027,3A,640.0
12027,2A,800.0
12027,1A,1200.0
12030,SL,400.0
12030,3A,640.0
12030,2A,800.0
12030,1A,1200.0
12071,SL,400.0
12071,3A,640.0
12071,2A,800.0
12071,1A,1200.0
12077,SL,400.0
12077,3A,640.0
12077,2A,800.0
12077,1A,1200.0
12121,SL,400.0
12121,3A,640.0
12121,2A,800.0
12121,1A,1200.0
12142,SL,400.0
12142,3A,640.0
12142,2A,800.0
12142,1A,1200.0
55247,SL,400.0
55247,3A,640.0
55247,2A,800.0
55247,1A,1200.0
55539,SL,400.0
55539,3A,640.0
55539,2A,800.0
55539,1A,1200.0
55542,SL,400.0
55542,3A,640.0
55542,2A,800.0
55542,1A,1200.0
55549,SL,400.0
55549,3A,640.0
55549,2A,800.0
55549,1A,1200.0
59151,SL,400.0
59151,3A,640.0
59151,2A,800.0
59151,1A,1200.0
12394,SL,400.0
12394,3A,640.0
12394,2A,800.0
12394,1A,1200.0
12555,SL,400.0
12555,3A,640.0
12555,2A,800.0
12555,1A,1200.0
12257,SL,400.0
12257,3A,640.0
12257,2A,800.0
12257,1A,1200.0
12182,SL,400.0
12182,3A,640.0
12182,2A,800.0
12182,1A,1200.0
12346,SL,400.0
12346,3A,640.0
12346,2A,800.0
12346,1A,1200.0
12283,SL,400.0
12283,3A,640.0
12283,2A,800.0
12283,1A,1200.0
12146,SL,400.0
12146,3A,640.0
12146,2A,800.0
12146,1A,1200.0
12471,SL,400.0
12471,3A,640.0
12471,2A,800.0
12471,1A,1200.0
12722-Slip,SL,400.0
12722-Slip,3A,640.0
12722-Slip,2A,800.0
12722-Slip,1A,1200.0
12317,SL,400.0
12317,3A,640.0
12317,2A,800.0
12317,1A,1200.0
12619,SL,400.0
12619,3A,640.0
12619,2A,800.0
12619,1A,1200.0
12193,SL,400.0
12193,3A,640.0
12193,2A,800.0
12193,1A,1200.0
12258,SL,400.0
12258,3A,640.0
12258,2A,800.0
12258,1A,1200.0
12165,SL,400.0
12165,3A,640.0
12165,2A,800.0
12165,1A,1200.0
12615,SL,400.0
12615,3A,640.0
12615,2A,800.0
12615,1A,1200.0
12286,SL,400.0
12286,3A,640.0
12286,2A,800.0
12286,1A,1200.0
12395,SL,400.0
12395,3A,640.0
12395,2A,800.0
12395,1A,1200.0
12463,SL,400.0
12463,3A,640.0
12463,2A,800.0
12463,1A,1200.0
12227,SL,400.0
12227,3A,640.0
12227,2A,800.0
12227,1A,1200.0
12181,SL,400.0
12181,3A,640.0
12181,2A,800.0
12181,1A,1200.0
12350,SL,400.0
12350,3A,640.0
12350,2A,800.0
12350,1A,1200.0
12263,SL,400.0
12263,3A,640.0
12263,2A,800.0
12263,1A,1200.0
12546,SL,400.0
12546,3A,640.0
12546,2A,800.0
12546,1A,1200.0
12336,SL,400.0
12336,3A,640.0
12336,2A,800.0
12336,1A,1200.0
12467,SL,400.0
12467,3A,640.0
12467,2A,800.0
12467,1A,1200.0
12315,SL,400.0
12315,3A,640.0
12315,2A,800.0
12315,1A,1200.0
12580,SL,400.0
12580,3A,640.0
12580,2A,800.0
12580,1A,1200.0
12633,SL,400.0
12633,3A,640.0
12633,2A,800.0
12633,1A,1200.0
12542,SL,400.0
12542,3A,640.0
12542,2A,800.0
12542,1A,1200.0
12448-Slip,SL,400.0
12448-Slip,3A,640.0
12448-Slip,2A,800.0
12448-Slip,1A,1200.0
12653,SL,400.0
12653,3A,640.0
12653,2A,800.0
12653,1A,1200.0
12463-Slip,SL,400.0
12463-Slip,3A,640.0
12463-Slip,2A,800.0
12463-Slip,1A,1200.0
12636,SL,400.0
12636,3A,640.0
12636,2A,800.0
12636,1A,1200.0
12561,SL,400.0
12561,3A,640.0
12561,2A,800.0
12561,1A,1200.0
12641,SL,400.0
12641,3A,640.0
12641,2A,800.0
12641,1A,1200.0
12739,SL,400.0
12739,3A,640.0
12739,2A,800.0
12739,1A,1200.0
12652,SL,400.0
12652,3A,640.0
12652,2A,800.0
12652,1A,1200.0
12687-Slip,SL,400.0
12687-Slip,3A,640.0
12687-Slip,2A,800.0
12687-Slip,1A,1200.0
12782,SL,400.0
12782,3A,640.0
12782,2A,800.0
12782,1A,1200.0
12684,SL,400.0
12684,3A,640.0
12684,2A,800.0
12684,1A,1200.0
12803,SL,400.0
12803,3A,640.0
12803,2A,800.0
12803,1A,1200.0
12810,SL,400.0
12810,3A,640.0
12810,2A,800.0
12810,1A,1200.0
12826,SL,400.0
12826,3A,640.0
12826,2A,800.0
12826,1A,1200.0
12846,SL,400.0
12846,3A,640.0
12846,2A,800.0
12846,1A,1200.0
12847,SL,400.0
12847,3A,640.0
12847,2A,800.0
12847,1A,1200.0
12848,SL,400.0
12848,3A,640.0
12848,2A,800.0
12848,1A,1200.0
12849,SL,400.0
12849,3A,640.0
12849,2A,800.0
12849,1A,1200.0
12850,SL,400.0
12850,3A,640.0
12850,2A,800.0
12850,1A,1200.0
12851,SL,400.0
12851,3A,640.0
12851,2A,800.0
12851,1A,1200.0
12852,SL,400.0
12852,3A,640.0
12852,2A,800.0
12852,1A,1200.0
12853,SL,400.0
12853,3A,640.0
12853,2A,800.0
12853,1A,1200.0
12854,SL,400.0
12854,3A,640.0
12854,2A,800.0
12854,1A,1200.0
12855,SL,400.0
12855,3A,640.0
12855,2A,800.0
12855,1A,1200.0
12856,SL,400.0
12856,3A,640.0
12856,2A,800.0
12856,1A,1200.0
12857,SL,400.0
12857,3A,640.0
12857,2A,800.0
12857,1A,1200.0
12858,SL,400.0
12858,3A,640.0
12858,2A,800.0
12858,1A,1200.0
12859,SL,400.0
12859,3A,640.0
12859,2A,800.0
12859,1A,1200.0
12860,SL,400.0
12860,3A,640.0
12860,2A,800.0
12860,1A,1200.0
12861,SL,400.0
12861,3A,640.0
12861,2A,800.0
12861,1A,1200.0
12862,SL,400.0
12862,3A,640.0
12862,2A,800.0
12862,1A,1200.0
12863,SL,400.0
12863,3A,640.0
12863,2A,800.0
12863,1A,1200.0
52332,SL,400.0
52332,3A,640.0
52332,2A,800.0
52332,1A,1200.0
12864,SL,400.0
12864,3A,640.0
12864,2A,800.0
12864,1A,1200.0
12865,SL,400.0
12865,3A,640.0
12865,2A,800.0
12865,1A,1200.0
52401,SL,400.0
52401,3A,640.0
52401,2A,800.0
52401,1A,1200.0
12866,SL,400.0
12866,3A,640.0
12866,2A,800.0
12866,1A,1200.0
52402,SL,400.0
52402,3A,640.0
52402,2A,800.0
52402,1A,1200.0
12867,SL,400.0
12867,3A,640.0
12867,2A,800.0
12867,1A,1200.0
16126,SL,400.0
16126,3A,640.0
16126,2A,800.0
16126,1A,1200.0
13201,SL,400.0
13201,3A,640.0
13201,2A,800.0
13201,1A,1200.0
12868,SL,400.0
12868,3A,640.0
12868,2A,800.0
12868,1A,1200.0
14041,SL,400.0
14041,3A,640.0
14041,2A,800.0
14041,1A,1200.0
13157,SL,400.0
13157,3A,640.0
13157,2A,800.0
13157,1A,1200.0
12950,SL,400.0
12950,3A,640.0
12950,2A,800.0
12950,1A,1200.0
12878,SL,400.0
12878,3A,640.0
12878,2A,800.0
12878,1A,1200.0
12987,SL,400.0
12987,3A,640.0
12987,2A,800.0
12987,1A,1200.0
15233,SL,400.0
15233,3A,640.0
15233,2A,800.0
15233,1A,1200.0
12869,SL,400.0
12869,3A,640.0
12869,2A,800.0
12869,1A,1200.0
15036,SL,400.0
15036,3A,640.0
15036,2A,800.0
15036,1A,1200.0
13151,SL,400.0
13151,3A,640.0
13151,2A,800.0
13151,1A,1200.0
14312,SL,400.0
14312,3A,640.0
14312,2A,800.0
14312,1A,1200.0
12953,SL,400.0
12953,3A,640.0
12953,2A,800.0
12953,1A,1200.0
12905,SL,400.0
12905,3A,640.0
12905,2A,800.0
12905,1A,1200.0
12870,SL,400.0
12870,3A,640.0
12870,2A,800.0
12870,1A,1200.0
13420,SL,400.0
13420,3A,640.0
13420,2A,800.0
13420,1A,1200.0
12995-Slip,SL,400.0
12995-Slip,3A,640.0
12995-Slip,2A,800.0
12995-Slip,1A,1200.0
13318,SL,400.0
13318,3A,640.0
13318,2A,800.0
13318,1A,1200.0
13187,SL,400.0
13187,3A,640.0
13187,2A,800.0
13187,1A,1200.0
14019,SL,400.0
14019,3A,640.0
14019,2A,800.0
14019,1A,1200.0
12972,SL,400.0
12972,3A,640.0
12972,2A,800.0
12972,1A,1200.0
12906,SL,400.0
12906,3A,640.0
12906,2A,800.0
12906,1A,1200.0
12871,SL,400.0
12871,3A,640.0
12871,2A,800.0
12871,1A,1200.0
13153,SL,400.0
13153,3A,640.0
13153,2A,800.0
13153,1A,1200.0
15017,SL,400.0
15017,3A,640.0
15017,2A,800.0
15017,1A,1200.0
15268,SL,400.0
15268,3A,640.0
15268,2A,800.0
15268,1A,1200.0
13053,SL,400.0
13053,3A,640.0
13053,2A,800.0
13053,1A,1200.0
14218,SL,400.0
14218,3A,640.0
14218,2A,800.0
14218,1A,1200.0
14887,SL,400.0
14887,3A,640.0
14887,2A,800.0
14887,1A,1200.0
15271,SL,400.0
15271,3A,640.0
15271,2A,800.0
15271,1A,1200.0
13403,SL,400.0
13403,3A,640.0
13403,2A,800.0
13403,1A,1200.0
13503,SL,400.0
13503,3A,640.0
13503,2A,800.0
13503,1A,1200.0
16107,SL,400.0
16107,3A,640.0
16107,2A,800.0
16107,1A,1200.0
14659,SL,400.0
14659,3A,640.0
14659,2A,800.0
14659,1A,1200.0
15651,SL,400.0
15651,3A,640.0
15651,2A,800.0
15651,1A,1200.0
16321,SL,400.0
16321,3A,640.0
16321,2A,800.0
16321,1A,1200.0
17031,SL,400.0
17031,3A,640.0
17031,2A,800.0
17031,1A,1200.0
17018,SL,400.0
17018,3A,640.0
17018,2A,800.0
17018,1A,1200.0
15763,SL,400.0
15763,3A,640.0
15763,2A,800.0
15763,1A,1200.0
16507,SL,400.0
16507,3A,640.0
16507,2A,800.0
16507,1A,1200.0
16558,SL,400.0
16558,3A,640.0
16558,2A,800.0
16558,1A,1200.0
16701,SL,400.0
16701,3A,640.0
16701,2A,800.0
16701,1A,1200.0
17401-Slip,SL,400.0
17401-Slip,3A,640.0
17401-Slip,2A,800.0
17401-Slip,1A,1200.0
17481-Slip,SL,400.0
17481-Slip,3A,640.0
17481-Slip,2A,800.0
17481-Slip,1A,1200.0
18001,SL,400.0
18001,3A,640.0
18001,2A,800.0
18001,1A,1200.0
18006,SL,400.0
18006,3A,640.0
18006,2A,800.0
18006,1A,1200.0
52244,SL,400.0
52244,3A,640.0
52244,2A,800.0
52244,1A,1200.0
19711-Slip,SL,400.0
19711-Slip,3A,640.0
19711-Slip,2A,800.0
19711-Slip,1A,1200.0
22823,SL,400.0
22823,3A,640.0
22823,2A,800.0
22823,1A,1200.0
47123,SL,400.0
47123,3A,640.0
47123,2A,800.0
47123,1A,1200.0
18618,SL,400.0
18618,3A,640.0
18618,2A,800.0
18618,1A,1200.0
41503,SL,400.0
41503,3A,640.0
41503,2A,800.0
41503,1A,1200.0
18030,SL,400.0
18030,3A,640.0
18030,2A,800.0
18030,1A,1200.0
33593,SL,400.0
33593,3A,640.0
33593,2A,800.0
33593,1A,1200.0
47207,SL,400.0
47207,3A,640.0
47207,2A,800.0
47207,1A,1200.0
21068,SL,400.0
21068,3A,640.0
21068,2A,800.0
21068,1A,1200.0
19106,SL,400.0
19106,3A,640.0
19106,2A,800.0
19106,1A,1200.0
52228,SL,400.0
52228,3A,640.0
52228,2A,800.0
52228,1A,1200.0
41021,SL,400.0
41021,3A,640.0
41021,2A,800.0
41021,1A,1200.0
18235-Slip,SL,400.0
18235-Slip,3A,640.0
18235-Slip,2A,800.0
18235-Slip,1A,1200.0
22824,SL,400.0
22824,3A,640.0
22824,2A,800.0
22824,1A,1200.0
51189,SL,400.0
51189,3A,640.0
51189,2A,800.0
51189,1A,1200.0
51606,SL,400.0
51606,3A,640.0
51606,2A,800.0
51606,1A,1200.0
38462,SL,400.0
38462,3A,640.0
38462,2A,800.0
38462,1A,1200.0
19115,SL,400.0
19115,3A,640.0
19115,2A,800.0
19115,1A,1200.0
18412,SL,400.0
18412,3A,640.0
18412,2A,800.0
18412,1A,1200.0
22161,SL,400.0
22161,3A,640.0
22161,2A,800.0
22161,1A,1200.0
47115,SL,400.0
47115,3A,640.0
47115,2A,800.0
47115,1A,1200.0
47167,SL,400.0
47167,3A,640.0
47167,2A,800.0
47167,1A,1200.0
25201,SL,400.0
25201,3A,640.0
25201,2A,800.0
25201,1A,1200.0
41065,SL,400.0
41065,3A,640.0
41065,2A,800.0
41065,1A,1200.0
51862,SL,400.0
51862,3A,640.0
51862,2A,800.0
51862,1A,1200.0
51261,SL,400.0
51261,3A,640.0
51261,2A,800.0
51261,1A,1200.0
40514,SL,400.0
40514,3A,640.0
40514,2A,800.0
40514,1A,1200.0
51112,SL,400.0
51112,3A,640.0
51112,2A,800.0
51112,1A,1200.0
51820,SL,400.0
51820,3A,640.0
51820,2A,800.0
51820,1A,1200.0
51702,SL,400.0
51702,3A,640.0
51702,2A,800.0
51702,1A,1200.0
51673,SL,400.0
51673,3A,640.0
51673,2A,800.0
51673,1A,1200.0
51240,SL,400.0
51240,3A,640.0
51240,2A,800.0
51240,1A,1200.0
51885,SL,400.0
51885,3A,640.0
51885,2A,800.0
51885,1A,1200.0
51909,SL,400.0
51909,3A,640.0
51909,2A,800.0
51909,1A,1200.0
51613,SL,400.0
51613,3A,640.0
51613,2A,800.0
51613,1A,1200.0
52107,SL,400.0
52107,3A,640.0
52107,2A,800.0
52107,1A,1200.0
52213,SL,400.0
52213,3A,640.0
52213,2A,800.0
52213,1A,1200.0
52321,SL,400.0
52321,3A,640.0
52321,2A,800.0
52321,1A,1200.0
52331,SL,400.0
52331,3A,640.0
52331,2A,800.0
52331,1A,1200.0
52403,SL,400.0
52403,3A,640.0
52403,2A,800.0
52403,1A,1200.0
52404,SL,400.0
52404,3A,640.0
52404,2A,800.0
52404,1A,1200.0
52405,SL,400.0
52405,3A,640.0
52405,2A,800.0
52405,1A,1200.0
52406,SL,400.0
52406,3A,640.0
52406,2A,800.0
52406,1A,1200.0
52407,SL,400.0
52407,3A,640.0
52407,2A,800.0
52407,1A,1200.0
52408,SL,400.0
52408,3A,640.0
52408,2A,800.0
52408,1A,1200.0
52411,SL,400.0
52411,3A,640.0
52411,2A,800.0
52411,1A,1200.0
52412,SL,400.0
52412,3A,640.0
52412,2A,800.0
52412,1A,1200.0
52413,SL,400.0
52413,3A,640.0
52413,2A,800.0
52413,1A,1200.0
52414,SL,400.0
52414,3A,640.0
52414,2A,800.0
52414,1A,1200.0
52415,SL,400.0
52415,3A,640.0
52415,2A,800.0
52415,1A,1200.0
52451,SL,400.0
52451,3A,640.0
52451,2A,800.0
52451,1A,1200.0
52452,SL,400.0
52452,3A,640.0
52452,2A,800.0
52452,1A,1200.0
52453,SL,400.0
52453,3A,640.0
52453,2A,800.0
52453,1A,1200.0
52454,SL,400.0
52454,3A,640.0
52454,2A,800.0
52454,1A,1200.0
52455,SL,400.0
52455,3A,640.0
52455,2A,800.0
52455,1A,1200.0
52456,SL,400.0
52456,3A,640.0
52456,2A,800.0
52456,1A,1200.0
52457,SL,400.0
52457,3A,640.0
52457,2A,800.0
52457,1A,1200.0
52458,SL,400.0
52458,3A,640.0
52458,2A,800.0
52458,1A,1200.0
52461,SL,400.0
52461,3A,640.0
52461,2A,800.0
52461,1A,1200.0
52462,SL,400.0
52462,3A,640.0
52462,2A,800.0
52462,1A,1200.0
52463,SL,400.0
52463,3A,640.0
52463,2A,800.0
52463,1A,1200.0
52464,SL,400.0
52464,3A,640.0
52464,2A,800.0
52464,1A,1200.0
52465,SL,400.0
52465,3A,640.0
52465,2A,800.0
52465,1A,1200.0
52905,SL,400.0
52905,3A,640.0
52905,2A,800.0
52905,1A,1200.0
56889,SL,400.0
56889,3A,640.0
56889,2A,800.0
56889,1A,1200.0
57123,SL,400.0
57123,3A,640.0
57123,2A,800.0
57123,1A,1200.0
54404,SL,400.0
54404,3A,640.0
54404,2A,800.0
54404,1A,1200.0
52466,SL,400.0
52466,3A,640.0
52466,2A,800.0
52466,1A,1200.0
53220,SL,400.0
53220,3A,640.0
53220,2A,800.0
53220,1A,1200.0
53415,SL,400.0
53415,3A,640.0
53415,2A,800.0
53415,1A,1200.0
53522,SL,400.0
53522,3A,640.0
53522,2A,800.0
53522,1A,1200.0
52925,SL,400.0
52925,3A,640.0
52925,2A,800.0
52925,1A,1200.0
55318,SL,400.0
55318,3A,640.0
55318,2A,800.0
55318,1A,1200.0
54467,SL,400.0
54467,3A,640.0
54467,2A,800.0
54467,1A,1200.0
52533,SL,400.0
52533,3A,640.0
52533,2A,800.0
52533,1A,1200.0
54309,SL,400.0
54309,3A,640.0
54309,2A,800.0
54309,1A,1200.0
53335,SL,400.0
53335,3A,640.0
53335,2A,800.0
53335,1A,1200.0
54606,SL,400.0
54606,3A,640.0
54606,2A,800.0
54606,1A,1200.0
52944,SL,400.0
52944,3A,640.0
52944,2A,800.0
52944,1A,1200.0
53416,SL,400.0
53416,3A,640.0
53416,2A,800.0
53416,1A,1200.0
52902,SL,400.0
52902,3A,640.0
52902,2A,800.0
52902,1A,1200.0
55810,SL,400.0
55810,3A,640.0
55810,2A,800.0
55810,1A,1200.0
54005,SL,400.0
54005,3A,640.0
54005,2A,800.0
54005,1A,1200.0
55014,SL,400.0
55014,3A,640.0
55014,2A,800.0
55014,1A,1200.0
53063,SL,400.0
53063,3A,640.0
53063,2A,800.0
53063,1A,1200.0
53404,SL,400.0
53404,3A,640.0
53404,2A,800.0
53404,1A,1200.0
55753,SL,400.0
55753,3A,640.0
55753,2A,800.0
55753,1A,1200.0
54415,SL,400.0
54415,3A,640.0
54415,2A,800.0
54415,1A,1200.0
54353,SL,400.0
54353,3A,640.0
54353,2A,800.0
54353,1A,1200.0
55611,SL,400.0
55611,3A,640.0
55611,2A,800.0
55611,1A,1200.0
53421,SL,400.0
53421,3A,640.0
53421,2A,800.0
53421,1A,1200.0
55237,SL,400.0
55237,3A,640.0
55237,2A,800.0
55237,1A,1200.0
54602,SL,400.0
54602,3A,640.0
54602,2A,800.0
54602,1A,1200.0
54092,SL,400.0
54092,3A,640.0
54092,2A,800.0
54092,1A,1200.0
55001,SL,400.0
55001,3A,640.0
55001,2A,800.0
55001,1A,1200.0
56138,SL,400.0
56138,3A,640.0
56138,2A,800.0
56138,1A,1200.0
55540,SL,400.0
55540,3A,640.0
55540,2A,800.0
55540,1A,1200.0
55040,SL,400.0
55040,3A,640.0
55040,2A,800.0
55040,1A,1200.0
55532,SL,400.0
55532,3A,640.0
55532,2A,800.0
55532,1A,1200.0
56267,SL,400.0
56267,3A,640.0
56267,2A,800.0
56267,1A,1200.0
56600,SL,400.0
56600,3A,640.0
56600,2A,800.0
56600,1A,1200.0
56614,SL,400.0
56614,3A,640.0
56614,2A,800.0
56614,1A,1200.0
56387,SL,400.0
56387,3A,640.0
56387,2A,800.0
56387,1A,1200.0
56723,SL,400.0
56723,3A,640.0
56723,2A,800.0
56723,1A,1200.0
57429,SL,400.0
57429,3A,640.0
57429,2A,800.0
57429,1A,1200.0
57422,SL,400.0
57422,3A,640.0
57422,2A,800.0
57422,1A,1200.0
57447,SL,400.0
57447,3A,640.0
57447,2A,800.0
57447,1A,1200.0
57593,SL,400.0
57593,3A,640.0
57593,2A,800.0
57593,1A,1200.0
57632,SL,400.0
57632,3A,640.0
57632,2A,800.0
57632,1A,1200.0
58028,SL,400.0
58028,3A,640.0
58028,2A,800.0
58028,1A,1200.0
63166,SL,400.0
63166,3A,640.0
63166,2A,800.0
63166,1A,1200.0
58801,SL,400.0
58801,3A,640.0
58801,2A,800.0
58801,1A,1200.0
58207,SL,400.0
58207,3A,640.0
58207,2A,800.0
58207,1A,1200.0
59157,SL,400.0
59157,3A,640.0
59157,2A,800.0
59157,1A,1200.0
59442,SL,400.0
59442,3A,640.0
59442,2A,800.0
59442,1A,1200.0
58803,SL,400.0
58803,3A,640.0
58803,2A,800.0
58803,1A,1200.0
67295,SL,400.0
67295,3A,640.0
67295,2A,800.0
67295,1A,1200.0
58219,SL,400.0
58219,3A,640.0
58219,2A,800.0
58219,1A,1200.0
63241,SL,400.0
63241,3A,640.0
63241,2A,800.0
63241,1A,1200.0
59214,SL,400.0
59214,3A,640.0
59214,2A,800.0
59214,1A,1200.0
59024,SL,400.0
59024,3A,640.0
59024,2A,800.0
59024,1A,1200.0
58425,SL,400.0
58425,3A,640.0
58425,2A,800.0
58425,1A,1200.0
59832,SL,400.0
59832,3A,640.0
59832,2A,800.0
59832,1A,1200.0
63545,SL,400.0
63545,3A,640.0
63545,2A,800.0
63545,1A,1200.0
59050,SL,400.0
59050,3A,640.0
59050,2A,800.0
59050,1A,1200.0
59386-Slip,SL,400.0
59386-Slip,3A,640.0
59386-Slip,2A,800.0
59386-Slip,1A,1200.0
64492,SL,400.0
64492,3A,640.0
64492,2A,800.0
64492,1A,1200.0
67296,SL,400.0
67296,3A,640.0
67296,2A,800.0
67296,1A,1200.0
70101,SL,400.0
70101,3A,640.0
70101,2A,800.0
70101,1A,1200.0
83112,SL,400.0
83112,3A,640.0
83112,2A,800.0
83112,1A,1200.0
84369,SL,400.0
84369,3A,640.0
84369,2A,800.0
84369,1A,1200.0
