train_number,train_name,source_station_code,destination_station_code
04601,Jammu Tawi Udhampur Special,JAT,UHP
04602,Udhampur Jammutawi Dmu,UHP,JAT
04603,Jat Udahmpur Dmu,JAT,UHP
04604,Udhampur Jammutawi Dmu,UHP,JAT
04728,Mumbai Bandrat-Bikaner Sf Special,BDTS,BKN
04741,Sirsa - Hisar Passenger Special,SSA,HSR
04742,Hisar - Sirsa Passenger Special,HSR,SSA
04853,Rewari Degana Merta Special,DNA,MTD
04854,Degana Merta Special,MTD,DNA
09022,Jammu Tawi - Bandra Terminus Ac Suvidha Special (Starts 5 April),JAT,BDTS
11017,Chalukya Express,DR,YPR
11019,Konark Express,CSTM,BBS
11020,Konark Express,BBS,CSTM
11023,Sahyadri Express,CSTM,KOP
11024,Sahyadri Express,KOP,CSTM
11025,Manmad Pune Express(Via Nasik),MMR,PUNE
11026,Pune Manmad Express,PUNE,MMR
11027,Mumbai Cst-Chennai Mail,CSTM,MAS
11029,Koyna Express,CSTM,KOP
11030,Koyna Express,KOP,CSTM
11033,Pune - Darbhanga Gyan Ganga Exp,PUNE,DBG
11035,Dadar-Mysore Sharavati Express,DR,MYS
11036,Mysore-Dadar Sharavati Express,MYS,DR
11037,Pune - Gorakhpur Exp,PUNE,GKP
11038,Gorakhpur - Pune Exp,GKP,PUNE
11039,Maharashtra Express,KOP,G
11039-Slip,Kolhapur-Gorakhpur Express Slip,KOP,GKP
11040,Maharashtra Express,G,KOP
11040-Slip,Gondia-Solapur Maharashtra Express Slip,G,SUR
11041,Mumbai - Chennai Express,CSTM,MAS
11043,Mumbai Ltt - Madurai Exp,LTT,MDU
11044,Madurai - Mumbai Ltt Exp,MDU,LTT
11045,Kolhapur Csmt - Dhanbad Deekshabhoomi Exp,KOP,DHN
11047,Hubli Express,MRJ,UBL
11048,Hubli Miraj Express,UBL,MRJ
11049,Ahmedabad-Kolhapur Express,ADI,KOP
11050,Kolhapur-Ahmedabad Express,KOP,ADI
11051,Solapur-Kolhapur Express,SUR,KOP
11052,Kolhapur Solapur Express,KOP,SUR
11056,Gorakhpur - Mumbai Ltt Exp,GKP,LTT
11057,Dadar Amritsar Express,DR,ASR
11057-Slip,Dadar Amritsar Express Slip,DR,DHI
11058,Amritsar Dadar Express,ASR,DR
11059,Mumbai Ltt - Chhapra Godan Exp,LTT,CPR
11060,Chhapra - Mumbai Ltt Godan Exp,CPR,LTT
11062,Darbhanga - Mumbai Ltt Pawan Exp,DBG,LTT
56305,Kottayam Kollam Passenger,KTYM,QLN
58651,Ranchi Lohardaga Passenger,RNC,LAD
04858,Jodhpur Pipar Road Passenger Special,JU,PPR
05305,Farrukhabad-Kanpuranwarganj Passenger,FBD,CPA
05306,Kanpuranwarganj-Farrukhabad Special,CPA,FBD
05650,Kamakhya - Mumbai Ltt (Weekly) Special,KYQ,LTT
05697,Hill Queen Express,LMG,LFG
05698,Hill Queen Express,LFG,LMG
06002,Kollam-Chennai Central Sf Special,QLN,MAS
06003,Chennai Central-Kollam Special,MAS,QLN
06004,Kollam-Chennai Central Special,QLN,MAS
06005,Chennai Central-Kollam Sf Special,MAS,QLN
06006,Kollam-Chennai Central Sf Special,QLN,MAS
06007,Chennai Central-Kollam Sf Special,MAS,QLN
06008,Kollamchennai Central Sf Special,QLN,MAS
06009,Chennai Centralkollam Sf Special,MAS,QLN
06011,Chennai Central Kollam (Weekly) Sf Special,MAS,QLN
06201,Mysore-Sainagar Shirdi Special,MYS,SNSI
06202,Sainagar Shirdi - Mysore Special,SNSI,MYS
06215,Mysore Nanjangud Town Passenger,MYS,NTW
06216,Nanjangud Town Mysore Passenger,NTW,MYS
06228,Shimoga Mysore Express,SMET,MYS
06301,Nagercoil-Mangalore Special,NCJ,MAJN
06302,Mangalore-Nagercoil Special,MAJN,NCJ
06501,Yesvantpur - Ahmedabad Garib Rath Special,YPR,ADI
06502,Ahmedabad -Yesvantpur Garib Rath Special,ADI,YPR
06535,Bijapur Express,YPR,BJP
06536,Bijapur-Yesvantpur Special,BJP,YPR
06591,Yesvantpur-Hosur Passenger Special,YPR,HSRA
06592,Hosur-Yesvantpur Passenger,HSRA,YPR
06594,Hosur-Yesvantpur Passenger Special,HSRA,YPR
06595,Yesvantpur-Devanhalli Special,YPR,DHL
06596,Devanahalli-Yesvantpur Special,DHL,YPR
06617,Coimbatore-Nagercoil Special,CBE,NCJ
06618,Nagercoil-Coimbatore Special,NCJ,CBE
06621,Coimbatore-Yesvantpur Sf Special,CBE,YPR
06622,Yesvantpur-Coimbatore Sf Special,YPR,CBE
06837,Karaikkudi Manamadurai Passenger,KKDI,MNM
06838,Manamadurai Karaikkudi Passenger,MNM,KKDI
06839,Tiruchirappalli Karaikkudi Passenger Special,TPJ,KKDI
06840,Karaikkudi-Tiruchirappalli Passenger Special,KKDI,TPJ
06948,Hubli Jn - Vasco Da Gama Link Express,UBL,VSG
07003,Hyderabad-Korba Special,HYB,KRBA
07004,Korba-Hyderabad Special,KRBA,HYB
07105,Ajmer - Hyderabad Special,AII,HYB
40005,Chennai Beach Tambaram Emu,MSB,TBM
55138,Shahganj Ballia Passenger,SHG,BUI
56393,Kottayam Kollam Passenger,KTYM,QLN
24041,Delhi Sarai Rohilla - Kotdwar Mussoorie Exp,NBD,KTW
07144,Shahu Maharaj T. Kolhapur - Hyderabad Special,KOP,HYB
07301,Mysore Shimoga Express,MYS,SMET
07403,Adilabad-Nanded Special,ADB,NED
07404,Nanded-Adilabad Special,NED,ADB
07603,Kacheguda Kamareddi Special,KCG,KMC
07605,Kamareddi-Nizamabad Passenger Special,KMC,NZB
07606,Nizamabad-Kamareddi Special,NZB,KMC
07607,Secunderabad - Mancherial Special,SC,MCI
07608,Mancherial - Secunderabad Special,MCI,SC
08001,Kharagpur-Jhargram Express Special,KGP,JGM
08002,Jhargram-Kharagpur Special,JGM,KGP
08004,Mysore - Howrah Special,MYS,HWH
08017,Kharagpur- Jhargram Memu Special,KGP,JGM
08018,Jhargram - Kharagpur Memu Special,JGM,KGP
08043,Kolkata Shalimar-Haridwar Puja Special,SHM,HW
08051,Kharagpur- Jhargram Memu Special,KGP,JGM
08052,Jhargram - Kharagpur Memu Special,JGM,KGP
08055,Shalimar-Tirupati Special,SHM,TPTY
08113,Tatanagar Bilaspur Passenger,TATA,BSP
08114,Bilaspur Tatanagar Passenger,BSP,TATA
08469,Puri-Bangalore Weekly Garib Rath Special,PURI,SBC
08470,Bangalore-Puri Garib Rath Special,SBC,PURI
08471,Bhubaneswar - Tirupati Weekly Special,BBS,TPTY
08472,Tirupati - Bhubaneswar Weekly Special,TPTY,BBS
08565,Visakhapatnam-Secunderabad Special,VSKP,SC
08566,Secunderabad Vishakaptnam Special,SC,VSKP
08567,Visakhapatnam Sainagar Shirdi Special,VSKP,SNSI
08568,Shirdi-Visakhapatnam Weekly Special,SNSI,VSKP
08569,Visakhapatnam-Kollam Sabarimalai Special,VSKP,QLN
08786,Dalli Rajhara Durg Pass,DRZ,DURG
08787,Raipur-Durg Special,R,DURG
08788,Durg-Raipur Special,DURG,R
09002,Ahmedabad Mumbai Central Superfast Special,ADI,BCT
09021,Bandra Terminus - Jammu Tawi Ac Suvidha Special (Starts 4 April),BDTS,JAT
09051,Valsad-Varanasi Weekly Special,BL,BSB
09221,Porbandar Secunderabad Weekly Special,PBR,SC
09561,Bandra Terminus Okha Weekly Special,BDTS,OKHA
09733,Hanumangarh Kota Special,HMH,KOTA
09734,Kota Hanumangarh Special,KOTA,HMH
11015,Kushinagar Express,LTT,GKP
12084,Coimbatore-Mayiladuturai Jan Shatabdi,CBE,MV
13401,Intercity Express,BGP,DNR
13410,Intercity Express,BGP,MLDT
40007,Chennai Beach Tambaram Emu(12 Car),MSB,TBM
56320,Coimbatore Nagercoil Passenger,CBE,NCJ
08785,Durg Dalli Rajhara Pass,DURG,DRZ
01494,Bijapur Hubli Special,BJP,UBL
09222,Secunderabad-Porbandar Weekly Special,SC,PBR
09405,Ahmedabad Yesvantpur (Weekly) Special,ADI,YPR
09406,Yeshwantpur-Ahmedabad Special,YPR,ADI
09562,Okha - Bandra Terminus Weekly Special,OKHA,BDTS
09621,Ajmer Jaipur Sf Special,AII,JP
09622,Jaipur Ajmer Sf Special,JP,AII
09715,Jaipur Solapur (Weekly) Special,JP,SUR
09716,Solapur - Jaipur Special,SUR,JP
09721,Jaipur Delhi Sarai Rohilla Sf Special,JP,DEE
09724,Jaipur - Sabarmati Sf Holiday Spl,JP,SBI
09727,Indore-Jaipur Special,INDB,JP
09728,Jaipur-Indore Special,JP,INDB
09735,Secunderabad-Jaipur Special,SC,JP
09736,Jaipur - Secunderabad (Weekly) Special,JP,SC
09741,Rewari - Delhi Sarai Rohilla (Daily) Special,RE,DEE
09742,Delhi Sarai Rohilla - Rewari (Daily) Special,DEE,RE
09761,Surathgarh Anupgarh Passenger,APH,SOG
09762,Suratgarh - Anupgarh Passenger Special,SOG,APH
09763,Surathgarh Anupgarh Passenger,APH,SOG
09764,Suratgarh - Anupgarh Passenger Special,SOG,APH
09765,Phulera Rewari Passenger Special,FL,RE
09766,Rewari-Phulera Passenger Special,RE,FL
10001,Satpura Express,BTC,JBP
10002,Satpura Express,JBP,BTC
10103,Mumbai Cst - Madgaon Mandovi Exp,CSTM,MAO
10104,Madgaon - Mumbai Cst Mandovi Exp,MAO,CSTM
10111,Mumbai Cst - Madgaon Konkan Knaya Exp,CSTM,MAO
10112,Madgaon - Mumbai Cst Konkan Knaya Exp,MAO,CSTM
10215,Madgaon Ernakulam Weekly Super Fast Express,MAO,ERS
10216,Ernakulam Madgaon Weekly Sf Express,ERS,MAO
11003,Dadar - Sawantwadi Rd Rajya Rani Exp,DR,SWV
11004,Sawantwadi Rd - Dadar Rajya Rani Exp,SWV,DR
11007,Deccan Express,CSTM,PUNE
11009,Sinhagad Express,CSTM,PUNE
11010,Sinhagad Express,PUNE,CSTM
11011,Mahalaxmi Express,CSTM,KOP
11012,Mahalaxmi Express,KOP,CSTM
11014,Coimbatore Mumbai Ltt Express,CBE,LTT
11016,Kushinagar Express,GKP,LTT
11018,Chalukya Express,YPR,DR
15212,Amritsar - Darbhanga Jan Nayak Exp,ASR,DBG
40013,Chennai Beach Tambaram Emu(12 Car),MSB,TBM
56304,Nagercoil Kottayam Passenger,NCJ,KTYM
56386,Kottayam Ernakulam Passenger,KTYM,ERS
56390,Kottayam Ernakulam Passenger,KTYM,ERS
02082,Loharu - Jaipur Passenger Spl (Mg),LHU,JP
02083,Jaipur-Loharu Mg Passenger Special,JP,LHU
02084,Loharu - Jaipur Passenger Spl (Mg),LHU,JP
02085,Jaipur - Churu Passenger Spl (Mg),JP,CUR
02086,Churu - Jaipur Passenger Spl (Mg),CUR,JP
02087,Jaipur - Churu Passenger Spl (Mg),JP,CUR
02088,Churu - Jaipur Passenger Spl (Mg),CUR,JP
02089,Sikar - Churu Passenger Spl (Mg),SIKR,CUR
02090,Sikar - Churu Passenger Spl (Mg),CUR,SIKR
02093,Jaipur Loharu Passenger,JP,LHU
02411,Ratangarh-Sardarshahar Passenger,RTGH,SRDR
02412,Sardarshahr-Ratangarh Passenger Special,SRDR,RTGH
02413,Sadulpur-Shri Ganganagar Passenger Special,SDLP,SGNR
02423,Dibrugarh Guwahati Rajdhani Express,DBRT,GHY
02424,Guwahati Dibrugarh Rajdhani Express,GHY,DBRT
02435,Dibrugarh Guwahati Rajdhani Express,DBRT,GHY
02436,Guwahati Dibrugarh Rajdhani Express,GHY,DBRT
02451,Kalka Shimla Holiday Special,KLK,SML
02452,Shimla Kalka Holiday Special,SML,KLK
02453,Kalka Shimla Holiday Special,KLK,SML
02454,Shimla Kalka Holiday Special,SML,KLK
02779,Vasco Da Gama Bangalore Link Express,VSG,SBC
03283,Rajendra Nagar-Tatanagar Special,RJPB,TATA
03284,Tatanagar-Rajendra Nagar Special,TATA,RJPB
03686,Delhi Gaya S,DLI,GAYA
04011,Sainagar Shirdi - H. Nizamuddin (Weekly) Special,SNSI,NZM
04031,Delhi-Panipat Special,DLI,PNP
04032,Panipat Delhi Special,PNP,DLI
04053,Anand Vihar T.-Jammu Tawi Special,ANVT,JAT
04054,Jammu Tawi-Anand Vihar Special,JAT,ANVT
04115,Allahabad - Mumbai Ltt (Weekly) Special,ALD,LTT
02081,Jaipur Luharu Special,JP,LHU
04116,Mumbai Ltt-Allahabad Special,LTT,ALD
04201,Lucknow -New Delhi Special,LKO,NDLS
04202,New Delhi-Lucknow Tri-Weekly Special,NDLS,LKO
04203,Varanasi-Old Delhi Special,BSB,DLI
11067-Slip,Saket Express Slip,LTT,RBL
11108,Varanasi-Gwalior Bundelkhand Express,BSB,GWL
11109,Jhansi-Lucknow Intercity Express,JHS,LKO
11110,Lucknow-Jhansi Intercity,LKO,JHS
11123,Barauni-Gwalior Mail,BJU,GWL
11124,Gwalior Barauni Mail,GWL,BJU
11125,Indore Gwalior Express,INDB,GWL
11126,Gwalior Indore Express,GWL,INDB
11454,Prerna Express,NGP,ADI
52071,Bari Sadri - Mavli Passenger,BI,MVJ
11063-Slip,Chennai Salem Express Slip,MS,MTDM
11065,Mumbai Ltt - Darbhanga Pawan Exp,LTT,DBG
11066,Darbhanga - Mumbai Ltt Pawan Exp,DBG,LTT
11067,Mumbai Ltt - Faizabad Saket Exp,LTT,FD
11068,Faizabad - Mumbai Ltt Saket Exp,FD,LTT
11069,Tulsi Express,LTT,ALD
11070,Tulsi Express,ALD,LTT
11071,Kamayani Express,LTT,BSB
11072,Kamayani Express,BSB,LTT
11077,Jhelum Express,PUNE,JAT
11078,Jhelum Express,JAT,PUNE
11087,Veraval Pune Express,VRL,PUNE
11088,Pune Veraval Express,PUNE,VRL
11089,Bhagat Ki Kothi - Pune Exp,BGKT,PUNE
11090,Pune - Bhagat Ki Kothi Exp,PUNE,BGKT
11091,Bhuj - Pune Ahimsa Exp,BHUJ,PUNE
11092,Pune - Bhuj Ahimsa Exp,PUNE,BHUJ
11093,Mumbai Cst - Varanasi Mahanagari Exp,CSTM,BSB
11094,Varanasi - Mumbai Cst Mahanagari Exp,BSB,CSTM
11095,Ahimsa Express,ADI,PUNE
11096,Ahimsa Express,PUNE,ADI
11105,Pratham Swatantrata Sangram Express,KOAA,JHS
11106,Pratham Swatantrata Sangram Express,JHS,KOAA
11266,Ambikapur - Jabalpur Exp,ABKP,JBP
11401,Nandigram Express,CSTM,NGP
11402,Nandigram Express,NGP,CSTM
11403,Nagpur - Kolhapur Exp,NGP,KOP
11404,Kolhapur - Nagpur Exp,KOP,NGP
11423,Solapur - Hubli Express,SUR,UBL
11424,Hubli Jn - Solapur Express,UBL,SUR
11447,Jabalpur - Kol Howrah Shaktipunj Exp,JBP,HWH
11448,Howrah - Jabalpur Shaktipunj Exp,HWH,JBP
11449,Jabalpur - Shri Mata Vaishno Devi Katra Express,JBP,SVDK
11450,Shri Mata Vaishno Devi Katra - Jabalpur Express,SVDK,JBP
11451,Jabalpur - Rewa Intercity Exp,JBP,REWA
11452,Rewa - Jabalpur Intercity Exp,REWA,JBP
11453,Prerna Express,ADI,NGP
11463,Somnath-Jabalpur Express,SMNH,JBP
11464,Jabalpur-Somnath Express,JBP,SMNH
11471,Indore-Jabalpur Overnight Express,INDB,JBP
11472,Jabalpur-Indore Express,JBP,INDB
12003,Lucknow-Newdelhi Swarn Shatabdi Express,LKO,NDLS
12020,Ranchi-Howrah Shatabdi Express,RNC,HWH
12021,Barbil Janshatabdi,HWH,BBN
12022,Barbil Howrah Janshatabdi,BBN,HWH
12189,Jabalpur - Delhi H Nizamuddin Mahakoshal Sf Exp,JBP,NZM
53030,Bhagalpur Azimganj Passenger,BGP,AZ
56385,Ernakulam Kottayam Passenger,ERS,KTYM
11465,Somnath - Jabalpur Exp (Via Bina),SMNH,JBP
11466,Jabalpur - Somnath Exp (Via Bina),JBP,SMNH
11702,Indore - Jabalpur Intercity Exp,INDB,JBP
12002,New Delhi-Bhopal Shatabdi Express,NDLS,BPL
12004,Newdelh-Lucknowi Swarn Shatabdi Express,NDLS,LKO
12005,New Delhi-Kalka Shatabdi,NDLS,KLK
12006,Kalka-New Delhi Shatabdi,KLK,NDLS
12008,Mysore - Chennai Cent Shatabdi Express,MYS,MAS
12009,Mumbai-Ahmedabad Shatabdi Express,BCT,ADI
12010,Ahmedabad-Mumbai Central Shatabdi,ADI,BCT
12011,Kalka Shatabdi Express,NDLS,KLK
12012,Kalka-New Delhi Shatabdi,KLK,NDLS
12013,New Delhi-Amritsar Shatabdi Express,NDLS,ASR
12014,Amritsar-Newdelhi Shatabdi,ASR,NDLS
12015,New Delhi-Ajmer Shatabdi,NDLS,AII
12016,Ajmer-New Delhi Shatabdi,AII,NDLS
12017,New Delhi-Dehradun Shatabdi,NDLS,DDN
12018,Dehradun-New Delhi Shatabdi,DDN,NDLS
12023,Howrah-Patna Jan Shatabdi,HWH,PNBE
12024,Patna-Howrah Jan Shatabdi,PNBE,HWH
12025,Pune-Secunderabad Shatabdi Express,PUNE,SC
12026,Secunderabad-Pune Shatabdi,SC,PUNE
12028,Bangalore City - Chennai Cent Shatabdi Exp,SBC,MAS
12029,New Delhi-Amritsar Swarna Shatabdi Express,NDLS,ASR
12031,Amritsar Shatabdi Express,NDLS,ASR
12032,Amritsar Shatabdi Express,ASR,NDLS
12033,Kanpur Shatabdi,CNB,NDLS
12034,New Delhi-Kanpur Shatabdi Express,NDLS,CNB
12037,New Delhi-Ludhiana Shatabdi Express,NDLS,LDH
12038,Ludhiana-New Delhi Shatabdi Express,LDH,NDLS
12051,Dadar - Madgaon Jan Shatabdi Exp,DR,MAO
12052,Madgaon - Dadar Jan Shatabdi Exp,MAO,DR
12053,Haridwar Amritsar Jan Shatabdi Express,HW,ASR
12054,Amritsar Haridwar Jan Shatabdi,ASR,HW
12055,Dehradun Jan Shatabdi Express,NDLS,DDN
12059,Kota-Hazrat Nizamuddin Jan Shatabdi,KOTA,NZM
12060,Hazarat Nizamuddin-Kota Jan Shatabdi,NZM,KOTA
12063,Haridwar Chandigarh Una Link Jan Shatabdi Express,HW,UHL
12064,Una Chandigarh Haridwar Link Jan Shatabdi,UHL,HW
12067,Guwahati Jorhat Jan Shatabdi,GHY,JTTN
12083,Mayiladuturai-Coimbatore Jan Shatabdi,MV,CBE
12107,Mumbai Ltt Lucknow Superfast Express,LTT,LJN
12108,Lucknow Mumbai Ltt Superfast Express,LJN,LTT
12110,Panchavati Express,MMR,CSTM
12118,Manmad-Mumbai Ltt Express,MMR,LTT
56389,Ernakulam Kottayam Passenger,ERS,KTYM
12056,Dehradun Jan Shatabdi Express,DDN,NDLS
12057,New Delhi-Una Janshatabdi,NDLS,UHL
12058,Una-New Delhi Janshatabdi,UHL,NDLS
12061,Habibganj Bhopal-Jabalpur Jan Shatabdi,HBJ,JBP
12062,Jabalpur-Habibganj Bhopal Jan Shatabdi,JBP,HBJ
12068,Jorhat Guwahati Jan Shatabdi,JTTN,GHY
12069,Raigarh-Gondia Jan Shatabdi,RIG,G
12070,Gondia-Raigarh Jan Shatabdi,G,RIG
12072,Aurangabad Mumbai Jan Shatabdi,AWB,CSTM
12074,Bhubaneswar-Howrah Jan Shatabdi Express,BBS,HWH
12075,Kozhikode-Trivandrum Jan Shatabdi Express,CLT,TVC
12076,Trivandrum-Kozhikode Jan Shatabdi Express,TVC,CLT
12078,Vijayawada Chennai Jan Shatabdi,BZA,MAS
12079,Bangalore City-Hubli Jan Shatabdi,SBC,UBL
12080,Hubli Bangalore Janshatabdi,UBL,SBC
12081,Kozhikode - Trivandrum Jan Shatabdi,CLT,TVC
12082,Trivandrum-Kozhikode Jan Shatabdi,TVC,CLT
12101,Mumbai Ltt - Howrah Janeswari Super Deluxe Exp,LTT,HWH
12102,Howrah - Mumbai Ltt Janeswari Super Deluxe Exp,HWH,LTT
12103,Pune Lucknow Jn Superfast Express,PUNE,LJN
12104,Lucknow Jn - Pune Express,LJN,PUNE
12105,Vidarbha Express,CSTM,G
12106,Vidarbha Express,G,CSTM
12109,Panchavati Express,CSTM,MMR
12111,Mumbai Cst-Amaravati Sf Express,CSTM,AMI
12112,Amaravati-Mumbai Cst Express,AMI,CSTM
12113,Pune-Nagpur Garib Rath Express,PUNE,NGP
12114,Nagpur-Pune Garib Rath,NGP,PUNE
12115,Siddheshwar Express,CSTM,SUR
12116,Siddheshwar Express,SUR,CSTM
12117,Mumbai Ltt- Manmad Express,LTT,MMR
12119,Amaravati Nagpur Express,AMI,NGP
12120,Nagpur Amravati Express,NGP,AMI
12122,Delhi H Nizamuddin - Jabalpur S Kranti Exp,NZM,JBP
12135,Pune -Nagpur Superfast Express,PUNE,NGP
12136,Nagpur Pune Express,NGP,PUNE
12137,Punjab Mail,CSTM,FZR
12138,Punjab Mail,FZR,CSTM
12139,Sevagram Express,CSTM,NGP
12139-Slip,Sewagram Express Slip,CSTM,NGP
12140,Sevagram Express,NGP,CSTM
12143,Ltt Sultanpur Superfast Weekly Express,LTT,SLN
12144,Sultanpur-Ltt Weekly Sf Express,SLN,LTT
12148,Nizamuddin-Kolhapur Express,NZM,KOP
12161,Lashkar Superfast Express,LTT,AGC
12162,Lashkar Express,AGC,LTT
51817,Agra Fort Bandikui Pass,AF,BKI
12123,Deccan Queen Sf Express,CSTM,PUNE
12124,Deccan Queen Sf Express,PUNE,CSTM
12125,Pragati Superfast Express,CSTM,PUNE
12126,Pragati Superfast Express,PUNE,CSTM
12127,Mumbaicst-Pune Sf Intercity,CSTM,PUNE
12128,Pune-Mumbaicst Intercity Express,PUNE,CSTM
12129,Pune - Howrah Azad Hind Sf Exp,PUNE,HWH
12130,Howrah - Pune Azad Hind Sf Exp,HWH,PUNE
12131,Mumbai Dadar-Sainagar Shirdi Express,DR,SNSI
12132,Sainagar Shirdi-Mumbai Dadar Express,SNSI,DR
12133,Mumbai Cst - Mangalore Exp,CSTM,MAJN
12134,Mangalore - Mumbai Cst Exp,MAJN,CSTM
12141,Mumbai Ltt - Patliputra Sf Exp,LTT,PPTA
12145,Mumbai Ltt - Puri Sf Exp,LTT,PURI
12147,Kolhapur-Nizamuddin Express,KOP,NZM
12149,Pune - Patliputra Sf Exp,PUNE,PPTA
12150,Patliputra - Pune Sf Exp,PPTA,PUNE
12151,Mumbai Ltt - Howrah Samarsata Sf Exp,LTT,HWH
12152,Howrah - Mumbai Ltt Samarsata Sf Exp,HWH,LTT
12153,Lokmanya Tilak (T) Habibganj Express,LTT,HBJ
12154,Habibganj Ltt Superfast Express,HBJ,LTT
12155,Shaan-E-Bhopal Express,HBJ,NZM
12156,Shaan E Bhopal Sf Express,NZM,HBJ
12157,Hutatma Express,PUNE,SUR
12158,Hutatma Express,SUR,PUNE
12159,Amravati -Jabalpur Express,AMI,JBP
12160,Jabalpur - Amravati Express,JBP,AMI
12166,Varanasi - Mumbai Ltt Ratnagiri Sf Exp,BSB,LTT
12167,Mumbai Ltt - Varanasi Sf Exp,LTT,BSB
12168,Varanasi - Mumbai Ltt Sf Exp,BSB,LTT
12169,Pune Solapur Intercity Express,PUNE,SUR
12170,Solapur Pune Intercity Express,SUR,PUNE
12171,Mumbai Ltt -Haridwar Ac Express,LTT,HW
12172,Haridwar-Mumbai Ltt Ac Express,HW,LTT
12173,Udyog Nagri Express,LTT,PBH
12174,Udyog Nagri Express,PBH,LTT
12177,Chambal Express,HWH,MTJ
12178,Chambal Express,MTJ,HWH
12183,Bhopal Partapgarh Express,BPL,PBH
12184,Pratapgarh-Bhopal Express,PBH,BPL
12185,Bhopal Habibganj - Rewa Rewanchal Exp,HBJ,REWA
12186,Rewa - Bhopal Habibganj Rewanchal Exp,REWA,HBJ
12187,Jabalpur-Cst Garib Rath Express,JBP,CSTM
12188,Mumbai-Jabalpur Garib Rath Express,CSTM,JBP
12194,Partapgarh Bhopal Superfast Express,PBH,BPL
12195,Agra Fort - Ajmer Express,AF,AII
12196,Ajmer-Agra Fort Express,AII,AF
53444,Bhagalpur Mandar Hill Passenger,BGP,MDLE
12176,Chambal Express,GWL,HWH
12179,Lucknow Agra Intercity Sf Express,LJN,AGC
12180,Agra Lucknow Intercity Sf Express,AGC,LJN
12190,Delhi H Nizamuddin - Jabalpur Mahakoshal Sf Exp,NZM,JBP
12191,Shridham Express,NDLS,JBP
12192,Jabalpur-New Delhi Superfast Express,JBP,NDLS
12197,Bhopal Gwalior Intercity Express,BPL,GWL
12198,Gwalior Bhopal Intercity Express,GWL,BPL
12201,Mumbai Ltt - Kochuveli Garib Rath Exp,LTT,KCVL
12202,Kochuveli - Mumbai Ltt Garib Rath Exp,KCVL,LTT
12203,Saharsa Amritsar Garib Rath,SHC,ASR
12204,Amritsar Saharsa Garib Rath,ASR,SHC
12205,New Delhi-Dehradun Ac Express,NDLS,DDN
12206,Dehradun-Newdelhi Ac Express,DDN,NDLS
12207,Kathgodam-Jammu Garib Rath Express,KGM,JAT
12208,Jammu-Kathgodam Garib Rath Express,JAT,KGM
12209,Kanpur-Kathgodam Garib Rath,CNB,KGM
12210,Kathgodam-Kanpur Garib Rath,KGM,CNB
12211,Muzaffarpur-Anand Vihar(T) Garib Rath Exp.,MFP,ANVT
12212,Anand Vihar T.- Muzaffarpur Garib Rath,ANVT,MFP
12213,Yeswantpur-Delhi Sarai Rohilla Ac Duronto Express,YPR,DEE
12214,Delhi Sarai Rohilla-Yesvantpur Ac Duronto Express,DEE,YPR
12215,Delhi Sarai Rohilla-Mumbai Bandrat Garib Rath,DEE,BDTS
12216,Mumbai Bandra T. - Delhi Sarai Rohilla Garib Rath,BDTS,DEE
12217,Kochuveli - Chandigarh Kerala Sampark Kranti Exp,KCVL,CDG
12218,Chandigarh - Kochuveli Kerala Sampark Kranti Exp,CDG,KCVL
12219,Lokmanya Tilak (T)-Secunderabad Ac Duronto Express,LTT,SC
12220,Secunderabad-Mumbai Ltt Ac Duronto Express,SC,LTT
12222,Howrah - Pune Ac Duronto Exp,HWH,PUNE
12223,Mum Ltt - Ernakulam Ac Duronto,LTT,ERS
12224,Ernakulam - Mum Ltt Ac Duronto,ERS,LTT
12225,Kaifiat Express,AMH,DLI
12226,Kaifiat Express,DLI,AMH
12228,Indore- Mumbai Central Duronto Express,INDB,BCT
12229,Lucknow Mail,LKO,NDLS
12230,Lucknow Mail,NDLS,LKO
12231,Lucknow-Chandigarh Express,LKO,CDG
12232,Chandigarh - Lucknow Sadhbhavna Sf Express,CDG,LKO
12233,Lucknow New Delhi Ac Express,LKO,NDLS
12239,Mumbai Central Jaipur Ac Duronto Express,BCT,JP
12260,New Delhi-Sealdah Ac Duronto Express,NDLS,SDAH
12271,Lucknow-New Delhi Ac Duronto Express,LKO,NDLS
12273,Howrah-New Delhi Duronto Express,HWH,NDLS
12274,New Delhi-Howrah Duronto Express,NDLS,HWH
40029,Chennai Beach Tambaramemu (12 Car),MSB,TBM
56394,Kollam Kottayam Passenger,QLN,KTYM
12234,Newdelhi-Lucknow Ac Express,NDLS,LKO
12235,Dibrugarh - New Delhi Rajdhani Exp,DBRG,NDLS
12236,New Delhi - Dibrugarh Rajdhani Exp,NDLS,DBRG
12237,Varanasi-Jammu Tawi Sf Express,BSB,JAT
12238,Jammu-Varanasi Sf Express,JAT,BSB
12241,Chandigarh-Amritsar Duronto Express,CDG,ASR
12242,Amritsar-Chandigarh Duronto Express,ASR,CDG
12243,Chennai Central-Coimbatore Ac Duronto Express,MAS,CBE
12244,Coimbatore-Chennai Central Ac Duronto Express,CBE,MAS
12245,Howrah - Yesvantpur Ac Duronto Exp,HWH,YPR
12251,Wainganga Express,YPR,KRBA
12252,Wainganga Express,KRBA,YPR
12253,Yesvantpur - Bhagalpur Anga Sf Exp,YPR,BGP
12254,Bhagalpur - Yesvantpur Anga Sf Exp,BGP,YPR
12261,Mumbai Cst - Howrah Ac Duronto Exp,CSTM,HWH
12262,Howrah - Mumbai Cst Ac Duronto Exp,HWH,CSTM
12264,Hazrat Nizamuddin-Pune Ac Duronto Express,NZM,PUNE
12265,Delhi Sarai Rohilla Jammu Tawi Duronto Express,DEE,JAT
12266,Jammu Tawi-Delhi Sarai Rohilla Duronto Express,JAT,DEE
12267,Mumbai Central-Ahmedabad Ac Duronto Express,BCT,ADI
12268,Ahmedabad-Mumbai Central Ac Duronto Express,ADI,BCT
12269,Chennai-Hazrat Nizamuddin Duronto Express,MAS,NZM
12270,Hazrat Nizamuddin-Chennai Duronto,NZM,MAS
12272,New Delhi-Lucknow Ac Duronto Express,NDLS,LKO
12275,Allahabad-New Delhi Duronto Express,ALD,NDLS
12276,New Delhi-Allahabad Duronto Express,NDLS,ALD
12277,Howrah Puri Duronto Express,HWH,PURI
12301,Howrah-New Delhi Rajdhani Express,HWH,NDLS
12303,Poorva Express,HWH,NDLS
12307,Howrah-Jodhpur Sf Express,HWH,JU
12307-Slip,Howrah-Bikaner Express,HWH,JU
12311,Kalka Mail,HWH,KLK
12313,Kol Sealdah - New Delhi Rajdhani Exp,SDAH,NDLS
12314,New Delhi - Kol Sealdah Rajdhani Exp,NDLS,SDAH
12316,Ananya Express,UDZ,SDAH
12318,Akal Takht Express,ASR,SDAH
12320,Agra Cantt - Kolkata Chitpur Sf Exp,AGC,KOAA
12325,Kolkata Chitpur - Nangal Dam Gurumukhi Exp,KOAA,NLDM
12326,Nangal Dam - Kolkata Chitpur Gurumukhi Exp,NLDM,KOAA
12327,Upasana Express,HWH,DDN
12329,West Bengal Sampark Kranti,SDAH,DLI
12330,West Bengal Sampark Kranti Express,DLI,SDAH
12331,Himgiri Express,HWH,JAT
15941,Jhajha - Dibrugarh Exp,JAJ,DBRG
40031,Chennai Beach Tambaramemu (12 Car),MSB,TBM
55334,Mathura-Kasganj Passenger,AF,KSJ
63566,Jhajha Jasidih Passenger,JAJ,JSME
12278,Puri-Howrah Ac Duronto Express,PURI,HWH
12279,Jhansi-H.Nizamuddin Taj Express,JHS,NZM
12280,H.Nizamuddin-Jhansi Taj Express,NZM,JHS
12281,Bhubaneswar-New Delhi Duronto,BBS,NDLS
12282,New Delhi-Bhubaneswar Duronto Express,NDLS,BBS
12284,Delhi H Nizamuddin - Ernakulam Duronto Exp,NZM,ERS
12287,Kochuveli-Dehradun Weekly Express,KCVL,DDN
12289,Mumbai Cstm-Nagpur Duronto Express,CSTM,NGP
12290,Nagpur-Mumbai Cst Duronto Express,NGP,CSTM
12291,Yesvantpur - Chennai Sf Exp,YPR,MAS
12292,Chennai - Yesvantpur Sf Exp,MAS,YPR
12295,Bangalore - Patliputra Sanghamitra Sf Exp,SBC,PPTA
12296,Patliputra - Bangalore Sanghamitra Sf Exp,PPTA,SBC
12302,New Delhi-Howrah Rajdhani Express,NDLS,HWH
12304,Poorva Express,NDLS,HWH
12305,Howrah-New Delhi Rajdhani Express,HWH,NDLS
12306,New Delhi-Howrah Rajdhani Express,NDLS,HWH
12308,Jodhpur-Howrah Sf Express,JU,HWH
12309,Rajendra Nagar-New Delhi Rajdhani Express,RJPB,NDLS
12310,New Delhi Rajendra Nagar Rajdhani Express,NDLS,RJPB
12312,Kalka Mail,KLK,HWH
12321,Howrah - Mumbai Cst Mail (Via Allahabad),HWH,CSTM
12322,Mumbai Cst - Howrah Mail (Via Allahabad),CSTM,HWH
12323,Howrah-Newdelhi Sf Express,HWH,NDLS
12324,New Delhi-Howrah Sf Express,NDLS,HWH
12328,Upasana Express,DDN,HWH
12332,Himgiri Express,JAT,HWH
12333,Vibhuti Express,HWH,ALY
12339,Coalfield Express,HWH,DHN
12340,Coalfield Express,DHN,HWH
12343-Slip,Darjeeling Mail Slip,SDAH,HDB
12344,Darjeeling Mail,HDB,SDAH
12355,Archana Express,RJPB,JAT
12359,Kolkata Chitpur - Patna Garib Rath Exp,KOAA,PNBE
12363,Kolkata Chitpur - Haldibari Sf Intercity Exp,KOAA,HDB
12367,Vikramshila Express,BGP,ANVT
12377,Padatik Express,SDAH,NJP
12378,Padatik Express,NJP,SDAH
12379,Sealdah - Amritsar Superfast Express,SDAH,ASR
12383,Howrah-Dhanbad Ac Dd Express,HWH,DHN
12384,Dhanbad-Howrah Ac Dd Express,DHN,HWH
12757,Tirupati-Coimbatore Intercity Express,TPTY,CBE
12758,Coimbatore-Tirupati (Triweekly) Sf Intercity Expre,CBE,TPTY
17488,Tirumala Express,VSKP,TPTY
19065,Mumbai Bandra - Bhagat Ki Kothi Exp,BDTS,BGKT
54552,Bhatinda Ambala Passenger,BTI,UMB
56041,Tirupati-Pondicherry Passenger,TPTY,PDY
57200,Rajahmundry Vijayawada Passenger,RJY,BZA
12246,Yesvantpur - Howrah Ac Duronto Exp,YPR,HWH
12334,Vibhuti Express,ALY,HWH
12337,Shantiniketan Express,HWH,BHP
12338,Shantiniketan Express,BHP,HWH
12341,Agniveena Express,HWH,ASN
12342,Agniveena Express,ASN,HWH
12345,Howrah - Guwahati Saraighat Sf Exp,HWH,GHY
12347,Howrah-Rampur Hat Sf Express,HWH,RPH
12348,Rampur Hat-Howrah Sf Express,RPH,HWH
12351,Howrah- Danapur Express,HWH,DNR
12352,Danapur- Howrah Express,DNR,HWH
12356,Archana Express,JAT,RJPB
12357,Kolkata Chitpur - Amritsar Durgiana Sf Exp,KOAA,ASR
12358,Amritsar - Kolkata Chitpur Durgiana Sf Exp,ASR,KOAA
12360,Kolkata Chitpur - Patna Garib Rath Exp,PNBE,KOAA
12361,Asansol - Mumbai Cst Sf Exp,ASN,CSTM
12362,Mumbai Cst - Asansol Sf Exp,CSTM,ASN
12364,Haldibari - Kolkata Chitpur Sf Intercity Exp,HDB,KOAA
12365,Patna-Ranchi Jan Shatabdi Express,PNBE,RNC
12366,Ranchi Patna Jan Shatabdi Express,RNC,PNBE
12369,Kumbh Express,HWH,HW
12370,Kumbh Express,HW,HWH
12381,Poorva Express,HWH,NDLS
12382,Poorva Express,NDLS,HWH
12389,Gaya - Chennai Egmore Sf Exp,GAYA,MS
12390,Chennai Egmore - Gaya Sf Exp,MS,GAYA
12391,Shramjeevi Express,RGD,NDLS
12392,Shramjeevi Express,NDLS,RGD
12396,Ajmer-Rajendranagar Ziyarat Express,AII,RJPB
12404,Mathura Allahabad Sf Express,MTJ,ALD
12408,Amritsar - New Jalpaiguri Karmabhoomi Exp,ASR,NJP
12410,Gondwana Express,NZM,RIG
12411,Chandigarh - Amritsar Intercity Sf Exp,CDG,ASR
12412,Amritsar - Chandigarh Intercity Sf Exp,ASR,CDG
12413,Pooja Express,AII,JAT
12414,Pooja Express,JAT,AII
12419,Gomti Express,LKO,NDLS
12420,Gomti Express,NDLS,LKO
12423,Dibrugarh Town - New Delhi Rajdhani Exp,DBRT,NDLS
12427,Rewa - Delhi Anand Vihar Sf Exp,REWA,ANVT
12428,Delhi Anand Vihar - Rewa Sf Exp,ANVT,REWA
12431,Trivandrum - Delhi H Nizamuddin Rajdhani Exp,TVC,NZM
12432,Delhi H Nizamuddin - Trivandrum Rajdhani Exp,NZM,TVC
12437,Secunderabad Rajdhani Express,SC,NZM
12438,Secunderabad Rajdhani Express,NZM,SC
12439,Ranchi - New Delhi Rajdhani Exp,RNC,NDLS
12440,New Delhi - Ranchi Rajdhani Exp,NDLS,RNC
40001,Chennai Beach Tambaram Emu(12 Car),MSB,TBM
12397,Mahabodhi Express,GAYA,NDLS
12398,Mahabodhi Express,NDLS,GAYA
12401,Magadh Express,IPR,NDLS
12402,Magadh Express,NDLS,IPR
12405,Gondwana Express,BSL,NZM
12406,H.Nizamuddin-Bhusaval Gondwana Express,NZM,BSL
12415,Indore-Nizamuddin Express,INDB,NZM
12416,Nizamuddin-Indore Express,NZM,INDB
12417,Prayagraj Express,ALD,NDLS
12418,Prayagraj Express,NDLS,ALD
12424,New Delhi - Dibrugarh Town Rajdhani Exp,NDLS,DBRT
12425,Jammu Rajdhani Express,NDLS,JAT
12426,Jammu Rajdhani Express,JAT,NDLS
12429,Bangalore - Hazrat Nizamuddin Rajdhani Express,SBC,NZM
12430,Delhi H Nizamuddin-Bangalore Rajdhani Express,NZM,SBC
12433,Chennai Central-Delhi H.Nizamuddin Rajdhani Expres,MAS,NZM
12435,Dibrugarh Town - New Delhi Rajdhani Exp,DBRT,NDLS
12436,New Delhi - Dibrugarh Town Rajdhani Exp,NDLS,DBRT
12441,Bilaspur-New Delhi Rajdhani Express,BSP,NDLS
12442,Bilaspur Rajdhani Express,NDLS,BSP
12445,Uttar Sampark Kranti Express,NDLS,UHP
12446,Uttar Sampark Kranti Express,UHP,NDLS
12447,Up Sampark Kranti Express,MKP,NZM
12448,Up Sampark Kranti Express,NZM,MKP
12497,Shan-E-Punjab Express,NDLS,ASR
12455,Delhisarairohilla-Shriganganagar Ac Sf Express,DEE,SGNR
12456,Shriganganagar-Delhisarairohilla Ac Sf Express,SGNR,DEE
12457,Delhi Sarairohilla-Bikaner Express,DEE,BKN
12458,Bikaner-Delhisarairohiilla Express,BKN,DEE
12468,Jaipur Bikaner Intercity Express,JP,BKN
12472,Jammu Tawi - Mumbai Bandra (T.) Sf Swaraj Express,JAT,BDTS
12475,Hapa - Jammu Tawi Sarvodaya Sf Express,HAPA,JAT
12476,Jammu Tawi - Hapa Sarvodaya Sf Express,JAT,HAPA
12477,Jamnagar - Jammu Tawi Sf Sindhu Express,JAM,JAT
12479,Jodhpur - Mumbai Bandra Suryanagari Sf Exp,JU,BDTS
12480,Mumbai Bandra - Jodhpur Suryanagari Sf Exp,BDTS,JU
12485,H S Nanded - Shri Ganganagar Exp,NED,SGNR
12486,Shri Ganganagar - H S Nanded Exp,SGNR,NED
12487,Seemanchal Express,JBN,ANVT
12489,Bikaner-Dadar Express,BKN,DDR
12490,Dadar - Bikaner Express,DDR,BKN
12491,Barauni - Jammu Tawi Maur Dhwaj Express,BJU,JAT
12492,Jammu Tawi - Barauni Maur Dhwaj Express,JAT,BJU
12496,Kolkata Chitpur - Bikaner Pratap Exp,KOAA,BKN
16359,Ernakulam - Patna Exp,ERS,PNBE
22607,Ernakulam - Bangalore Weekly Sf Exp,ERS,SBC
53446,Bhagalpur Mandar Hill Passenger,BGP,MDLE
12449,Madgaon - Chandigarh Goa Sampark Kranti Exp,MAO,CDG
12450,Chandigarh - Madgaon Goa Sampark Kranti Exp,CDG,MAO
12451,Shram Shakti Express,CNB,NDLS
12452,Shram Shakti Express,NDLS,CNB
12453,Ranchi-New Delhi Rajdhani Express,RNC,NDLS
12454,New Delhi-Ranchi Rajdhani Express,NDLS,RNC
12459,Newdelhi-Amritsar Sf Intercity,NDLS,ASR
12460,Amritsar-New Delhi Intercity Express,ASR,NDLS
12461,Mandore Express,DLI,JU
12462,Mandore Express,JU,DLI
12464,Rajasthan Sampark Kranti Express,JU,DEE
12465,Indore-Jodhpur Ranthambhore Express,INDB,JU
12466,Jodhpur-Indore Ranthambhore Intercity Express,JU,INDB
12469,Kanpur Jammu Express,CNB,JAT
12470,Jammu Kanpur Express,JAT,CNB
12473,Sarvodaya Sf Express,ADI,JAT
12474,Sarvodaya Sf Express,JAT,ADI
12478,Jammu Tawi - Jamnagar (Weekly) Sindhu Sf Express,JAT,JAM
12481,Delhi Sriganganagar Intercity,DLI,SGNR
12482,Sriganganagar Delhi Intercity Express,SGNR,DLI
12484,Amritsar - Kochuveli Sf Exp,ASR,KCVL
12493,Bangalore-Hazrat Nizammudin Rajdhani Express,SBC,NZM
12494,Hazrat Nizamuddin-Bangalore Rajdhani Express,NZM,SBC
12501,Guwahati - New Delhi Poorvottar Sampark Kranti Exp,GHY,NDLS
12502,New Delhi - Guwahati Poorvottar Sampark Kranti Exp,NDLS,SCL
12507,Trivandrum - Guwahati Sf Exp,TVC,GHY
12508,Guwahati - Trivandrum Sf Exp,GHY,TVC
12511,Rapti Sagar Express,GKP,TVC
12512,Rapti Sagar Expres,TVC,GKP
12514,Guwahati - Secunderabad Exp,GHY,SC
12519,Mumbai Ltt - Kamakhya Ac Exp,LTT,KYQ
12520,Kamakhya - Mumbai Ltt Ac Exp,KYQ,LTT
12522,Raptisagar Express,ERS,BJU
12527,Mumbai Cst-Latur Superfast Express.,CSTM,LUR
12528,Latur-Mumbai Cst Superfast Express,LUR,CSTM
12535,Lucknow-Raipur Garib Rath Express,LJN,R
12536,Raipur-Lucknow Garib Rath,R,LJN
12537,Bapudham Express,MKI,MUV
12538,Bapudham Express,MUV,MKI
12539,Yesvantpur - Lucknow Sf Exp,YPR,LKO
12540,Lucknow - Yesvantpur Sf Exp,LKO,YPR
12541,Gorakhpur-Mumbai Ltt Sf Express,GKP,LTT
12543,Yesvantpur-Tirupati Tri Weekly Intercity,YPR,TPTY
12544,Tirupati-Yesvantpur Tri Weekly Sf Intercity,TPTY,YPR
12549,Durg - Jammu Tawi Sf Exp,DURG,JAT
12550,Jammu Tawi - Durg Sf Exp,JAT,DURG
12553,Vaishali Sf Express,BJU,NDLS
40003,Chennai Beach Tambaram Emu(12 Car),MSB,TBM
12498,Shan-E-Punjab Express,ASR,NDLS
12505,Guwahati - Delhi Anand Vihar North East Exp,GHY,ANVT
12506,Delhi Anand Vihar - Guwahati North East Exp,ANVT,GHY
12509,Bengaluru - Guwahati (Kaziranga) Sf Express,BNC,GHY
12510,Guwahati - Bengaluru (Kaziranga) Sf Express,GHY,SBC
12515,Rivandrum - Guwahati Exp,TVC,GHY
12516,Guwahati - Trivandrum Central Exp,GHY,TVC
12517,Kolkata - Guwahati Garib Rath Exp,KOAA,GHY
12518,Guwahati - Kolkata Garib Rath Exp,GHY,KOAA
12521,Raptisagar Express,BJU,ERS
12523,New Jalpaiguri-New Delhi Superfast Express,NJP,NDLS
12524,New Delhi New Jalpaiguri Superfast Express,NDLS,NJP
12525,Indrayani Sf Express,CSTM,PUNE
12526,Indrayani Sf Express,PUNE,CSTM
12529,Bhopal-Jabalpur Intercity Express,HBJ,JBP
12530,Jabalpur-Bhopal Intercity,JBP,HBJ
12531,Gorakhpur Lucknow Intercity Express,GKP,LJN
12532,Lucknow Gorakhpur Inter City Express,LJN,GKP
12533,Pushpak Express,LJN,CSTM
12534,Pushpak Express,CSTM,LJN
12545,Raxaul - Mumbai Ltt Karmabhoomi Exp,RXL,LTT
12547,Agra Fort Ahmedabad Tri Weekly Express,AF,ADI
12548,Ahmedabad-Agra Fort Express,ADI,AF
12554,Vaishali Sf Express,NDLS,BJU
12557,Sapt Kranti Sf Express,MFP,ANVT
12558,Sapt Kranti Sf Express,ANVT,MFP
12569,Jaynagar-Delhi Anandvihart Garib Rath,JYG,ANVT
12570,Anand Vihar Terminus-Jaynagar Garib Rath Express,ANVT,JYG
12571,Howrah Prasanti Nilayam Sf Express,HWH,SSPN
12572,Prashanti Nilayam Howrah Sf Express,SSPN,HWH
12573,Sainagarshirdi-Howrah Express,SNSI,HWH
12577,Darbhanga - Mysore Bagmati Sf Exp,DBG,MYS
12578,Mysore - Darbhanga Bagmati Sf Exp,MYS,DBG
12579,Digha- Puri Samudrakanya Express,DGHA,PURI
12581,Pune Bhubaneshwar Express,PUNE,BBS
12582,Bhubaneshwar-Pune Express,BBS,PUNE
12583,Lucknow - Delhi Anand Vihar T Double Decker,LJN,ANVT
12584,Delhi Anand Vihar T - Lucknow Double Decker,ANVT,LJN
12592,Yesvantpur - Gorakhpur Sf Exp,YPR,GKP
12593,Lucknow-Bhopal Garib Rath,LJN,BPL
12594,Bhopal-Lucknow Garib Rath Express,BPL,LJN
12605,Pallavan Superfast Express,MS,TPJ
12606,Pallavan Superfast Express,TPJ,MS
12607,Chennai Central - Bangalore Lalbagh Exp,MAS,SBC
12608,Bangalore - Chennai Central Lalbagh Exp,SBC,MAS
12609,Chennai Cent - Bangalore Sf Intercity Exp,MAS,SBC
40009,Chennai Beach Tambaram Emu(12 Car),MSB,TBM
12556,Gorakhdham Express,HSR,GKP
12559,Shiv Ganga Express,BSB,NDLS
12560,Shiv Ganga Express,NDLS,BSB
12562,Swatantrata Sainani Express,NDLS,DBG
12563,Mumbai Ltt - Faizabad Sf Express,LTT,FD
12564,Faizabad-Mumbai Ltt Sf Express,FD,LTT
12565,Bihar Sampark Kranti Express,DBG,NDLS
12566,Bihar Sampark Kranti Express,NDLS,DBG
12575,Kharagpur Purulia Express,KGP,PRR
12576,Purulia Khargapur Intercity Express,PRR,KGP
12587,Amarnath Express,GKP,JAT
12588,Amarnath Express,JAT,GKP
12589,Gorakhpur-Secunderabad Express,GKP,SC
12590,Secunderabad - Gorakhpur Express,SC,GKP
12601,Chennai Mangalore Mail,MAS,MAQ
12602,Chennai Mail,MAQ,MAS
12603,Chennai - Hyderabad Express,MAS,HYB
12604,Hyderabad - Chennai Express,HYB,MAS
12611,Chennai Central-H.Nizamuddin Garib Rath Express,MAS,NZM
12612,H Nizamuddin-Chennai Garib Rath Express,NZM,MAS
12613,Tippu Express,MYS,SBC
12614,Tippu Express,SBC,MYS
12616,Grandtrunk Express,NDLS,MAS
12620,Mangalore Cent - Mumbai Ltt Matsyagandha Exp,MAQ,LTT
12622,Tamil Nadu Express,NDLS,MAS
12623,Chennai Tiruvananthapuram Sf Mail,MAS,TVC
12625,Kerala Express,TVC,NDLS
12626,Kerala Express,NDLS,TVC
12628,Karnataka Express,NDLS,SBC
12629,Karnataka Sampark Kranti Express,YPR,NZM
12630,Karnataka Sampark Kranti Express,NZM,YPR
12635,Chennai Egmore - Madurai Vaigai Sf Exp,MS,MDU
12637,Chennai Egmore - Madurai Pandiyan Sf Exp,MS,MDU
12638,Madurai - Chennai Egmore Pandiyan Sf Exp,MDU,MS
12640,Bangalore - Chennai Cent Brindavan Exp,SBC,MAS
12643,Swarna Jayanthi Express,TVC,NZM
12644,Swarna Jayanti Express,NZM,TVC
12649,Karnataka Sampark Kranti Express,YPR,NZM
12650,Karnataka Sampark Kranti Express,NZM,YPR
12651,Madurai - Delhi H Nizamuddin Tamil Nadu S Kranti,MDU,NZM
12654,Mangalore Tiruchirappalli Weekly Superfast Express,MAQ,TPJ
12657,Chennai - Bangalore Mail,MAS,SBC
12658,Bangalore - Chennai Mail,SBC,MAS
12662,Sengottai - Chennai Egmore Pothigai Sf Exp,SCT,MS
12664,Tiruchirappalli-Howrah Express,TPJ,HWH
15605,Jorhat Town Intercity Express,GHY,MXN
40011,Chennai Beach Tambaram Emu(12 Car),MSB,TBM
12617,Ernakulam - New Delhi H Nizamuddin Mangala Lakshadweep Exp,ERS,NZM
12618,New Delhi H Nizamuddin - Ernakulam Mangala Lakshadweep Exp,NZM,ERS
12621,Tamil Nadu Express,MAS,NDLS
12627,Karnataka Express,SBC,NDLS
12631,Chennai Egmore - Tirunelveli Nellai Sf Exp,MS,TEN
12632,Tirunelveli - Chennai Egmore Nellai Sf Exp,TEN,MS
12634,Kanniyakumari - Chennai Egmore Sf Exp,CAPE,MS
12639,Chennai Cent - Bangalore Brindavan Exp,MAS,SBC
12642,D H Nizamuddin - Kanyakumari Thirukkural Exp,NZM,CAPE
12645,Millennium Expres,ERS,NZM
12646,Millennium Express,NZM,ERS
12647,Kongu Express,CBE,NZM
12648,Kongu Express,NZM,CBE
12655,Navjeevan Express,ADI,MAS
12656,Navajivan Express,MAS,ADI
12659,Gurudev Express,NCJ,SHM
12660,Shalimar-Nagercoil Gurudev Express,SHM,NCJ
12667,Chennai Egmore - Nagercoil Sf Exp,MS,NCJ
12668,Nagercoil - Chennai Egmore Sf Exp,NCJ,MS
12673,Cheran Express,MAS,CBE
12674,Cheran Express,CBE,MAS
12675,Kovai Express,MAS,CBE
12676,Kovai Express,CBE,MAS
12677,Bangalore City - Ernakulam Intercity Sf Express,SBC,ERS
12678,Ernakulam-Bangalorecity Intercity Express,ERS,SBC
12679,Chennaicentral-Coimbatore Intercity,MAS,CBE
12680,Coimbatore-Chennai Central Intercity Sf Express,CBE,MAS
12681,Chennai-Coimbatore Express,MAS,CBE
12682,Coimbatore-Chennai Express,CBE,MAS
12683,Ernakulam - Bangalore Sf Exp,ERS,SBC
12695,Chennai-Trivandrum Superfast Express,MAS,TVC
12696,Trivandrum-Chennai Superfast Express,TVC,MAS
12697,Chennai-Thiruvananthapuram Express,MAS,TVC
12698,Thiruvananthapuram Central Chennai Central Weekly Express,TVC,MAS
12701,Hussain Sagar Express,CSTM,HYB
12702,Hussain Sagar Express,HYB,CSTM
12703,Howrah - Secunderabad Falaknuma Sf Express,HWH,SC
12704,Falaknuma Express,SC,HWH
12707,Andhra Pradesh Sampark Kranti Express,TPTY,NZM
12708,Andhra Pradesh Sampark Kranti Express,NZM,TPTY
12710,Simhapuri Sf Express,SC,GDR
12711,Pinakini Express,BZA,MAS
12712,Pinakini Express,MAS,BZA
12714,Satavahana Express,SC,BZA
12715,Sachkhand Sf Express,NED,ASR
15718,Mariani-Guwahati Intercity Express,MXN,GHY
40015,Chennai Beach Tambaram Emu(12 Car),MSB,TBM
52473,Pathankot - Joginder Nagar Passenger,PTK,JDNX
12666,Kanyakumari - Kol Howrah Weekly Exp,CAPE,HWH
12669,Chennai Central - Chhapra Ganga Kaveri Exp,MAS,CPR
12670,Chhapra - Chennai Central Ganga Kaveri Exp,CPR,MAS
12671,Nilgiri (Blue Mountain) Express,MAS,MTP
12672,Nilgiri (Blue Mountain) Express,MTP,MAS
12685,Chennai - Mangalore Express,MAS,MAQ
12686,Mangalore - Chennai Express,MAQ,MAS
12687,Chennai Dehradun Express,MAS,DDN
12688,Dehradun Chennai Express,DDN,MAS
12690,Nagercoil - Chennai Sf Exp,NCJ,MAS
12691,Chennai - Ssp Nilayam Sf Exp,MAS,SSPN
12692,Ssp Nilayam - Chennai Sf Exp,SSPN,MAS
12693,Chennai Egmore - Tuticorin Pearl City Sf Exp,MS,TN
12694,Tuticorin - Chennai Egmore Pearl City Sf Exp,TN,MS
12705,Guntur-Secunderabad Sf Intercity,GNT,SC
12706,Secunderabad-Guntur Sf Intercity,SC,GNT
12716,Sachkhand Sf Express,ASR,NED
12719,Ajmer - Hyderabad Deccan Sf Exp,AII,HYB
12720,Hyderabad Deccan - Ajmer Sf Exp,HYB,AII
12725,Siddhaganga Intercity Express,SBC,DWR
12726,Siddhaganga Intercity Express,DWR,SBC
12731,Tirupati-Secunderabad Express,TPTY,SC
12732,Secunderabad-Tirupati Express,SC,TPTY
12733,Narayanadri Express,TPTY,SC
12734,Narayanadri Express,SC,TPTY
12737,Gowthami Sf Express,COA,SC
12738,Secunderabad - Kakinada Gowthami Sf Express,SC,COA
12740,Secunderabad-Visakhapatnam Garib Rath,SC,VSKP
12741,Vasco Da Gama - Patna Sf Exp,VSG,PNBE
12742,Patna - Vasco Da Gama Sf Exp,PNBE,VSG
12747,Palnadu Express,GNT,VKB
12748,Palnadu Express,VKB,GNT
12750,Mumbai Ltt-Visakhapatnam Sf Express,LTT,VSKP
12751,Manuguru-Secunderabad Tri Weekly Sf Express,MUGR,SC
12752,Secunderabad-Manuguru Sf Express,SC,MUGR
12753,Chennai-Newjalpaiguri Sf Express,MAS,NJP
12754,New Jalpaiguri-Chennai Sf Express,NJP,MAS
12763,Padmavati Express,TPTY,SC
12764,Padmavati Express,SC,TPTY
12777,Hubli - Trivandrum Kochuveli Sf Exp,UBL,KCVL
40045,Chennai Beach Tambaramemu,MSB,TBM
52469,Pathankot - Baijnathpaprola Passenger,PTK,BJPL
53448,Bhagalpur Banka Passenger,BGP,BAKA
55010,Chhapra Bhatni Passenger,CPR,BTT
55102,Barhaj Bazar Bhatni Passenger,BHJ,BTT
55103,Bhatani Barhaj Passenger,BTT,BHJ
55118,Bhatni Chhapra Passenger,BTT,SV
55123,Bhatani Manduadih Passenger,BTT,MUV
12717,Ratnachal Sf Express,VSKP,BZA
12718,Ratnachal Sf Express,BZA,VSKP
12721,Dakshin Sf Express,HYB,NZM
12722,Dakshin Sf Express,NZM,HYB
12723,Andhra Pradesh Express,HYB,NDLS
12724,Andhra Pradesh Express,NDLS,HYB
12727,Godavari Sf Express,VSKP,HYB
12728,Godavari Sf Express,HYB,VSKP
12729,Pune-Nanded Express,PUNE,NED
12730,Nanded-Pune Superfast Express,NED,PUNE
12755,Sangrami Sf Expres,MAS,HLZ
12756,Sangrami Expres,HLZ,MAS
12759,Charminar Express,MAS,HYB
12760,Charminar Express,HYB,MAS
12785,Kacheguda-Bangalore Sf Express,KCG,SBC
12789,Rameswaram Kanyakumari Sf Express,RMM,CAPE
12790,Kanyakumari Rameswaram Sf Express,CAPE,RMM
12791,Secunderabad - Danapur Sf Exp,SC,DNR
12792,Danapur - Secunderabad Sf Exp,DNR,SC
12793,Chennai Egmore Madurai Bi-Weekly Superfast Express,MS,MDU
12794,Madurai Chennai Egmore Bi-Weekly Superfast Express,MDU,MS
12802,Purushottam Sf Express,NDLS,PURI
12805,Janmabhoomi Express,VSKP,SC
12806,Janmabhoomi Express,SC,VSKP
12811,Mumbai - Hatia Ltt Sf Exp,LTT,HTE
12812,Hatia - Mumbai Ltt Sf Exp,HTE,LTT
12813,Steel Express,HWH,TATA
12814,Steel Express,TATA,HWH
12816,New Delhi-Puri Superfast Express,NDLS,PURI
12817,Jharkhand Swarna Jayanti Sf Express,HTE,ANVT
12818,Jharkhand Swarna Jayanti Express,ANVT,HTE
12819,Orissa Sampark Kranti Express,BBS,NDLS
12820,Orissa Sampark Kranti Express,NDLS,BBS
12821,Dhauli Express,HWH,PURI
12822,Dhauli Express,PURI,HWH
12827,Howrah Purulia Express,HWH,PRR
12828,Howrah Express,PRR,HWH
12829,Chennai Bhubaneswar Sf Express,MAS,BBS
12830,Bhubaneswar Chennai Superfast Express,BBS,MAS
12831,Dhanbad - Bhubaneswar Garib Rath Exp,DHN,BBS
12832,Bhubaneswar - Dhanbad Garib Rath Exp,BBS,DHN
12833,Ahmedabad - Howrah Sf Exp,ADI,HWH
12834,Howrah - Ahmedabad Sf Exp,HWH,ADI
40017,Chennai Beach Tambaram Emu(12 Car),MSB,TBM
55104,Barhaj Bazar Bhatni Passenger,BHJ,BTT
55117,Siwan Bhatni Passenger,SV,BTT
55121,Bhatni Varanasi Passenger,BTT,BSB
55122,Manduadih Bhatni Passenger,MUV,BTT
55124,Varanasi City- Bhatni Passenger,BCY,BTT
12779,Vasco Da Gama - Delhi H Nizamuddin Goa Exp,VSG,NZM
12780-Slip,H.Nizamuddin Hubli Goa Express Slip,NZM,VSG
12781,Mysore-Nizamuddin Swarna Jayanti Express,MYS,NZM
12787,Bilaspur Tirunelveli Sf Express,BSP,TEN
12788,Tirunelveli Bilaspur Sf Express,TEN,BSP
12801,Purushottam Sf Express,PURI,NDLS
12804,Swarna Jayanti Express,NZM,VSKP
12807,Samata Express,VSKP,NZM
12808,Samata Express,NZM,VSKP
12815,Puri New Delhi Superfast Express,PURI,NDLS
12823,Chhattisgarh Sampark Kranti Express,DURG,NZM
12824,Chhattisgarh Sampark Kranti Express,NZM,DURG
12825,Jharkhand Sampark Kranti Express,RNC,NDLS
12837,Howrah-Puri Express,HWH,PURI
12838,Puri Howrah Express,PURI,HWH
12839,Howrah Chennai Superfast Mail,HWH,MAS
12841,Coromandel Express,HWH,MAS
12842,Coromandel Express,MAS,HWH
12845,Bhubaneswar - Bengaluru Cantt Sf Exp,BBS,BNC
40019,Chennai Beach Tambaram Emu,MSB,TBM
12887,Howrah-Puri Express,HWH,PURI
12886,Aranyak Express,BJE,SHM
12885,Aranyak Express,SHM,BJE
12883,Rupashi Bangla Express,HWH,PRR
12882,Puri Howrah Garib Rath,PURI,HWH
12881,Howrah Puri Garib Rath,HWH,PURI
12872,Titlagarh - Howrah Ispat Exp,TIG,HWH
12873,Jharkhand Swarna Jayanti Express,HTE,ANVT
12874,Jharkhand Swarna Jayanti Express,ANVT,HTE
12875,Puri - New Delhi Neelanchal Sf Exp,PURI,NDLS
12876,New Delhi - Puri Neelanchal Sf Exp,NDLS,PURI
12877,Ranchi-New Delhi Garib Rath,RNC,NDLS
12780,Delhi H Nizamuddin - Vasco Da Gama Goa Exp,NZM,VSG
12843,Puri Ahmedabad Superfast Express,PURI,ADI
12844,Ahmedabad Puri Superfast Express,ADI,PURI
12879,Mumbai Ltt - Bhubaneswar Sf Exp,LTT,BBS
12884,Rupashi Bangla Express,PRR,HWH
12880,Bhubaneswar - Mumbai Ltt Sf Exp,BBS,LTT
12891,Baripada- Bhubaneswar Express,BPO,BBS
12888,Howrah Express,PURI,HWH
12893,Bhubaneswar - Balangir Sf Exp,BBS,BLGR
12892,Bhubaneswar Baripada Sf Express,BBS,BPO
12895,Kolkata-Puri Express,HWH,PURI
12894,Balangir - Bhubaneswar Sf Exp,BLGR,BBS
12897,Puducherry-Bhubaneswar Express,PDY,BBS
12896,Puri-Howrah Express,PURI,HWH
12903,Golden Temple Mail,BCT,ASR
12898,Bhubaneswar-Puducherry Superfast Express,BBS,PDY
12908,Maharashtra Sampark Kranti Express,NZM,BDTS
12906-Slip,Howrah-Porbandar Sf Express Slip,HWH,OKHA
12911,Valsad-Haridwar Exp,BL,HW
12910,H.Nizamuddin-Bandra Terminus Garib Rath Express,NZM,BDTS
12913,Indore-Nagpur Weekly Express,INDB,NGP
12912,Haridwar Valsad Superfast Express,HW,BL
12919,Malwa Express,INDB,JAT
12914,Nagpur-Indore Weekly Express,NGP,INDB
12921,Flying Rani Express,BCT,ST
12920,Malwa Express,JAT,INDB
12923,Indore Nagpur Express,INDB,NGP
12922,Flying Rani Express,ST,BCT
12925,Paschim Express,BDTS,ASR
12924,Indore Express,NGP,INDB
12925-Slip,Paschim Express Slip,BDTS,ASR
12926,Paschim Express,ASR,BDTS
12927,Mumbai Central -Vadodara Express,BCT,BRC
12928,Vadodara - Mumbai Central Express,BRC,BCT
12929,Valsad Dahod Intercity Express,BL,DHD
12930,Dahod Valsad Intercity Express,DHD,BL
12935,Bandra Surat Intercity Express,BDTS,ST
12936,Surat Bandra Intercity Express,ST,BDTS
12937,Gandhidham - Howrah Garbha Exp,GIMB,HWH
12938,Howrah - Gandhidham Garbha Exp,HWH,GIMB
12939,Pune-Jaipur Sf Express,PUNE,JP
12940,Jaipur-Pune Sf Express,JP,PUNE
40025,Chennai Beach Tambaramemu (12 Car),MSB,TBM
58115,Ckp Rou Saranda Passenger,CKP,ROU
12901,Gujarat Mail,BCT,ADI
12902,Gujarat Mail,ADI,BCT
12907,Maharashtra Sampark Kranti Express,BDTS,NZM
12909,Bandra Terminus- Hazrat Nizamuddin Garib Rath,BDTS,NZM
12915,Ashram Sf Express,ADI,DLI
12916,Ashram Sf Express,DLI,ADI
12917,Gujarat Sampark Kranti Express,ADI,NZM
12933,Karnavati Express,BCT,ADI
12934,Karnavati Express,ADI,BCT
12943,Valsad-Kanpur Udyogkarmi Express,BL,CNB
12944,Kanpur-Valsad Udyogkarmi Express,CNB,BL
12945,Surat - Mahuva Sf Exp,ST,MHV
12947,Azimabad Express,ADI,PNBE
12948,Azimabad Express,PNBE,ADI
12949,Porbandar - K Santraganchi Kavi Guru Sf Exp,PBR,SRC
12951,Mumbai Central-New Delhi Rajdhani Express,BCT,NDLS
12955,Mumbai-Jaipur Sf Express,BCT,JP
12956,Jaipur-Mumbai Sf Express,JP,BCT
12959,Mumbai Dadar - Bhuj Sf Exp,DDR,BHUJ
12960,Bhuj - Mumbai Dadar Sf Exp,BHUJ,DDR
12961,Avantika Express,BCT,INDB
12962,Avantika Express,INDB,BCT
12965,Gwalior Udaipur Express,GWL,UDZ
12966,Udaipur Gwalior Express,UDZ,GWL
12967,Chennai-Jaipur Sf Express,MAS,JP
12968,Jaipur-Chennai Sf Express,JP,MAS
12969,Coimbatore-Jaipur Express,CBE,JP
12970,Jaipur-Coimbatore Express,JP,CBE
12971,Bhavnagar Express,BDTS,BVC
12973,Indore-Jaipur Sf Express,INDB,JP
12974,Jaipur Indore Sf Express,JP,INDB
12975,Mysore-Jaipur Sf Express,MYS,JP
12976,Jaipur-Mysore Sf Express,JP,MYS
12977,Ernakulam - Ajmer Marusagar Exp,ERS,AII
12978,Ajmer - Ernakulam Marusagar Exp,AII,ERS
12979,Mumbai Bandra (T.) - Jaipur (Tri-Weekly) Sf Exp,BDTS,JP
12981,Chetak Express,DEE,UDZ
12982,Chetak Express,UDZ,DEE
12983,Ajmer-Chandigarh Garibrath Express,AII,CDG
12984,Chandigarh-Ajmer Garibrath,CDG,AII
12988,Ajmer Sealdah Express,AII,SDAH
12989,Dadar Ajmer Superfast Express,DDR,AII
12990,Ajmer-Dadar Sf Express,AII,DDR
12991,Udaipur-Ajmer Express,UDZ,AII
12992,Ajmer Udaipur Express,AII,UDZ
40027,Chennai Beach Tambaramemu (12 Car),MSB,TBM
40033,Chennai Beach Tambaramemu (12 Car),MSB,TBM
40055,Chennai Beach Tambaramemu,MSB,TBM
58610,Chakradharpur Tatanagar Passenger,CKP,TATA
12941,Ahmedabad-Asansol (Weekly) Sf Parasnath Express,ADI,ASN
12942,Asansol Ahmedabad (Weekly) Sf Express,ASN,ADI
12954,August Kranti Rajdhani Express,NZM,BCT
12957,Ahmadabad-New Delhi Swarna Jayanti Rajdhani Expres,ADI,NDLS
12958,New Delhi-Ahmedabad Swarna Jayanti Rajdhani Expres,NDLS,ADI
12963,Mewar Express,NZM,UDZ
12964,Mewar Express,UDZ,NZM
12995,Bandra-Udaipur Sf Express,BDTS,UDZ
12996,Udaipur Bandra Sf Express Slip,UDZ,BDTS
12997,Tirunelveli - Hapa (Biweekly) Sf Express,TEN,HAPA
12998,Hapa-Tirunelveli Express,HAPA,TEN
13005,Howrah-Amritsar Mail,HWH,ASR
13007,Udyan Abha Toofan Express,HWH,SGNR
13008-Slip,Udyan Abha Toofan Express Slip,SGNR,KLK
13009,Doon Express,HWH,DDN
13009-Slip,Doon Express Slip,HWH,KTW
13010,Doon Express,DDN,HWH
13011,Intercity Express,HWH,MLDT
13012,Intercity Express,MLDT,HWH
13015,Howrah Bolpur Kaviguru Express,HWH,BHP
13017,Ganadevta Express,HWH,AZ
13018,Ganadevta Express,AZ,HWH
13019,Bagh Express,HWH,KGM
13020,Bagh Express,KGM,HWH
13021,Mithila Express,HWH,RXL
13022,Mithila Express,RXL,HWH
13023,Howrah-Gaya Express,HWH,GAYA
13025,Howrah-Bhopal Express,HWH,BPL
13026,Bhopal-Howrah Express,BPL,HWH
13027,Kaviguru Express,HWH,AZ
13028,Kaviguru Express,AZ,HWH
13039,Howrah-Rajgir Express Slip,HWH,RGD
13040,Janata Express,DLI,HWH
13049,Howrah-Amritsar Express,HWH,ASR
13050,Amritsar Howrah Express,ASR,HWH
13051,Hool Express,HWH,SURI
13052,Hool Express,SURI,HWH
13054,Siuri-Howrah Intercity Express,SURI,HWH
13072,Howrah Express,JMP,HWH
13104,Bhagirathi Express,LGL,SDAH
13105,Sealdah-Ballia Express,SDAH,BUI
13106,Ballia-Sealdah Express,BUI,SDAH
13107,Maitree Express Br,DHCA,KOAA
13108,Maitree Express Br,KOAA,DHCA
13109,Maitree Express Ir,KOAA,DHCA
13110,Maitree Express,DHCA,KOAA
13111,Lal Quila Express,KOAA,DLI
13111-Slip,Lal Quila Express Slip,KOAA,GRD
40035,Chennai Beach Tambaramemu (12 Car),MSB,TBM
40059,Chennai Beach Tambaramemu,MSB,TBM
13008,Udyan Abha Toofan Express,MGS,HWH
13013,Barddhaman Rampurhat Tri-Weekly Express,BWN,RPH
13014,Rampurhat-Barddhaman Tri-Weekly Express,RPH,BWN
13016,Bolpur-Howrah Kavi Guru Express,BHP,HWH
13024,Gaya-Howrah Express,GAYA,HWH
13112,Lal Quila Express,DLI,KOAA
13113,Hazarduari Express,KOAA,LGL
13114,Hazarduari Express,LGL,KOAA
13117,Kolkata Berhampore Court Express,KOAA,BPC
13118,Berhampore Court Kolkata Express,BPC,KOAA
13133,Sealdah-Varanasi Express,SDAH,BSB
13134,Varanasi- Sealdah Express,BSB,SDAH
13141,Testa Torsa Express,SDAH,NOQ
13141-Slip,Testa Torsa Express Slip,SDAH,HDB
13142,Teesta Torsa Express,NOQ,SDAH
13145,Radhikapur Express,KOAA,RDP
13146,Radhikapur Express,RDP,KOAA
13147,Uttar Banga Express,SDAH,NCB
13148,Uttar Banga Express,NCB,SDAH
13149,Kanchan Kanya Express,SDAH,APDJ
13150,Kanchan Kanya Express,APDJ,SDAH
13152,Jammutawi-Kolkata Chitpur Express,JAT,KOAA
13153-Slip,Gour Express Slip,SDAH,BLGT
13154,Malda Town-Sealdah Gour Express,MLDT,SDAH
13156,Sitamarhi - Kolkata Chitpur Mithilanchal Exp,SMI,KOAA
13159,Kolkata Chitpur - Jogbani Exp,KOAA,JBN
13160,Jogbani - Kolkata Chitpur Exp,JBN,KOAA
13161,Kolkata Chitpur - Balurghat Tebhaga Exp,KOAA,BLGT
13162,Balurghat - Kolkata Chitpur Tebhaga Exp,BLGT,KOAA
13163,Hatey Bazare Express,SDAH,SHC
13164,Hatey Bazare Express,SHC,SDAH
13185,Ganga Sagar Express,SDAH,JYG
13186,Ganga Sagar Express,JYG,SDAH
13188,Rampurhat- Sealdah Express,RPH,SDAH
13202,Mumbai Ltt - Rajendra Nagar Patna Janta Exp,LTT,RJPB
13225,Jaynagar-Danapur Intercity,JYG,DNR
13226,Danapur-Jaynagar Intercity,DNR,JYG
13233,Rajgriha Express,RGD,DNR
13234,Rajgriha Express,DNR,RGD
13237,Patna Mathura Express,PNBE,MTJ
13238,Mathura Patna Express,MTJ,PNBE
13239,Patna Mathura Express,PNBE,MTJ
13240,Mathura Patna Express,MTJ,PNBE
13241,Banka Patna Express,BAKA,RJPB
13242,Patna Banka Express,RJPB,BAKA
13243,Patna Dehri On Sone Intercity Express,PNBE,DOS
13248,Rajendra Nagar - Guwahati Capital Exp,RJPB,GHY
19321,Indore-Rajendranagar Express,INDB,RJPB
40037,Chennai Beach Tambaramemu (12 Car),MSB,TBM
13235,Sahibganj-Danapur Intercity,SBG,DNR
13236,Danapur-Sahibganj Intercity,DNR,SBG
13244,Dehri On Sone Patna Intercity Express,DOS,PNBE
13246,Capital Express,DNR,NJP
13247,Guwahati - Rajendra Nagar Capital Exp,GHY,RJPB
13251,Islampur Rajendra Nagar Express,IPR,RJPB
13252,Rajendra Nagar Islampur Express,RJPB,IPR
13287,Durg - Rajendra Nagar South Bihar Exp,DURG,RJPB
13288,Rajendra Nagar Bihar - Durg South Bihar Exp,RJPB,DURG
13301,Suvarna Rekha Express,DHN,TATA
13302,Suvarna Rekha Express,TATA,DHN
13304,Dhanbad Intercity Express,RNC,DHN
13305,Dhanbad-Gaya Intercity,DHN,GAYA
13306,Gaya-Dhanbad Intercity,GAYA,DHN
13307,Ganga Sutlej Express,DHN,FZR
13308,Ganga Sutlej Express,FZR,DHN
13317,Black Diamond Express,HWH,DHN
13319,Baidyanthdham-Ranchi Express,BDME,RNC
13320,Ranchi-Baidyanathdham Express,RNC,BDME
13329,Ganga Damodar Express,DHN,PNBE
13330,Ganga Damodar Express,PNBE,DHN
13331,Dhanbad Patna Express,DHN,PNBE
13332,Patna Dhanbad Express,PNBE,DHN
13345,Varanasi-Singrauli Intercity,BSB,SGRL
13347,Palamau Express,BRKA,PNBE
13348,Palamau Express,PNBE,BRKA
13352,Alappuzha - Dhanbad (Bokaro) Express,ALLP,DHN
13404,Vananchal Express,BGP,RNC
13413,Farakka Express,MLDT,DLI
13414,Farakka Express,DLI,MLDT
13415,Malda Patna Express,MLDT,PNBE
13416,Patna-Malda Express,PNBE,MLDT
13419,Jan Sewa Express,BGP,MFP
13421,Nabadwipdham Malda Express,NDAE,MLDT
13422,Malda Nabadwipdham Express,MLDT,NDAE
13465,Intercity Express,HWH,MLDT
13466,Intercity Express,MLDT,HWH
13483,Farakka Express,MLDT,DLI
13484,Farakka Express,DLI,MLDT
13501,Haldia-Asansol Express,HLZ,ASN
40039,Chennai Beach Tambaramemu (12 Car),MSB,TBM
40041,Chennai Beach Tambaramemu (12 Car),MSB,TBM
40043,Chennai Beach Tambaramemu,MSB,TBM
40047,Chennai Beach Tambaramemu (12 Car),MSB,TBM
40049,Chennai Beach Tambaramemu (12 Car),MSB,TBM
40051,Chennai Beach Tambaramemu (12 Car),MSB,TBM
40053,Chennai Beach Tambaramemu (12 Car),MSB,TBM
56842,Erode Tiruchchirapalli Passenger,ED,TPJ
56860,Villupuram Tambaram Passenger,VM,TBM
12259,Sealdah-New Delhi Ac Duronto Express,SDAH,NDLS
13346,Singrauli-Varanasi Intercity,SGRL,BSB
13502,Asansol Haldia Express,ASN,HLZ
13504,Asansol-Sealdah Intercity Express,ASN,SDAH
13506,Asansol Digha Express,ASN,DGHA
13507,Asansol-Gorakhpur Express,ASN,GKP
13509,Asansol-Gonda Express,ASN,GD
13510,Gonda-Asansol Express,GD,ASN
14001,Old Delhi - Atari Shyam Singh Samjhauta Exp,DLI,ATT
14002,Atari Shyam Singh - Old Delhi Samjhauta Exp,ATT,DLI
14004,New Delhi-New Farakka Express,NDLS,NFK
14005,Lichhavi Express,SMI,ANVT
14006,Lichhavi Express,ANVT,SMI
14007,Muzaffarpur-Old Delhi Sadbhavna Express,MFP,DLI
14008,Old Delhi-Muzaffarpur Sadbhavana Express,DLI,MFP
14009,Patalkot Express,CWA,DEE
14010,Patalkot Express,DEE,CWA
14011,Kathgodam-Anand Vihar Ac Express,KGM,ANVT
14012,Anand Vihar-Kathgodam Ac Express,ANVT,KGM
14013,Sadbhavna Express,SLN,DLI
14014,Sadbhavna Express,DLI,SLN
14015,Sadbhavna Express,RXL,DLI
14016,Sadbhavana Express,DLI,RXL
14017,Sadbhavna Express,MFP,DLI
14018,Sadbhavana Expres,DLI,MFP
14020,Delhi Sr Chhindwara Kanhan Valley Express,DEE,CWA
14033,Jammu Mail,DLI,UHP
14034,Jammu Mail,UHP,DLI
14035,Dhauladhar Express,DLI,PTK
14036,Dhauladhar Express,PTK,DLI
14037,Delhi-Pathankot Express,DLI,PTK
14038,Pathankot Delhi Express,PTK,DLI
14041-Slip,Mussoorie Express Slip,DEE,KTW
14042,Dehradun - Delhi Sarai Rohilla Mussoorie Exp,DDN,DEE
14043,Kotdwar - Old Delhi Garhwal Exp,KTW,DLI
14044,Old Delhi - Kotdwar Garhwal Exp,DLI,KTW
14056,Old Delhi - Dibrugarh Brahmaputra Exp,DLI,DBRG
14083,Sikkim Mahananda Express,APDJ,DLI
14084,Sikkim Mahananda Express,DLI,APDJ
14085,Haryana Express,TKJ,SSA
14086,Haryana Express,SSA,TKJ
14095,Himalayan Queen,DEE,KLK
14096,Himalayan Queen,KLK,DEE
14096-Slip,Himalayan Queen Slip,KLK,BNW
14109,Chitrakoot Kanpur Express,CKTD,CNB
14110,Kanpur Chitrakoot Express,CNB,CKTD
14114,Link Express,DDN,ALD
40057,Chennai Beach Tambaramemu (12 Car),MSB,TBM
51672,Katni - Itarsi Fast Passenger,KTE,ET
12343,Darjeeling Mail,SDAH,NJP
12483,Kochuveli - Amritsar Sf Exp,KCVL,ASR
14119,Kathgodam Dehradun Express,KGM,DDN
14120,Dehradun Kathgodam Express,DDN,KGM
14123,Pratapgarh Kanpur Intercity Express,PBH,CNB
14124,Kanpur Pratapgarh Intercity Express,CNB,PBH
14126,Saryu Express,FD,ALD
14163,Sangam Express,ALD,MTC
14163-Slip,Sangam Express Slip,ALD,DDN
14164,Sangam Express,MTC,ALD
14201,Jaunpur-Rae Bareliy Express,JNU,RBL
14203,Varanasi Lucknow Intercity Express,BSB,LKO
14204,Lucknow Varanasi Intercity Express,LKO,BSB
14205,Faizabad Delhi Express,FD,DLI
14206,Delhi-Faizabad Express,DLI,FD
14207,Padmavat Express,PBH,DLI
14208,Padmavat Express,DLI,PBH
14210,Lucknow-Vindhyachal Intercity,LKO,BDL
14211,Agra-New Delhi Intercity Express,AGC,NDLS
14212,Newdelhi-Agra Intercity Express,NDLS,AGC
14213,Varanasi-Gonda Intercity Express,BSB,GD
14214,Gonda-Varanasi Intercity Express,GD,BSB
14215,Ganga Gomti Express,ALD,LKO
14216,Ganga Gomti Express,LKO,ALD
14217,Unchahar Express,ALD,CDG
14227,Varuna Express,BSB,LKO
14228,Varuna Express,LKO,BSB
14235,Varanasi Bareilly Express,BSB,BE
14236,Bareilly Varanasi Express,BE,BSB
14257,Kashi Vishwanath Express,BSB,NDLS
14258,Kashi Vishwanath Express,NDLS,BSB
14259,Mughal Sarai - Lucknow Ekatmata Exp,MGS,LKO
14265,Varanasi Dehradun Janata Express,BSB,DDN
14265-Slip,Varanasi-Ramnagar Express Slip,BSB,RMR
14266,Dehradun Varanasi Janata Express,DDN,BSB
14307,Bareilly Express,PRG,BE
14308,Bareilly-Prayag Passenger,BE,PRG
14309,Ujjaini Express,UJN,DDN
14310,Ujjaini Express,DDN,UJN
14311,Bareilly - Bhuj Ala Hazrat Exp,BE,BHUJ
14314,Bareilly - Mumbai Ltt Weekly Exp,BE,LTT
14315,Bareilly-Newdelhi Intercity,BE,NDLS
14316,Newdelhi-Bareilly Intercity,NDLS,BE
14317,Indore - Dehradun Exp,INDB,DDN
14318,Dehradun - Indore Exp,DDN,INDB
14321,Bareilly - Bhuj Ala Hazrat Exp,BE,BHUJ
19131,Mumbai Bandra - Bhuj Kutch Exp,BDTS,BHUJ
40107,Chennai Beach Tambaram Emu,MSB,TBM
40555,Chennai Beach Chengalpet Semi Fast Emu,MSB,CGL
14322,Bhuj - Bareilly Ala Hazrat Exp,BHUJ,BE
14323,New Delhi-Rohtak Express,NDLS,ROK
14324,New Delhi Express,ROK,NDLS
14369,Tribeni Express,SGRL,BE
14370,Triveni Express,BE,SGRL
14370-Slip,Triveni Express Slip,BE,BRWD
14511-Slip,Allahabad-Saharanpur Nauchandi Express Slip,ALD,KRJ
14512,Saharanpur-Allahabad Nauchandi Express,SRE,ALD
14519,Kissan Express,DLI,BTI
14520,Kisan Express,BTI,DLI
14524,Harihar Express,UMB,MFP
14525,Ambala Cantt-Shri Ganganagar Intercity Express,UMB,SGNR
14526,Shri Ganganagar-Ambala Cantt Intercity Express,SGNR,UMB
14545,Farukhnagar Saharanpur Express,FN,SRE
14546,Saharanpur Farukhnagar Express,SRE,FN
14553,Himachal Express,DLI,UHL
14554,Himachal Express,UHL,DLI
14555,Bareilly-Delhi Express,BE,DLI
14556,Delhi-Bareilly Express,DLI,BE
14603,Saharsa - Amritsar Jan Sadharan Exp,SHC,ASR
14607,Amritsar Atari Samjhauta Express,ASR,ATT
14608,Atari Amritsar Samjhauta Express,ATT,ASR
14609,Hemkunt Express,RKSH,JAT
14610,Hemkunt Express,JAT,RKSH
14629,Ludhiana Firozpur Sutlej Express,LDH,FZR
14630,Firozpur Ludhiana Sutlej Express,FZR,LDH
14631,Dehradun Amritsar Express,DDN,ASR
14632,Amritsar Dehradun Express,ASR,DDN
14633,Ravi Express,ASR,PTK
14634,Ravi Express,PTK,ASR
14645,Shalimar Express,DLI,JAT
14646,Shalimar Express,JAT,DLI
14650,Saryu Yamuna Express,ASR,JYG
14659-Slip,Delhi-Jaisalmer Express Slip,DLI,BME
14660,Jaisalmer Delhi Express,JSM,DLI
14661,Delhi Barmer Link Express,JU,BME
14662,Barmer-Delhi Malani Express,BME,DLI
14673,Shaheed Express,JYG,ASR
14674,Shaheed Express,ASR,JYG
14681,New Delhi-Jalandhar Express,NDLS,JUC
14682,Jalandhar Ndls Express,JUC,NDLS
14701,Jaisalmer-Bikaner Express,JSM,BKN
14702,Bikaner-Jaisalmer Express,BKN,JSM
14703,Bikaner Express,JSM,LGH
14704,Jaisalmer Express,LGH,JSM
14705,Delhi Sarai Rohilla Sadulpur Express,DEE,SDLP
14706,Sadulpur Delhi Sarai Rohilla Express,SDLP,DEE
15011,Lucknow - Chandigarh Exp,LJN,CDG
15012,Chandigarh - Lucknow Exp,CDG,LJN
13103,Bhagirathi Express,SDAH,LGL
13245,Capital Express,NJP,DNR
14708,Mumbai Bandra - Bikaner Ranakpur Exp,BDTS,BKN
14711,Haridwar Shri Ganganagar Intercity Express,HW,SGNR
14712,Shriganganagar Haridwar Express,SGNR,HW
14723,Kalindi Express,CNB,BNW
14724,Kalindi Express,BNW,CNB
14731,Delhi Bhatinda Intercity Express,DLI,BTI
14732,Bhatinda Delhi Express,BTI,DLI
14795,Ekta Express,BNW,KLK
14796,Ekta Express,KLK,BNW
14801,Jodhpur Gandhidham Express,JU,GIMB
14802,Gandhidham Jodhpur Express,GIMB,JU
14809,Jaisalmer Jodhpur Express,JSM,JU
14810,Jaisalmer Express,JU,JSM
14853,Marudhar Express,BSB,JU
14854,Marudhar Express,JU,BSB
14863,Marudhar Express,BSB,JU
14864,Marudhar Express,JU,BSB
14865,Marudhar Express,BSB,JU
14866,Marudhar Express,JU,BSB
14887-Slip,Kalka - Sriganganar Express (Slip),KLK,SGNR
14887S,Kalka Barmer Express Slip,KLK,BME
14888,Barmer-Kalka Express,BME,KLK
14889,Thar Link Express,BGKT,MBF
14890,Thar Link Express,MBF,BGKT
15001,Rapti Ganga Express,MFP,DDN
15002,Rapti Ganga Express,DDN,MFP
15004,Chauri Chaura Express,GKP,CPA
15005,Rapti Ganga Express,GKP,DDN
15006,Rapti Ganga Express,DDN,GKP
15007,Krishak Express,MUV,LJN
15009,Chitrakoot Express,LJN,JBP
15010,Chitrakoot Express,JBP,LJN
15013,Ranikhet Express,DLI,KGM
15013-Slip,Ranikhet Express Slip,DLI,RMR
15014,Ranikhet Express,KGM,DLI
15016,Yesvantpur - Gorakhpur Exp,YPR,GKP
15018,Gorakhpur - Mumbai Ltt Kashi Exp,GKP,LTT
15018-Slip,Gorakhpur -Kolhapur Slip,GKP,KOP
15019,Gorakhpur Nautanwa Express,GKP,NTV
15020,Gorakhpur Nautanwa Express,NTV,GKP
15021,Kolkata Shalimar-Gorakhpur Bhojpuri Express,SHM,GKP
15022,Bhojpuri Express,GKP,SHM
15023,Gorakhpur - Yesvantpur Exp,GKP,YPR
15035,Uttarakhand Sampark Kranti Express,DLI,KGM
15035-Slip,Uttarakhand Sampark Kranti Express Slip,DLI,RMR
15236,Darbhanga-Howrah Express,DBG,HWH
41057,Chennai Beach Velachery Emu,MSB,VLCY
41501,Chennai Beach Velachery Emu,MSB,VLCY
14649,Saryu Yamuna Express,JYG,ASR
15003,Chauri Chaura Express,CPA,GKP
15008,Krishak Express,LJN,MUV
15027,Maurya Express,HTE,GKP
15028,Maurya Express,GKP,HTE
15037,Kanpur Kasganj Express,CNB,KSJ
15038,Kasganj Kanpur Express,KSJ,CNB
15039,Farrukhabad Kasganj Express,FBD,KSJ
15040,Farrukhabad Express,KSJ,FBD
15041,Farrukhabad Kasganj Express,FBD,KSJ
15042,Farrukhabad Express,KSJ,FBD
15045,Gorakhpur-Okha Express,GKP,OKHA
15046,Okha-Gorakhpur Express,OKHA,GKP
15047,Purvanchal Express,KOAA,GKP
15048,Purvanchal Express,GKP,KOAA
15049,Poorvanchal Express,KOAA,GKP
15050,Poorvanchal Express,GKP,KOAA
15051,Poorvanchal Express,KOAA,GKP
15052,Gorakhpur Kolkata Express,GKP,KOAA
15097,Barauni-Jammu Amarnath Express,BJU,JAT
15098,Jammu-Barauni Amarnath Express,JAT,BJU
15101,Chhapra-Mumbai Jansadharan Express,CPR,CSTM
15102,Mumbai Cst Chhapra Jansadharan Express,CSTM,CPR
15103,Gorakhpur Manduadih Intercity Express,GKP,MUV
15104,Manduadih Gorakhpur Intercity,MUV,GKP
15105,Chhapra Gorakhpur Intercity Express,CPR,GKP
15106,Gorakhpur Chhapra Intercity Express,GKP,CPR
15107,Chhapra Mathura Express,CPR,MTJ
15108,Mathura Chhapra Express,MTJ,CPR
15109,Budhpurnima Express,RGD,BSB
15110,Budhpurnima Express,BSB,RGD
15159,Sarnath Express,CPR,DURG
15160,Sarnath Express,DURG,CPR
15201,Hajipur Raxaul Intercity,HJP,RXL
15203,Barauni-Lucknow Express,BJU,LJN
15209,Saharsa - Amritsar Jan Seva Exp,SHC,ASR
15210,Amritsar - Saharsa Jan Seva Exp,ASR,SHC
15211,Darbhanga - Amritsar Jan Nayak Exp,DBG,ASR
15215,Muzaffarpur-Narkatiaganj Express,MFP,NKE
15216,Narkatiaganj-Muzaffarpur Express,NKE,MFP
15228,Muzaffarpur - Yesvantpur Weekly Exp,MFP,YPR
15267,Raxaul - Mumbai Ltt Jan Sadharan Exp,RXL,LTT
15273,Satyagraha Express,RXL,DLI
15274,Satyagraha Express,DLI,RXL
15283,Janaki Express,SHC,JYG
15284,Janaki Express,JYG,SHC
15320,Aishbagh - Palia Kalan Exp,ASSH,PLK
15322,Kapilavastu Express,GD,ANDN
15902,Dibrugarh - Bengaluru City Weekly Exp,DBRG,SBC
15204,Lucknow-Barauni Express,LJN,BJU
15269,Muzaffarpur - Ahmedabad Jan Sadharan Exp,MFP,ADI
15272,Muzzafarpur-Howrah Jansadharan Express,MFP,HWH
15275,Saharsa-Barauni Express,SHC,BJU
15276,Barauni-Saharsa Express,BJU,SHC
15279,Poorbiya Express,SHC,ANDI
15280,Poorabiya Express,ANDI,SHC
15281,Kosi Express,SHC,PNBE
15282,Kosi Express,PNBE,SHC
15307,Nainital Express,LKU,ASH
15308,Nainital Express,ASH,LKU
15308-Slip,Nainital Express Slip,ASH,TPU
15309,Rohilkhand Express,KSJF,ASH
15310,Rohilkhand Express,ASH,KSJF
15311,Kumaon Express,KSJF,LKKA
15312,Kumaun Express,LKKA,KSJF
15313,Aishbagh Bareilly Express,ASH,BRY
15314,Aishbagh Express,BRY,ASH
15315,Gonda-Kasganj Gokul Express,GD,KSJ
15316,Kasganj-Gonda Gokul Express,KSJ,GD
15319,Palia Kalan - Aishbagh  Exp,PLK,ASSH
15321,Kapilavastu Express,ANDN,GD
15603,Guwahati Ledo Intercity Express,GHY,LEDO
15604,Ledo Guwahati Intercity Express,LEDO,GHY
15606,Guwahati Intercity Express,MXN,GHY
15609,Awadh Assam Express,GHY,LGH
15609-Slip,Jivachh Link Express,GHY,DBG
15610,Awadh Assam Express,LGH,GHY
15611,Lokmanya Tilak (T)-Kamakhya Karmabhoomi Express,LTT,KYQ
15612,Kamakhya-Mumbai Ltt Karmabhoomi Express,KYQ,LTT
15620,Kamakhya - Gaya Weekly Exp,KYQ,GAYA
15629,Chennai Egmore - Guwahati Exp,MS,GHY
15630,Guwahati - Chennai Egmore Exp,GHY,MS
15631,Barmer - Guwahati Exp,BME,GHY
15632,Guwahati - Barmer Exp,GHY,BME
15635,Okha - Guwahati Exp,OKHA,GHY
15636,Guwahati - Okha Dwarka Exp,GHY,OKHA
15639,Puri - Guwahati Exp,PURI,GHY
15643,Puri - Kamakhya Weekly Express,PURI,KYQ
15644,Kamakhya - Puri Weekly Spl,KYQ,PURI
15669,Nagaland Express,KYQ,DMV
15670,Nagaland Express,DMV,KYQ
15691,Cachar Express,LMG,SCL
15714,Intercity Express,PNBE,KIR
15743,Intercity Express,APDJ,KYQ
15771,Alipurduar-Kamakhya Intercity Express,APDJ,KYQ
15772,Kamakhya-Alipurduar Intercity Express,KYQ,APDJ
22602,Sainagar Shirdi - Chennai Cent Sf Exp,SNSI,MAS
51631,Bhopal Bina Passenger,BPL,BINA
13508,Gorakhpur-Asansol Express,GKP,ASN
15645,Mumbai Ltt - Guwahati Exp,LTT,GHY
15646,Guwahati - Mumbai Ltt Exp,GHY,LTT
15647,Mumbai Ltt - Guwahati Exp,LTT,GHY
15648,Guwahati - Mumbai Ltt Exp,GHY,LTT
15652,Jammu Tawi - Guwahati Lohit Exp,JAT,GHY
15654,Jammu Tawi - Guwahati Amarnath Exp,JAT,GHY
15658,Guwahati - Kolkata Sealdah Kanchanjungha Exp,GHY,SDAH
15661,Ranchi - Kamakhya Exp,RNC,KYQ
15662,Kamakhya - Ranchi Exp,KYQ,RNC
15665,Guwahati-Dimapur Express,GHY,DMV
15666,Dimapur-Guwahati Express,DMV,GHY
15667,Gandhidham - Kamakhya Exp,GIMB,KYQ
15668,Kamakhya - Gandhidham Exp,KYQ,GIMB
15692,Cachar Express,SCL,LMG
15693,Barak Valley Express,LMG,SCL
15694,Barak Valley Express,SCL,LMG
15695,Lumding Agartala Express,LMG,AGTL
15696,Agartala Lumding Express,AGTL,LMG
15713,Intercity Express,KIR,PNBE
15715,Garib Nawaz Express,KNE,AII
15716,Garib Nawaz Express Slip,AII,KNE
15716-Slip,Garib Nawaz Express,AII,RDP
15717,Guwahati Mariani Intercity Express,GHY,MXN
15719,Katihar Sguj Intercity Express,KIR,SGUJ
15720,Siliguri Katihar Intercity Express,SGUJ,KIR
15721,Paharia Express,DGHA,NJP
15722,Paharia Express,NJP,DGHA
15723,Newjalpaiguri-Darbhanga Weekly Express,NJP,DBG
15724,Darbhanga-Newjalpaiguri Weekly Express,DBG,NJP
15764,Newjalpaiguri-Balurghat Intercity Express,NJP,BLGT
15765,New Jalpaiguri Alipur Duar Intercity Express,NJP,APDJ
15766,Alipur Duar-New Jalpaiguri Intercity Express,APDJ,NJP
15767,New Jalpaiguri-Alipur Duar Intercity Express,NJP,APDJ
15768,Alipurduar Jn-New Jalpaiguri Intercity Express,APDJ,NJP
15769,Alipurduar Lumding Express,APDJ,LMG
15770,Lumding Alipurduar Express,LMG,APDJ
15903,Dibrugarh-Chandigarh Weekly Express,DBRG,CDG
15904,Chandigarh-Dibrugarh Weekly Express,CDG,DBRT
16053,Tirupati Express,MAS,TPTY
16054,Chennai Express,TPTY,MAS
16057,Saptagiri Express,MAS,TPTY
16058,Saptagiri Express,TPTY,MAS
16093,Chennai Lucknow Express,MAS,LKO
16094,Lucknow Chennai Express,LJN,MAS
16203,Garudadri Express,MAS,TPTY
16204,Garudadri Express,TPTY,MAS
55201,Narkatiaganj Gorakhpur Passenger,NKE,GKP
15640,Guwahati - Puri Exp,GHY,PURI
15905,Kanniyakumari - Dibrugarh Vivek Exp,CAPE,DBRG
15906,Dibrugarh - Kanniyakumari Vivek Exp,DBRG,CAPE
15927,Kamakhya Dibrugarh Express,KYQ,DBRG
15928,Dibrugarh Kamakhya Express,DBRG,KYQ
15929,Chennai Egmore - Dibrugarh Weekly Exp,MS,DBRG
15930,Dibrugarh - Chennai Egmore Weekly Exp,DBRG,MS
15933,Dibrugarh-Amritsar Weekly Express,DBRG,ASR
15934,Amritsar-Dibrugarhtown Weekly Express,ASR,DBRT
15942,Dibrugarh - Jhajha Exp,DBRG,JAJ
15960,Dibrugarh - Howrah Kamrup Exp,DBRG,HWH
16031,Andaman Express,MAS,JAT
16032,Andaman Express,JAT,MAS
16041,Chennai- Alapuzha Alleppey Express,MAS,ALLP
16085,Arakkonam-Jolarpettai Express,AJJ,JTJ
16086,Arakkonam Express,JTJ,AJJ
16089,Yelagiri Express,MAS,TPT
16090,Yelagiri Express,TPT,MAS
16108,Mangalore Chennai Egmore Express,MAQ,MS
16115,Chennai Egmore Puducherry Express,MS,PDY
16116,Puducherry Chennai Express,PDY,MS
16125,Chennai Egmore - Jodhpur Exp,MS,JU
16127,Chennai Egmore - Guruvayur Exp,MS,GUV
16128,Guruvayur - Chennai Egmore Exp,GUV,MS
16175,Kamban Express,MS,NCR
16176,Kamban Express,NCR,MS
16177,Rock Fort Express,MS,KMU
16178,Rock Fort (Malai Kottai) Express,KMU,MS
16179,Mannai Express,MS,MQ
16180,Mannai Express,MQ,MS
16201,Bangalore City-Shimoga Intercity,SBC,SMET
16202,Shimoga-Bangalore City Intercity,SMET,SBC
16205,Talaguppa Mysore Intercity Express,TLGP,MYS
16206,Mysore - Talguppa Intercity Express,MYS,TLGP
16209,Ajmer-Mysore Express,AII,MYS
16210,Mysore-Ajmer Express,MYS,AII
16215,Chamundi Express,MYS,SBC
16216,Chamundi Express,SBC,MYS
16227,Bangalore-Shimoga Express,SBC,SMET
16228,Shimoga-Bangalore Express,SMET,SBC
16231,Mayiladuturai Mysore Express,MV,MYS
16232,Mysore Mayiladuturai Express,MYS,MV
16302,Venad Express,TVC,SRR
16305,Ernakulam Kannur Intercity Express,ERS,CAN
16309,Ernakulam-Patna Express,ERS,PNBE
16310,Patna - Ernakulam Express,PNBE,ERS
16322,Tiruvananthapuram Bangalore Weekly Express,TVC,SBC
16323,Trivandrum Shalimar Biweekly Express,TVC,SHM
16326,Ahilyanagari Express,TVC,INDB
11271,Itarsi - Bhopal Vindhyachal Exp,ET,BPL
12809,Mumbai Cst - Howrah Sf Mail (Via Nagpur),CSTM,HWH
14003,New Farakka-New Delhi Express,NFK,NDLS
16221,Kaveri Express,MYS,MAS
16233,Mayiladuturai Tiruchirappalli Express,MV,TPJ
16234,Tiruchchirapalli Mayiladuturai Express,TPJ,MV
16301,Venad Express,SRR,TVC
16303,Vanchinad Express,ERS,TVC
16304,Vanchinad Express,TVC,ERS
16306,Kannur Ernakulam Intercity Express,CAN,ERS
16308,Executive Express,CAN,ALLP
16313,Executive Express,ERS,CAN
16314,Executive Express,CAN,ERS
16315,Bangalore - Kochuveli Exp,SBC,KCVL
16316,Kochuveli - Bangalore Exp,KCVL,SBC
16317,Himsagar Express,CAPE,JAT
16318,Himsagar Express,JAT,CAPE
16318-Slip,Himsagar Express Slip,JAT,TEN
16324,Shalimar Tiruvananthapuram Express,SHM,TVC
16325,Ahilyanagari Express,INDB,TVC
16327,Korba Tiruvananthapuram Express,KRBA,TVC
16328,Trivandrum-Korba Express,TVC,KRBA
16331,Mumbai Cst - Trivandrum Exp,CSTM,TVC
16332,Trivandrum - Mumbai Cst Exp,TVC,CSTM
16333,Veraval - Trivandrum Exp,VRL,TVC
16334,Trivandrum - Veraval Exp,TVC,VRL
16335,Gandhidham - Nagercoil Weekly Exp,GIMB,NCJ
16336,Nagercoil - Gandhidham Weekly Exp,NCJ,GIMB
16337,Okha - Ernakulam Exp,OKHA,ERS
16338,Ernakulam - Okha Exp,ERS,OKHA
16339,Mumbai Cst - Nagercoil Exp,CSTM,NCJ
16340,Nagercoil - Mumbai Cst Exp,NCJ,CSTM
16341,Guruvayur-Ernakulam-Trivandrum Intercity Express,GUV,TVC
16342,Trivandrum-Ernakulam-Guruvayur Intercity Express,TVC,GUV
16343,Amrita Express,TVC,PGTN
16344,Amrita Express,PGTN,TVC
16347,Trivandrum Mangalore Express,TVC,MAQ
16348,Trivandrum Express,MAQ,TVC
16349,Trivandrum Nilambur Road Rajya Rani Express,TVC,NIL
16350,Nilambur Road Trivandrum Rajya Rani Express,NIL,TVC
16381,Mumbai Cst - Kanyakumari Express,CSTM,CAPE
16382,Kanniyakumari-Mumbai Cst Express,CAPE,CSTM
16517,Yeshvantapur-Kannur Express,YPR,CAN
16527,Yesvantpur - Kannur Express,YPR,CAN
16529,Udyan Express,CSTM,SBC
16530,Udyan Express,SBC,CSTM
16532,Garib Nawaz Express,YPR,AII
16560,Yeshvantapur-Mysore Express,YPR,MYS
58402,Paradip Cuttack Passenger,PRDP,CTC
14511,Allahabad-Saharanpur Nauchandi Express,ALD,SRE
16345,Mumbai Ltt - Trivandrum Netravati Exp,LTT,TVC
16346,Trivandrum - Mumbai Ltt Netravati Exp,TVC,LTT
16351,Mumbai Cst - Nagercoil Balaji Exp,CSTM,NCJ
16360,Patna - Ernakulam Express,PNBE,ERS
16501,Ahmedabad Bangalore Express,ADI,SBC
16502,Bangalore - Ahmedabad (Weekly) Express,SBC,ADI
16505,Gandhidham - Bangalore Exp,GIMB,SBC
16506,Bangalore - Gandhidham Exp,SBC,GIMB
16508,Bangalore - Bhagat Ki Kothi Exp,SBC,JU
16516,Karwar-Yeshvantpur Express,KAWR,YPR
16518,Kannur-Yesvantpur Express,CAN,YPR
16520,Bangalore - Jolarpettai Exp,SBC,JTJ
16521,Bangarpet-Bangalore Express,BWT,SBC
16522,Bangalore Bangarpet Express,SBC,BWT
16525,Kanniyakumari - Bangalore Island Exp,CAPE,SBC
16528,Kannur - Yeshvantpur Express,CAN,YPR
16531,Garib Nawaz Express,AII,YPR
16533,Bhagat Ki Kothi - Bangalore City Exp,BGKT,SBC
16534,Bangalore City - Jodhpur Exp,SBC,JU
16535,Gol Gumbaz Express,YPR,SUR
16536,Gol Gumbaz Express,SUR,YPR
16537,Bangalore-Nagercoil Weekly Express,SBC,NCJ
16538,Nagercoil-Bangalore Express,NCJ,SBC
16557,Rajya Rani Express,MYS,SBC
16559,Mysore-Yeshvantapur Express,MYS,YPR
16589,Rani Chennamma Express,SBC,KOP
16590,Rani Chennamma Express,KOP,SBC
16591,Hampi Express,UBL,SBC
16592,Hampi Express,SBC,UBL
16593,Nanded-Bangalore Express,NED,SBC
16594,Bangalore-Nanded Express,SBC,NED
16605,Eranad Express,MAQ,NCJ
16606,Eranad Express,NCJ,MAQ
16609,Nagercoil-Coimbatore Express,NCJ,CBE
16610,Coimbatore-Nagercoil Express,CBE,NCJ
16612,Coimbatore Tuticorin Link Express,CBE,TN
16687,Navyug Express,MAQ,JAT
16688,Navyug Express,JAT,MAQ
16688-Slip,Navyug Express Slip,JAT,TEN
16702,Rameswaram-Chennai Egmore Express,RMM,MS
16713,Setu Express,MS,RMM
16714,Setu Express,RMM,MS
16731,Tuticorin Mysore Express,TN,MYS
16735,Chendhur Express,MS,TCN
16853,Cholan Express (Day Express),MS,TPJ
17001,Sainagar Shirdi Secunderabad Express,SNSI,SC
17015,Visakha Express,BBS,SC
63151,Jasidih Baidyanathdham Passenger,JSME,BDME
15653,Guwahati - Jammu Tawi Amarnath Exp,GHY,JAT
16603,Maveli Express,MAQ,TVC
16604,Maveli Express,TVC,MAQ
16611,Tuticorin Coimbatore Link Express,TN,CBE
16613,Rajkot - Coimbatore Exp,RJT,CBE
16614,Coimbatore - Rajkot Exp,CBE,RJT
16628,West Coast Express,MAQ,MAS
16629,Malabar Express,TVC,MAQ
16630,Malabar Express,MAQ,TVC
16649,Parasuram Express,MAQ,TVC
16650,Parasuram Express,TVC,MAQ
16669,Yercaud Express,MAS,ED
16670,Yercaud Express,ED,MAS
16724,Trivandrum - Chennai Egmore Anantapuri Exp,TVC,MS
16732,Mysore-Tuticorin Express,MYS,TN
16733,Rameswaram-Okha Express,RMM,OKHA
16734,Okha-Rameswaram Express,OKHA,RMM
16736,Chendhur Express,TCN,MS
16779,Tirupati - Rameswaram Exp,TPTY,RMM
16780,Rameswaram - Tirupati Exp,RMM,TPTY
16787,Tirunelveli - Katra Exp,TEN,SVDK
16788,Jammu Erode - Tirunelveli Link Exp,ED,TEN
16854,Cholan Express( Day Express),TPJ,MS
16861,Tiruturaipudi Karaikkudi Express,TTP,KKDI
16862,Karaikkudi Tiruturaipudi Express,KKDI,TTP
16865,Tea Garden Express,NCR,ERS
16866,Tea Garden Express,ERS,NCR
17003,Hyderabad-Kolhapur Biweekly Express,HYB,KOP
17004,Kolhapur-Hyderabad Biweekly Express,KOP,HYB
17005,Hyderabad Deccan - Raxaul  Exp,HYB,RXL
17006,Raxaul - Hyderabad Deccan Exp,RXL,HYB
17013,Pune-Hyderabad Express,PUNE,HYB
17014,Hyderabad-Pune Express,HYB,PUNE
17032,Hyderabad-Mumbai Express,HYB,CSTM
17037,Secunderabad - Bikaner Express,SC,BKN
17057-Slip,Mumbai -Daund Devagiri Express Slip,CSTM,DD
17203,Bhavnagar(T)-Kakinada Town Express,BVC,CCT
17204,Kakinada Town- Bhavnagar Express,CCT,BVC
17205,Sainagar Shirdi-Kakinada Express,SNSI,CCT
17206,Kakinada-Sainagar Shirdi Express,CCT,SNSI
17209,Bangalore - Kakinada Town Seshadri Exp,SBC,CCT
17210,Kakinada Town -Bangalore Seshadri Exp,CCT,SBC
17212,Machilipatnam Express,YPR,MTM
17213,Narasapur-Nagarsol Express,NS,NSL
17229,Sabari Express,TVC,HYB
17230,Sabari Express,HYB,TVC
17304,Malgudi Express,YPR,MYS
17307,Basava Express,YPR,BGK
17309,Yesvantpur - Vasco Da Gama Exp,YPR,VSG
12073,Howrah-Bhubaneswar Jan Shatabdi Express,HWH,BBS
14209,Vindhyachal-Lucknow Intercity,BDL,LKO
15227,Yesvantpur - Muzaffarpur Weekly Exp,YPR,MFP
16042,Alappuzha-Chennai Express,ALLP,MAS
16307,Executive Express,ALLP,CAN
17017,Rajkot Secunderabad Express,RJT,SC
17035,Telangana Express,SC,SKZR
17036,Telangana Express,SKZR,SC
17049,Machilipatnam Secunderabad Express,MTM,SC
17050,Secunderabad Machilipatnam Express,SC,MTM
17057,Mumbai-Secunderabad Devagiri Expres,CSTM,SC
17058,Devagiri Express,SC,CSTM
17063,Ajanta Express,MMR,SC
17064,Ajanta Express,SC,MMR
17201,Golconda Express,GNT,SC
17202,Golconda Express,SC,GNT
17207,Sainagar Shiridi Vijayawada Express,SNSI,BZA
17208,Vijayawada Sainagar Shirdi Express,BZA,SNSI
17211,Machilipatnam Yeshvantapur Express,MTM,YPR
17214,Nagarsol Narsapur Express,NSL,NS
17225,Amaravati Express,BZA,UBL
17226,Amaravati Express,UBL,BZA
17226-Slip,Amaravathi Express Slip,UBL,KCG
17233,Bhagyanagar Express,SC,BPQ
17234,Bhagyanagar Express,BPQ,SC
17239,Simhadri Express,GNT,VSKP
17240,Simhadri Express,VSKP,GNT
17241,Simhadri Link Express,NS,NDD
17255,Narasapur Hyderabad Express,NS,HYB
17256,Hyderabad-Narsapur Express,HYB,NS
17301,Mysore Dharwad Express,MYS,DWR
17302,Dharwad Mysore Express,DWR,MYS
17303,Malgudi Express,MYS,YPR
17305,Hubli-H.Nizamuddin Goa Express,UBL,NZM
17308,Basava Express,BGK,YPR
17312,Vasco Da Gama - Chennai Cent Exp,VSG,MAS
17313,Chennai Cent - Hubli Weekly Exp,MAS,UBL
17314,Hubli - Chennai Cent Weekly Exp,UBL,MAS
17315,Vasco Da Gama - Velankanni Weekly Exp,VSG,VLNK
17316,Velankanni - Vasco Da Gama Weekly Exp,VLNK,VSG
17403,Tirupati Narasapur Express,GDV,NS
17479-Slip,Puri-Shirdi Express Slip,PURI,SNSI
17480,Tirupati-Puri Express,TPTY,PURI
17610,Purna - Patna Exp,PAU,PNBE
17643,Circar Express,MS,COA
17644,Circar Express,COA,MS
18002,Kandari Express,DGHA,HWH
18207,Durg Jaipur Express,DURG,JP
56261,Arakkonam - Bangalore Passenger,AJJ,SBC
12175,Chambal Express,HWH,GWL
12574,Howrah-Sainagarshirdi Express,HWH,SNSI
12713,Satavahana Express,BZA,SC
17401,Tirupati-Machilipatnam Express,TPTY,MTM
17402,Machilipatanam-Tirupati Express,MTM,TPTY
17404,Narasapur Tirupati Link Express,NS,TPTY
17405,Krishna Express,TPTY,ADB
17406,Krishna Express,ADB,TPTY
17415,Haripriya Express,TPTY,KOP
17416,Haripriya Express,KOP,TPTY
17429,Rayalaseema Express,HYB,TPTY
17430,Rayalaseema Express,TPTY,HYB
17479,Puri-Tirupati Express,PURI,TPTY
17481,Bilaspur-Tirupati Express,BSP,TPTY
17482,Tirupati-Bilaspur Express,TPTY,BSP
17487,Tirumala Express,TPTY,VSKP
17603,Prasanti Nilayam Express,KCG,YPR
17607,Tungabhadra Express,SC,KRNT
17608,Tungabhadra Express,KRNT,SC
17613,Pune Nanded Exp,PUNE,NED
17614,Nanded Pune Express,NED,PUNE
17617,Tapovan Express,CSTM,NED
17618,Tapovan Express,NED,CSTM
17687,Manmad-Dharmabad Composite Express,MMR,DAB
17688,Dharmabad-Manmad Composit Express,DAB,MMR
18003,Jhargram Purulia Express,JGM,PRR
18004,Purulia Jhargram Express,PRR,JGM
18007,Shalimar-Baripada Express,SHM,BPO
18008,Baripada-Shalimar Express,BPO,SHM
18048,Vasco-Da-Gama - Howrah Amaravati Exp,VSG,HWH
18102,Jammu-Rourkela Express,JAT,ROU
18105,Rourkela-Bhubaneswar Intercity,ROU,BBS
18106,Bhubaneswar-Rourkela Intercity,BBS,ROU
18108,Koraput - Rourkela Exp,KRPU,ROU
18190,Allapuzha Dhanbad Slip Express,ROU,TATA
18191,Utsarg Express,CPR,CPA
18192,Utsarg Express,CPA,CPR
18201,Durg-Nautanwa (Via Varanasi)Express,DURG,NTV
18205,Durg -Nautanwa Express,DURG,NTV
18208,Jaipur Durg Express,JP,DURG
18209,Dalli Rajhara Raipur Express,DRZ,R
18236,Bilaspur Express Cum Passenger,BSP,BPL
18239,Gerva Road-Nagpur Express,GAD,NGP
18240,Nagpur Bilaspur Express,NGP,BSP
18241,Durg Ambikapur Express,DURG,ABKP
18241-Slip,Durg Ambikapur Express Slip,DURG,CHRM
18301,Rayagada Express,SBP,RGDA
52179,Dhaulpur Sirmuttra Passenger,DHO,SRMT
56014,Vellore Cantt-Arakkonam Passenger,VLR,AJJ
12380,Amritsar - Sealdah Superfast Express,ASR,SDAH
12663,Howrah-Tiruchirappalli Express,HWH,TPJ
14260,Lucknow Charbagh - Mughal Sarai Ekatmata Exp,LKO,MGS
15901,Bengaluru - New Tinsukia Weekly Exp,SBC,NTSK
16312,Kochuveli - Bikaner Express,KCVL,BKN
16515,Yesvantpur - Karwar Express,YPR,KAWR
17038,Bikaner - Secunderabad Express,BKN,SC
17310,Vasco Da Gama - Yesvantpur Exp,VSG,YPR
17609,Patna - Purna Exp,PNBE,PAU
18029,Mumbai Ltt [Kurla] - Kolkata Salimar Exp,LTT,SHM
18048-Slip,Amaravati Express,VSG,KCG
18101,Tatanagar Jammu Tawi Express,TATA,JAT
18102-Slip,Jammu-Tata Muri Express Slip,JAT,TATA
18103,Jallianwalabagh Express,TATA,ASR
18181,Tata-Chapra Express,TATA,CPR
18181-Slip,Tata-Chapra Express Slip,TATA,KIR
18182,Chhapra-Tata Express,CPR,TATA
18183,Tata-Danapur Express,TATA,DNR
18184,Danapur-Tatanagar Express,DNR,TATA
18189,Tatanagar- Alappuzha (Alleppey) Express,TATA,ALLP
18202,Nautanwa-Durg Nautanwa Express,NTV,DURG
18203,Betwa Express,DURG,CNB
18204,Betwa Express,CNB,DURG
18206,Nautanwa-Durg Express,NTV,DURG
18233,Indore - Bilaspur Narmada Exp,INDB,BSP
18234,Bilaspur - Indore Narmada Exp,BSP,INDB
18237,Chhattisgarh Express,BSP,ASR
18238,Chhattisgarh Express,ASR,BSP
18238-Slip,Chhattisgarh Express Slip,ASR,CWA
18242,Ambikapur Durg Express Cum Passenger,ABKP,DURG
18302-Slip,Sambalpur Express Slip,RGDA,PURI
18401,Puri - Okha (Weekly) Express,PURI,OKHA
18410,Sri Jagannath Express,PURI,HWH
18417,Jharsuguda-Bhubaneswar Rajya Rani Express,JSG,BBS
18418,Bhubaneswar-Jharsuguda Rajya Rani Express,BBS,JSG
18447,Hirakhand Express,BBS,JDB
18447-Slip,Hirakhand Express Slip,BBS,KRDL
18448,Hirakhand Express,JDB,BBS
18449,Baidyanathdham Express,PURI,PNBE
18450,Baidyanathdham Express,PNBE,PURI
18452,Puri - Hatia Tapaswini Exp,PURI,HTE
18463,Prasanti Express,BBS,SBC
18464,Prasanti Express,SBC,BBS
18495,Rameswaram-Bhubaneswar Express,RMM,BBS
18496,Bhubaneswar-Rameswaram Weekly Express,BBS,RMM
18602,Jammu Tawi-Rourkela Express,MURI,HTE
18604,Bhagalpur Ranchi Express,BGP,RNC
18605,Ranchi-Jaynagar Express,RNC,JYG
12610,Bangalore - Chennai Cent Sf Intercity Exp,SBC,MAS
13303,Dhanbad Ranchi Intercity Express,DHN,RNC
16526,Bangalore - Kanniyakumari Island Exp,SBC,CAPE
18210,Raipur Dalli Rajhara Express,R,DRZ
18309,Nagavali Express,SBP,NED
18402,Okha Puri Weekly Express,OKHA,PURI
18405,Puri - Ahmedabad Exp,PURI,ADI
18406,Ahmedabad - Puri Exp,ADI,PURI
18413,Paradip Puri Intercity Express,PRDP,PURI
18414,Puri Paradip Intercity Express,PURI,PRDP
18415,Banspani-Puri Intercity,BSPX,PURI
18416,Puri-Banspani Intercity,PURI,BSPX
18419,Puri-Darbhanga Weekly Express,PURI,DBG
18420,Darbhanga-Puri Weekly Express,DBG,PURI
18425,Puri - Durg Exp,PURI,DURG
18426,Durg - Puri Exp,DURG,PURI
18452-Slip,Tapaswini Express Slip,PURI,RGDA
18473,Puri - Jodhpur Express,PURI,JU
18477,Utkal Express,PURI,HW
18478,Utkal Express,HW,PURI
18507,Visakhapatnam - Amritsar Hirakud Exp,VSKP,ASR
18509,Visakhapatnam-Nanded Express,VSKP,NED
18510,Nanded-Visakhapatnam Express,NED,VSKP
18517,Korba Visakhapatnam Express,KRBA,VSKP
18518,Visakhapatnam-Korba Express,VSKP,KRBA
18601,Rourkela-Jammutawi Express,ROU,JAT
18603,Ranchi-Bhagalpur Tri-Weekly Express,RNC,BGP
18606,Jaynagar-Ranchi Express,JYG,RNC
18617,Howrah-Ranchi Intercity,HWH,RNC
18621,Patliputra Express,PNBE,HTE
18624,Hatia-Rajendranagar Express,HTE,RJPB
18625,Patna-Hatia Super Express,PNBE,HTE
18626,Hatia-Patna Super Express,HTE,PNBE
18627,Howrah-Ranchi Intercity Express,HWH,RNC
18628,Ranchi-Howrah Intercity Express,RNC,HWH
18646,East Coast Express,HYB,HWH
19005,Saurashtra Mail,BCT,OKHA
19005-Slip,Saurashtra Mail,BCT,VRL
19006,Saurashtra Mail,OKHA,BCT
19017,Saurashtra Janata Express,BDTS,JAM
19039,Awadh Express,BDTS,MFP
19040,Awadh Express,MFP,BDTS
19049,Mumbai Bandra T - Patna Exp,BDTS,PNBE
19050,Patna - Mumbai Bandra T Exp,PNBE,BDTS
19051,Valsad - Muzaffarpur Shramik Exp,BL,MFP
19052,Muzaffarpur - Valsad Shramik Exp,MFP,BL
19053,Surat - Muzaffarpur Exp,ST,MFP
19054,Muzaffarpur - Surat Exp,MFP,ST
56523,Ksr Bengaluru City - Hindupur Passenger,SBC,HUP
12904,Golden Temple Mail,ASR,BCT
13006,Amritsar Howrah Mail,ASR,HWH
18609,Ranchi - Mumbai Ltt Exp,RNC,LTT
18610,Mumbai Ltt - Ranchi Exp,LTT,RNC
18611,Ranchi-Varanasi Express,RNC,BSB
18613,Ranchi Chopan Express,RNC,CPU
18614,Chopan Ranchi Express,CPU,RNC
18615,Howrah - Hatia Kriya Yoga Express,HWH,HTE
18622,Patliputra Express,HTE,PNBE
18623,Patna Rajendra Nagar-Hatia Express,RJPB,HTE
18623-Slip,Hatia Express Slip,RJPB,BRKA
18631,Ranchi Garib Nawaz Express,RNC,AII
18632,Garib Nawaz Express,AII,RNC
19011,Gujarat Express,BCT,ADI
19012,Gujarat Express,ADI,BCT
19018,Saurashtra Janata Express,JAM,BDTS
19019,Bandra T - Dehradun Express,BDTS,DDN
19020,Dehradun - Bandra Terminus Express,DDN,BDTS
19023,Mumbai Firozpur Janata Express,BCT,FZR
19024,Firozpur Mumbai Janata Express,FZR,BCT
19025-Slip,Surat Bhavnagar Express Slip Slip,ST,BVC
19026,Bhavnagar Surat (Slip) Express,MHV,ST
19037,Awadh Express,BDTS,GKP
19038,Awadh Express,GKP,BDTS
19048,Bhagalpur - Surat Tapti Ganga Exp,BGP,ST
19059,Surat-Jamnagar Intercity Express,ST,JAM
19060,Jamnagar-Surat Intercity Express,JAM,ST
19113,Bhilad Vadodara Express,BLD,BRC
19114,Vadodara Bhilad Express,BRC,BLD
19116,Bhuj - Mumbai Bandra Sayaji Nagari Exp,BHUJ,BDTS
19132,Bhuj - Mumbai Bandra Kutch Exp,BHUJ,BDTS
19151,Palanpur - Gandhidham Exp,PNU,GIMB
19152,Gandhidham - Palanpur Exp,GIMB,PNU
19215,Saurashtra Express,BCT,PBR
19216,Saurashtra Express,PBR,BCT
19223,Ahmedabad - Jammu Tawi Exp,ADI,JAT
19224,Jammu Tawi - Ahmedabad Exp,JAT,ADI
19225,Bhatinda Jammu Tawi Express,BTI,JAT
19226,Jammu Tawi Bhatinda Express,JAT,BTI
19259,Kochuveli - Bhavnagar Exp,KCVL,BVC
19260,Bhavnagar - Kochuveli Exp,BVC,KCVL
19263,Porbandar-Delhi Sarai Rohilla (Biweekly) Express,PBR,DEE
19264,Delhi Sarairohilla-Porbandar Express,DEE,PBR
19269,Porbandar Muzaffarpur Express,PBR,MFP
19270,Muzaffarpur-Porbandar Express,MFP,PBR
19305,Shipra Express,INDB,HWH
19309,Shanti Express,GNC,INDB
19310,Shanti Express,INDB,GNC
19313,Indore-Patna Express,INDB,PNBE
14604,Amritsar - Saharsa Jan Sadharan Exp,ASR,SHC
15708,Amrapali Express,ASR,KIR
18451,Hatia - Puri Tapaswini Exp,HTE,PURI
19105,Ahmedabad-Haridwar Mail,ADI,HW
19107,Ahmedabad-Udhampur Janmabhoomi Express,ADI,UHP
19108,Udhampur-Ahmedabad Janmabhoomi Express,UHP,ADI
19109,Gujarat Queen Express,BL,ADI
19110,Gujarat Queen Express,ADI,BL
19119,Ahmedabad Somnath Intercity Express,ADI,VRL
19120,Somnath Ahmedabad Intercity Express,SMNH,ADI
19129,Baroda Ahmedabad Express,BRC,ADI
19130,Ahmedabad Baroda Express,ADI,BRC
19143,Lokshakti Express,BDTS,ADI
19144,Lokshakti Express,ADI,BDTS
19165,Sabarmati Express,ADI,DBG
19166,Sabarmati Express,DBG,ADI
19167,Sabarmati Express,ADI,BSB
19168,Sabarmati Express,BSB,ADI
19221,Ahmedabad-Veraval Somnath Express,ADI,VRL
19222,Veraval-Ahmedabad Somnath Express,VRL,ADI
19311,Pune Indore Express,PUNE,INDB
19312,Indore Pune Express,INDB,PUNE
19314,Patna Indore Express,RJPB,INDB
19322,Patna-Indore Express,RJPB,INDB
19323,Indore Habibganj Intercity Express,INDB,HBJ
19565,Uttaranchal Express,OKHA,DDN
19566,Uttranchal Express,DDN,OKHA
19571,Rajkot-Porbandar Express,RJT,PBR
19572,Porbandar-Rajkot Express,PBR,RJT
19601,Ajmer New Jalpaiguri Weekly Express,AII,NJP
19602,New Jalpaiguri Ajmer Weekly Express,NJP,AII
19603,Ajmer-Sultanpur Weekly Express,AII,SLN
19604,Sultanpur Ajmer Express,SLN,AII
19657,Indore Jn - Udaipur Express,INDB,UDZ
19658,Udaipur Indore Express,UDZ,INDB
19707,Aravalli Express,BDTS,JP
19708,Aravalli Express,JP,BDTS
19709,Jaipur - Kamakhya Kavi Guru Exp,JP,KYQ
19710,Kamakhya - Jaipur Kavi Guru Exp,KYQ,JP
19711,Jaipur-Bhopal Express,JP,BPL
19712,Bhopal Jaipur Express,BPL,JP
19735,Intercity Express,JP,LHU
19771,Jaipur - Amritsar Express,JP,ASR
19781,Jaipur-Amritsar Express,JP,ASR
19801,Kota-Indore Intercity Express,KOTA,INDB
19802,Indore-Kota Intercity Express,INDB,KOTA
19943,Udaipur - Ahmedabad Exp,UDZ,ADI
19944,Ahmedabad - Udaipur Exp,ADIJ,UDZ
22112,Nagpur-Bhusaval Sf Express,NGP,BSL
12946,Mahuva - Surat Sf Exp,MHV,ST
18104,Jallianwalabagh Express,ASR,TATA
18302,Sambalpur Express,RGDA,SBP
18303,Sambalpur - Puri Intercity Exp,SBP,PURI
19324,Habibganj Indore Intercity Express,HBJ,INDB
19325,Indore Amritsar (Weekly) Express,INDB,ASR
19326,Amritsar Indore Express,ASR,INDB
19327,Ratlam Chittaurgarh Express,RTM,COR
19328,Chittaurgarh Ratlam Express,COR,RTM
19567,Tuticorin - Okha Exp,TN,OKHA
19568,Okha - Tuticorin Exp,OKHA,TN
19569,Okha Varanasi Express,OKHA,BSB
19570,Varanasi Okha Weekly Express,BSB,OKHA
19653,Ratlam-Ajmer Express,RTM,AII
19654,Ajmer-Ratlam Express,AII,RTM
19736,Loharu-Jaipur Intercity Express,LHU,JP
19772,Amritsar - Jaipur Express,ASR,JP
19782,Amritsar-Jaipur Express,ASR,JP
19911,Mahesana Ahmedabad Intercity Express,MSH,ADI
19915,Mahesana Ahmedabad Intercity,MSH,ADI
21028,Solapur-Gondia Slip Exp.,SUR,G
21107,Khajuraho-Varanasi Bundelkhand Link Express,KURJ,BSB
21108,Bundelkhand Link Express,BSB,KURJ
21125,Indore Bhind Express,INDB,BIX
21126,Bhind Indore Express,BIX,INDB
22131,Pune - Manduadih Gyan Ganga Exp,PUNE,MUV
22132,Manduadih - Pune Gyan Ganga Exp,MUV,PUNE
22162,Damoh Bhopal Rajya Rani Express,DMO,BPL
22410,Anand Vihart Delhi-Sasaram Garibrath Express,ANVT,SSM
22424,New Delhi-Guwahati Rajdhani Express,NDLS,GHY
22463,Rajasthan Sampark Kranti Express,MTD,BKN
22471,Bikaner - Delhi Sarai Rohilla Sf Intercity Express,BKN,DEE
22472,Delhi Sarai Rohilla - Bikaner Sf Intercity Express,DEE,BKN
22601,Chennai Cent - Sainagar Shirdi Sf Exp,MAS,SNSI
22608,Bangalore - Ernakulam Weekly Sf Exp,SBC,ERS
22681,Mysore - Chennai Weekly Sf Exp,MYS,MAS
22682,Chennai - Mysore Weekly Sf Exp,MAS,MYS
22811,Bhubaneshwar-New Delhi Rajdhani Express,BBS,NDLS
22812,New Delhi-Bhubaneswar Rajdhani Express,NDLS,BBS
22835,Shalimar-Puri Express,SHM,PURI
22836,Puri-Shalimar Weekly Superfast Express,PURI,SHM
22845,Pune - Hatia Sf Exp,PUNE,HTE
22846,Hatia - Pune Sf Exp,HTE,PUNE
22855,Santragachi-Tirupati Superfast Express,SRC,TPTY
22856,Tirupatisantragachi Superfast Express,TPTY,SRC
22905,Okha Howrah Triweekly Sf Express,OKHA,HWH
58126,Sambalpur Jharsuguda Passenger,SBP,JSG
18310,Nagavali Express,NED,SBP
22403,Puducherry-New Delhi Sf Express,PDY,NDLS
22405,Bhagalpur - Delhi Anandvihar T. Garib Rath Express,BGP,ANVT
22407,Varanasi-Delhi Anand Vihar Terminus Garib Rath,BSB,ANVT
22408,Delhi Anand Vihar Terminus-Varanasi Garib Rath,ANVT,BSB
22409,Sasaram-Anand Vihart Delhi Garirath Express,SSM,ANVT
22423,Guwahati-New Delhi Rajdhani Express,GHY,NDLS
22447,Khajuraho Nizamuddin Express,KURJ,NZM
22481,Jodhpur-Delhi Sarai Rohilla Express,JU,DEE
22482,Delhi Sarai Rohilla-Jodhpur Express,DEE,JU
22609,Mangalore - Palghat Intercity Express,MAQ,PGT
22610,Palghat Mangalore Intercity,PGT,MAQ
22688,Chandigarh Chennai Express,CDG,MAS
22815,Bilaspur-Ernakulam Express,BSP,ERS
22816,Ernakulam-Bilaspur Express,ERS,BSP
22853,Kolkata Shalimar-Visakhapatnam Superfast Express,SHM,VSKP
22854,Visakhapatnam-Shalimar Express,VSKP,SHM
22861,Rajya Rani Express,SHM,BQA
22862,Rajya Rani Express,BQA,SHM
22926,Paschim Express,KLK,BDTS
22996,Ajmer Bandra Sf Express,AII,BDTS
23112,Giridih Kolkata Express,GRD,KOAA
23142,Teesta Torsa Express,HDB,SDAH
23154,Gour Express,BLGT,SDAH
24033,Jammu Mail,DLI,HSX
24034,Jammu Mail,HSX,DLI
24042,Kotdwar - Najibabad Mussoorie Exp,KTW,DEE
24887,Haridwar-Barmer Link Express,HW,BME
24888,Barmer-Haridwar Link Express,BME,HW
25014,Corbett Park Link Express,RMR,DLI
25036,Ramnagar Delhi Link Express,RMR,DLI
25202,Narkatiaganj Sugauli Intercity Link Express,NKE,SGL
25610,Jivachh Link Express,DBG,GHY
25715,Radhikapur Delhi Link Express,RDP,DLI
28242,Chirmiri Durg Express Cum Pass,CHRM,DURG
28624,Barkakana Rajendranagar Slip Express,BRKA,RJPB
29019,Nimach Kota Link Exp,NMH,MTC
29020,Dehradun Express Slip,MTC,NMH
30145,Bbd Bag-Krishnanagar Local,BBDB,KNJ
31393,Sealdah-Kalyani Local,SDAH,KYI
31511,Sealdah-Shantipur Local,SDAH,STB
31581,Sealdah-Shantipur-Krishnanagar City Local,SDAH,KNJ
31801,Sealdah Knj Ladies Special,SDAH,KNJ
31921,Sdah Gede Local,SDAH,GEDE
31923,Sdah Gede Local,SDAH,GEDE
31925,Sdah Gede Local,SDAH,GEDE
31927,Sealdah Gede Emu,SDAH,GEDE
31929,Sealdah-Gede Local,SDAH,GEDE
15657,Kolkata Sealdah - Guwahati Kanchanjungha Exp,SDAH,GHY
23010,Doon Express,KTW,HWH
23111,Danapur Express,GRD,DNR
23225,Intercity Link Express,SHC,DNR
23226,Intercity Link Express,DNR,SHC
23347,Palamu Express,SGRL,PNBE
23348,Palamau Express (Slip),GHD,SGRL
24227,Varuna Express,BSB,CNB
24228,Varuna Express,CNB,BSB
24369,Triveni Express,SKTN,BE
24370,Triveni Express,BE,SKTN
24370-Slip,Triveni Express Slip,BE,BRWD
25716,Garib Nawaz Express,KIR,RDP
28181,Barauni-Katihar Slip Express,BJU,KIR
28182,Katihar-Tatanagar Link Express,KIR,TATA
29059,Hapa Intercity Express,ST,HAPA
29060,Surat Intercity Express,HAPA,ST
31922,Gede Sdah Local,GEDE,SDAH
31924,Gede Sdah Local,GEDE,SDAH
31926,Gede Sdah Local,GEDE,SDAH
31930,Gede Sdah Local,GEDE,SDAH
32249,Sealdah-Dankuni Local,SDAH,DKAE
33512,Hasanabad Sealdah Emu,HNB,SDAH
33533,Sealdah-Hasnabad Local,SDAH,BT
34166,Sealdah-Budge Budge Local,SDAH,BGB
34431,Sonarpur Sealdah Local,SPR,SDAH
34434,Sealdah-Sonarpur Local,SDAH,SPR
34502,Sealdah Canning Ladies Special Emu,SDAH,CG
34554,Sealdah-Canning Local,SDAH,CG
34557,Canning Sealdah Local,CG,SDAH
34793,Namkhana Sealdah Local,NMKA,SDAH
34794,Sealdah-Namkhana Local,SDAH,NMKA
34857,Diamond Harbour Sealdah Local,DH,SDAH
34858,Sealdah-Diamond Harbour Local,SDAH,DH
37397,Howrah-Singur Local,HWH,SIU
37657,Howrah-Memari Local,HWH,MYM
37658,Memari Howrah Local,MYM,HWH
37857,Howrah-Barddhaman Non-Stop Local,HWH,BWN
38401,Howrah Panskura Emu,HWH,PKU
38403,Howrah Panskura Emu,HWH,PKU
38405,Howrah Panskura Emu,HWH,PKU
38411,Howrah Panskura Emu,HWH,PKU
38413,Howrah Panskura Emu,HWH,PKU
38417,Howrah Panskura Emu,HWH,PKU
38419,Howrah Panskura Emu,HWH,PKU
38423,Howrah Panskura Emu,HWH,PKU
38429,Howrah Panskura Emu,HWH,PKU
38433,Howrah Panskura Emu,HWH,PKU
38443,Howrah Panskura Emu,HWH,BOP
58124,Jharsuguda Sambalpur Passenger,JSG,SBP
18304,Puri - Sambalpur Intercity Exp,PURI,SBP
18312,Varanasi - Sambalpur Exp,BSB,SBP
37356,Tarakeswar Howrah Local,TAK,HWH
37398,Singur Howrah Local,SIU,HWH
38416,Panskura Howrah Emu,PKU,HWH
38418,Panskura Howrah Emu,PKU,HWH
38420,Panskura Howrah Emu,PKU,HWH
38424,Panskura Howrah Emu,PKU,HWH
38428,Panskura Howrah Emu,PKU,HWH
38434,Panskura Howrah Emu,PKU,HWH
38435,Howrah Panskura Emu,HWH,PKU
38439,Howrah Panskura Emu,HWH,PKU
38441,Howrah Panskura Emu,HWH,PKU
38444,Panskura Howrah Emu,PKU,HWH
38445,Howrah Panskura Emu,HWH,PKU
38448,Panskura Howrah Emu,PKU,HWH
38449,Howrah Panskura Emu,HWH,PKU
38450,Panskura Howrah Emu,PKU,HWH
38453,Howrah Panskura Emu,HWH,PKU
38455,Howrah Panskura Emu,HWH,PKU
38457,Howrah Panskura Emu,HWH,PKU
38463,Howrah Panskura Emu,HWH,PKU
38464,Panskura Howrah Emu,PKU,HWH
38467,Howrah Panskura Emu,HWH,PKU
38469,Howrah Panskura Emu,HWH,PKU
38633,Howrah Kharagpur Ladies Special,HWH,KGP
38821,Howrah-Kolaghat Emu,HWH,KIG
38846,Kolaghat-Howrah Emu,KIG,HWH
40021,Chennai Beach Pallavaramemu,MSB,PV
40023,Chennai Beach St. Thomas Mount Fast Emu,MSB,STM
40501,Chennai Beach Chengulpet Emu,MSB,CGL
40503,Chennai Beach Chengulpet Emu,MSB,CGL
40505,Chennai Beach Chengulpet Emu(12 Car),MSB,CGL
40507,Chennai Beach Chengulpet Emu,MSB,CGL
40509,Chennai Beach Chengulpet Emu,MSB,CGL
40511,Chennai Beach Chengulpet Emu,MSB,CGL
40513,Chennai Beach Chengulpet Emu(12 Car),MSB,CGL
54056,Delhi Moradabad Passenger,DLI,MB
54305,Moradabad Hapur Passenger,MB,HPU
54307,Moradabad Delhi Passenger,MB,DLI
54314,Moradabad Chandausi Passenger,MB,CH
54315,Moradabad Sahranpur Passenger,MB,SRE
54395,Moradabad -  Najibabad  Passenger,MB,NBD
54398,Moradabad Sambahal Hatim Sarai Pass,MB,SHTS
55311,Moradabad - Kashipur Passenger,MB,KPV
55323,Moradabad - Ramnagar Passenger,MB,RMR
58127,Jharsuguda Sambalpur Passenger,JSG,SBP
58135,Jharsuguda Sambalpur Passenger,JSG,SBP
58137,Jharsuguda Sambalpur Passenger,JSG,SBP
12288,Dehradun - Kochuveli Sf Express,DDN,KCVL
12665,Howrah - Kanniyakumari Sf Exp,HWH,CAPE
12778,Trivandrum Kochuveli - Hubli Sf Exp,KCVL,UBL
14707,Bikaner - Mumbai Bandra Ranakpur Exp,BKN,BDTS
16352,Nagercoil - Mumbai Cst Balaji Exp,NCJ,CSTM
16723,Chennai Egmore - Trivandrum Anantapuri Exp,MS,TVC
38468,Panskura Howrah Emu,PKU,HWH
38470,Panskura Howrah Emu,PKU,HWH
40515,Chennai Beach Chengulpet Emu,MSB,CGL
40517,Chennai Beach Chengulpet Emu(12 Car),MSB,CGL
40519,Chennai Beach Chengulpet Emu,MSB,CGL
40701,Chennai Beach Tirumalpur Emu,MSB,TMLP
40705,Chennai Beach Tirumalpur Local,MSB,TMLP
40707,Chennai Beach Tirumalpur Fast Emu,MSB,TMLP
40711,Chennai Beach Tirumalpur Semi Fast Emu,MSB,TMLP
41001,Chennai Beach Velachery Emu,MSB,VLCY
41003,Chennai Beach Velachery Emu,MSB,VLCY
41005,Chennai Beach Velachery Emu,MSB,VLCY
41007,Chennai Beach Velachery Emu,MSB,VLCY
41009,Chennai Beach Velachery Emu,MSB,VLCY
41011,Chennai Beach Velachery Emu,MSB,VLCY
41013,Chennai Beach Velachery Emu,MSB,VLCY
41015,Chennai Beach Velachery Emu,MSB,VLCY
41017,Chennai Beach Velachery Emu,MSB,VLCY
41019,Chennai Beach Velachery Emu,MSB,VLCY
41023,Chennai Beach Velachery Emu,MSB,VLCY
41025,Chennai Beach Velachery Emu,MSB,VLCY
41027,Chennai Beach Velachery Emu,MSB,VLCY
41029,Chennai Beach Velachery Emu,MSB,VLCY
41031,Chennai Beach Velachery Emu,MSB,VLCY
41033,Chennai Beach Velachery Emu,MSB,VLCY
41035,Chennai Beach Velachery Emu,MSB,VLCY
41037,Chennai Beach Velachery Emu,MSB,VLCY
41039,Chennai Beach Velachery Emu,MSB,VLCY
41041,Chennai Beach Velachery Emu,MSB,VLCY
41043,Chennai Beach Velachery Emu,MSB,VLCY
41045,Chennai Beach Velachery Emu,MSB,VLCY
41047,Chennai Beach Velachery Emu,MSB,VLCY
41049,Chennai Beach Velachery Emu,MSB,VLCY
41051,Chennai Beach Velachery Emu,MSB,VLCY
41053,Chennai Beach Velachery Emu,MSB,VLCY
41055,Chennai Beach Velachery Emu,MSB,VLCY
55303,Moradabad - Kathgodam Pass,MB,KGM
55305,Moradabad - Ramnagar Fast Passenger,MB,RMR
55307,Moradabad - Ramnagar Passenger,MB,RMR
55309,Moradabad  - Ramnagar Passenger,MB,RMR
55321,Moradabad  - Ramnagar Passenger,MB,RMR
40516,Chengulpet Chennai Beach Semi Fast Emu (12 Car),CGL,MSB
40518,Chengulpet Chennai Beach Semi Fast Emu (12 Car),CGL,MSB
40520,Chengulpet Chennai Beach Semi Fast Emu (12 Car),CGL,MSB
40521,Chennai Beach Chengulpet Emu,MSB,CGL
40522,Chengulpet Chennai Beach Semi Fast Emu (12 Car),CGL,MSB
40523,Chennai Beach Chengulpet Emu,MSB,CGL
40524,Chengulpet Chennai Beach Emu,CGL,MSB
40526,Chengulpet Chennai Beach Fast Emu,CGL,MSB
40601,Chennai Beach Chengulpet Emu,MSB,CGL
40704,Tirumalpur Chennai Beach Fast Emu,TMLP,MSB
40706,Tirumalpur Chennai Beach Fast Emu,TMLP,MSB
41059,Chennai Beach Velachery Emu,MSB,VLCY
41063,Chennai Beach Velachery Emu,MSB,VLCY
41067,Chennai Beach Velachery Emu,MSB,VLCY
41069,Chennai Beach Velachery Emu,MSB,VLCY
41071,Chennai Beach Velachery Emu,MSB,VLCY
41073,Chennai Beach Velachery Emu,MSB,VLCY
41075,Chennai Beach Velachery Emu,MSB,VLCY
41077,Chennai Beach Velachery Emu,MSB,VLCY
41079,Chennai Beach Velachery Emu,MSB,VLCY
41081,Chennai Beach Velachery Emu,MSB,VLCY
41083,Chennai Beach Velachery Emu,MSB,VLCY
41085,Chennai Beach Velachery Emu,MSB,VLCY
41087,Chennai Beach Velachery Emu,MSB,VLCY
41089,Chennai Beach Velachery Emu,MSB,VLCY
41091,Chennai Beach Velachery Emu,MSB,VLCY
41093,Chennai Beach Velachery Emu,MSB,VLCY
41095,Chennai Beach Velachery Emu,MSB,VLCY
41097,Chennai Beach Velachery Emu,MSB,VLCY
41099,Chennai Beach Velachery Emu,MSB,VLCY
41101,Chennai Beach Velachery Emu,MSB,VLCY
41103,Chennai Beach Velachery Emu,MSB,VLCY
41105,Chennai Beach Velachery Emu,MSB,VLCY
41107,Chennai Beach Velachery Emu,MSB,VLCY
41109,Chennai Beach Velachery Emu,MSB,VLCY
41111,Chennai Beach Velachery Emu,MSB,VLCY
41113,Chennai Beach Velachery Emu,MSB,VLCY
41115,Chennai Beach Velachery Emu,MSB,VLCY
41117,Chennai Beach Velachery Emu,MSB,VLCY
41119,Chennai Beach Velachery Emu,MSB,VLCY
41121,Chennai Beach Velachery Emu,MSB,VLCY
41123,Chennai Beach Velachery Emu,MSB,VLCY
42404,Spe-Mas Emu Local,SPE,MAS
42406,Spe-Mas Emu Local,SPE,MAS
42408,Sullurpetta Chennai Central Emu,SPE,MAS
52941,Gandhigram - Sbi-Btd Passenger,GG,BTDF
54308,Delhi Moradabad Passenger,DLI,MB
41064,Vlcy Msb Local,VLCY,MSB
41066,Velachery Chennai Local,VLCY,MSB
41112,Velachery Chennai Beach Passenger,VLCY,MSB
41125,Chennai Beach Velachery Emu,MSB,VLCY
41127,Chennai Beach Velachery Emu,MSB,VLCY
41129,Chennai Beach Velachery Emu,MSB,VLCY
41131,Chennai Beach Velachery Emu,MSB,VLCY
41133,Chennai Beach Velachery Emu,MSB,VLCY
41505,Chennai Beach Velachery Sunday Emu,MSB,VLCY
41507,Chennai Beach Velachery Sunday Emu,MSB,VLCY
42412,Spe-Mas Emu Local,SPE,MAS
42414,Spe-Mas Emu Local,SPE,MAS
42416,Spe-Mas Emu Local,SPE,MAS
42420,Sullurpeta Chennai Emu,SPE,MAS
42422,Spe-Mas Emu Local,SPE,MAS
42452,Sullupetta Gummidipoondi Emu,SPE,GPD
42802,Spe-Msb Emu Local,SPE,MSB
43205,Chennai Central Tiruvallur Emu,MAS,TRL
43216,Tiruvallur Chennai Central Fast,TRL,MAS
43222,Tiruvallur Chennai Central Fast,TRL,MAS
43401,Chennai Central Arakkonam Fast,MAS,AJJ
43408,Arakkonam Chennai Central Fast,AJJ,MAS
43501,Chennai Tiruttani Emu,MAS,TRT
43506,Tiruttani Chennai Central Local,TRT,MAS
43551,Arakkonam Tiruttani Emu,AJJ,TRT
43552,Tiruttani Arakkonam Emu,TRT,AJJ
43553,Arakkonam Tiruttani Emu,AJJ,TRT
43554,Tiruttani Arakkonam Emu,TRT,AJJ
43801,Chennai Beach Arakkonam Emu,MSB,AJJ
43803,Chennai Beach Arakkonam Emu,MSB,AJJ
43806,Arakkonam Chennai Beach Fast,AJJ,MSB
43823,Chennai Beach Tiruttani Fast,MSB,TRT
43851,Ponneri Tiruvallur Emu,PON,TRL
43892,Pattabiram East Avadi Emu,PRES,AVD
43921,Tiruvallur Kadambattur Emu,TRL,KBT
47101,Hyderabad Lingampalli Mmts,HYB,LPI
47102,Hyderabad Lingampalli Mmts,HYB,LPI
47103,Hyderabad Lingampalli Mmts,HYB,LPI
47104,Hyderabad Lingampalli Mmts,HYB,LPI
47105,Hyderabad Lingampalli Mmts,HYB,LPI
47106,Hyderabad Lingampalli Mmts,HYB,LPI
47107,Hyderabad Lingampalli Mmts,HYB,LPI
47108,Hyderabad Lingampalli Mmts,HYB,LPI
47109,Hyderabad Lingampalli Mmts,HYB,LPI
47110,Hyderabad Lingampalli Mmts,HYB,LPI
47111,Hyderabad Lingampalli Mmts,HYB,LPI
47112,Hyderabad Lingampalli Mmts,HYB,LPI
54313,Chandausi Moradabad Passenger,CH,MB
12952,Mumbai Rajdhani Express,NDLS,BCT
22404,New Delhi-Puducherry Sf Exp,NDLS,PDY
47113,Hyderabad Lingampalli Mmts,HYB,LPI
47114,Hyderabad Lingampalli Mmts,HYB,LPI
47116,Hyderabad Lingampalli Mmts,HYB,LPI
47117,Hyderabad Lingampalli Mmts,HYB,LPI
47118,Hyderabad Lingampalli Mmts,HYB,LPI
47119,Hyderabad Lingampalli Mmts,HYB,LPI
47120,Hyderabad Lingampalli Mmts,HYB,LPI
47121,Hyderabad Lingampalli Mmts,HYB,LPI
47122,Hyderabad Lingampalli Mmts,HYB,LPI
47127,Lingampalli Hyderabad Mmts,LPI,HYB
47128,Lingampalli Hyderabad Mmts,LPI,HYB
47129,Lingampalli Hyderabad Mmts,LPI,HYB
47130,Lingampalli Hyderabad Mmts,LPI,HYB
47132,Lingampalli Hyderabad Mmts,LPI,HYB
47133,Lingampalli Hyderabad Mmts,LPI,HYB
47134,Lingampalli Hyderabad Mmts,LPI,HYB
47135,Lingampalli Hyderabad Mmts,LPI,HYB
47136,Lingampalli Hyderabad Mmts,LPI,HYB
47137,Lingampalli Hyderabad Mmts,LPI,HYB
47138,Lingampalli Hyderabad Mmts,LPI,HYB
47139,Lingampalli Hyderabad Mmts,LPI,HYB
47140,Lingampalli Hyderabad Mmts,LPI,HYB
47141,Lingampalli Hyderabad Mmts,LPI,HYB
47142,Lingampalli Hyderabad Mmts,LPI,HYB
47149,Falaknuma Lingampalli Mmts,FM,LPI
47150,Falaknuma Lingampalli Mmts,FM,LPI
47151,Falaknuma Lingampalli Mmts,FM,LPI
47152,Matrabhoomi Ladies Spl Mmts,FM,LPI
47153,Falaknuma Lingampalli Mmts,FM,LPI
47154,Falaknuma Lingampalli Mmts,FM,LPI
47155,Falaknuma Lingampalli Mmts,FM,LPI
47156,Falaknuma Lingampalli Mmts*,FM,LPI
47157,Falaknuma Lingampalli Mmts,FM,LPI
47158,Falaknuma Lingampalli Mmts,FM,LPI
47159,Lingampalli Falaknuma Mmts,LPI,FM
47160,Falaknuma Lingampalli Mmts,FM,LPI
47161,Falaknuma Lingampalli Mmts,FM,LPI
47162,Falaknuma Lingampalli Mmts,FM,LPI
47163,Falaknuma Lingampalli Mmts,FM,LPI
47164,Falaknuma Lingampalli Mmts,FM,LPI
47165,Falaknuma Lingampalli Mmts,FM,LPI
47166,Falaknuma Lingampalli Mmts,FM,LPI
47168,Secunderabad Lingampalli Mmts,FM,SC
47170,Falaknuma Lingampalli Mmts,FM,LPI
47171,Lingampalli Falaknuma Mmts,LPI,FM
47124,Hyderabad Lingampalli Mmts,HYB,LPI
47125,Hyderabad Lingampalli Mmts,HYB,LPI
47143,Lingampalli Hyderabad Mmts,LPI,HYB
47144,Lingampalli Hyderabad Mmts,LPI,HYB
47145,Lingampalli Hyderabad Mmts,LPI,HYB
47146,Lingampalli Hyderabad Mmts,LPI,HYB
47147,Lingampalli Hyderabad Mmts,LPI,HYB
47148,Lingampalli Hyderabad Mmts,LPI,HYB
47174,Lingampalli Falaknuma Mmts,LPI,FM
47175,Lingampalli Falaknuma Mmts,LPI,FM
47176,Lingampalli Falaknuma Mmts,LPI,FM
47177,Lingampalli Falaknuma Mmts,LPI,FM
47178,Lingampalli Falaknuma Mmts,LPI,FM
47179,Lingampalli Falaknuma Mmts,LPI,FM
47180,Lingampalli Falaknuma Mmts,LPI,FM
47181,Lingampalli Falaknuma Mmts,LPI,FM
47182,Lingampalli Falaknuma Mmts,LPI,FM
47183,Lingampalli Falaknuma Mmts,LPI,FM
47184,Lingampalli Falaknuma Mmts,LPI,FM
47185,Lingampalli Falaknuma Mmts,LPI,FM
47187,Lingampalli Falaknuma Mmts,LPI,FM
47188,Lingampalli Falaknuma Matrabhoomi Ladies Mmts,LPI,FM
47189,Lingampalli Falaknuma Mmts,LPI,FM
47190,Lingampalli-Falaknuma Matrubhoomi Ladies Spl Mmts,LPI,FM
47191,Lingampalli Falaknuma Mmts,LPI,FM
47192,Lingampalli Falaknuma Mmts,LPI,FM
47195,Lingampalli Secunderabad Mmts,LPI,SC
47196,Secunderabad Hyderabad Mmts,SC,HYB
47197,Falaknuma Hyderabad Mmts,FM,HYB
47198,Falaknuma Secunderabad Mmts,FM,LPI
47199,Falaknuma Hyderabad Mmts,FM,HYB
47200,Falaknuma Hyderabad Mmts,FM,HYB
47201,Falaknuma Hyderabad Mmts,FM,HYB
47202,Falaknuma Hyderabad Mmts,FM,HYB
47203,Falaknuma Lingampalli Mmts,FM,LPI
47204,Falaknuma Secunderabad Mmts,FM,SC
47206,Hyb Falaknuma Local,HYB,FM
47208,Hyderabad Falaknuma Mmts,HYB,FM
47209,Hyderabad Falaknuma Mmts,HYB,FM
47211,Falaknuma - Lingampalli Mathrubhoomi (Ladies Spl),FM,LPI
47214,Falaknuma - Lingampalli Mmts,FM,LPI
47216,Falaknuma - Lingampalli Mmts,FM,LPI
47218,Falaknuma - Lingampalli Mmts,FM,LPI
47220,Falaknuma - Lingampalli Mmts,FM,LPI
50104,Ratnagiri Dadar Passenger,RN,DR
54306,Hapur Moradabad Passenger,HPU,MB
56214,Tirupati - Chamarajanagar Fast Passenger,TPTY,CMNR
12393,Sampoorna Kranti Express,RJPB,NDLS
15235,Howrah-Darbhanga Express,HWH,DBG
18612,Varanasi-Ranchi Express,BSB,RNC
19303,Intercity Express,RTM,BPL
47193,Lingampalli Falaknuma Mmts,LPI,FM
47194,Lingampalli Falaknuma Mmts,LPI,FM
47210,Lingampalli Falaknuma Mmts,LPI,FM
47212,Lingampalli Falaknuma Mmts,LPI,FM
47213,Lingampalli Falaknuma Mmts,LPI,FM
47215,Lingampalli Falaknuma Mmts,LPI,FM
47217,Lingampalli Falaknuma Mmts,LPI,FM
47219,Lingampalli Falaknuma Mmts,LPI,FM
50107,Sawantwadi Madgaon Passenger,SWV,MAO
50108,Madgaon Sawantwadi Passenger,MAO,SWV
51027,Mumbaicst-Pandharpur Fast Passenger,CSTM,PVR
51028,Pandharpur-Mumbai Fast Passenger,PVR,CSTM
51029,Bijapur Fast Passenger,CSTM,BJP
51030,Bijapur Mumbai Fast Passenger,BJP,CSTM
51033,Mumbai Sainagar Shirdi Fast Pass(Via Daund),CSTM,SNSI
51034,Sainagar Shirdi-Mumbai Fast Passenger(Via Daund),SNSI,CSTM
51116,Dhule Dadar Passenger Composite,DHI,DR
51117,Katni Chopan Mix Passenger,KTE,CPU
51118,Chopan Katni Passenger,CPU,KTE
51135,Badnera Amravati Passenger,BD,AMI
51136,Amravati Badnera Passenger,AMI,BD
51137,Badnera Amravati Passenger,BD,AMI
51138,Amravati Badnera Passenger,AMI,BD
51139,Badnera Amravati Passenger,BD,AMI
51140,Amravati Badnera Passenger,AMI,BD
51141,Badnera Amravati Passenger,BD,AMI
51142,Amravati Badnera Passenger,AMI,BD
51145,Badnera Amravati Mix Passenger,BD,AMI
51146,Amravati Badnera Passenger,AMI,BD
51147,Badnera Amravati Passenger,BD,AMI
51148,Amravati Badnera Passenger,AMI,BD
51149,Badnera Amravati Passenger,BD,AMI
51150,Amravati Badnera Passenger,AMI,BD
51181,Devlali Bhusaval Passenger,DVL,BSL
51182,Bhusaval Devlali Passenger,BSL,DVL
51187,Bhusaval - Katni Passenger,BSL,KTE
51188,Katni - Bhusaval Passenger,KTE,BSL
51190,Allahabad - Itarsi Passenger,ALD,ET
51197,Bhusaval Wardha Passenger,BSL,WR
51198,Wardha Bhusaval Passenger,WR,BSL
54316,Saharanpur Moradabad Passenger,SRE,MB
54391,Aligarh -  Moradabad Passenger,ALJN,MB
54396,Najibabad - Moradabad Passenger,NBD,MB
12434,Delhi H.Nizamuddin-Chennai Central Rajdhani Expres,NZM,MAS
50105,Diva Sawantwadi Passenger,DIVA,SWV
51153,Mumbai Bhusaval Passenger,CSTM,BSL
51154,Bhusaval Mumbai Passenger,BSL,CSTM
51157,Bhusaval Itarsi Passenger,BSL,ET
51183,Bhusaval Amravati Passenger,BSL,AMI
51195,Wardha Balharshah Passenger,WR,BPQ
51254,Chhindwara Amla Passenger,CWA,AMLA
51255,Junnor Deo Chhindwara Passenger,JNO,CWA
51256,Chhindwara Junnor Deo Passenger,CWA,JNO
51259,Wardha Nagpur Passenger,WR,NGP
51260,Nagpur Wardha Passenger,NGP,WR
51262,Wardha Amravati Passenger,WR,AMI
51286,Nagpur Bhusaval Passenger,NGP,BSL
51293,Nagpur Amla Passenger,NGP,AMLA
51294,Amla Nagpur Passenger,AMLA,NGP
51323,Daund Baramati Shuttle,DD,BRMT
51325,Pune-Daund Shuttle,PUNE,DD
51327,Daund -Baramati Shuttle.,DD,BRMT
51348,Baramati Daund Passenger,BRMT,DD
51350,Daund-Pune Fast Shuttle,DD,PUNE
51353,Pune -Daund Shuttle.,PUNE,DD
51401,Pune Manmad Passenger(Via Daund),PUNE,MMR
51402,Manmad-Pune Passenger(Via Daund),MMR,PUNE
51405,Miraj- Castle Rock Passenger,MRJ,CLR
51406,Castle Rock Miraj Passenge,CLR,MRJ
51407,Miraj-Kolhapur Passenger,MRJ,KOP
51408,Kolhapur Miraj Passenger,KOP,MRJ
51411,Bellary-Dharwar Passenger,BAY,DWR
51412,Hubli Bellary Passenger,UBL,BAY
51417,Karjat Pune Passenger,KJT,PUNE
51418,Pune Karjat Passenger,PUNE,KJT
51419,Miraj Hubli Passenger,MRJ,UBL
51420,Hubli Miraj Passenger,UBL,MRJ
51423,Igatpuri Manmad Shuttle,IGP,MMR
51424,Manmad Igatpuri Shuttle,MMR,IGP
51425,Parlivaijnath-Miraj Passenger,PRLI,MRJ
51426,Miraj-Parli Vaijnath Passenger,MRJ,PRLI
51427,Miraj C Shahu Maharaj Passenger,MRJ,KOP
51428,C Shahu Maharaj Miraj Passenger,KOP,MRJ
51429,Sangli-Kolhapur Passenger,SLI,KOP
51430,C Shahu Maharaj Sangli Passenger,KOP,SLI
51431,Miraj -Londa Passenger,MRJ,LD
51432,Londa-Miraj Passenger,LD,MRJ
54394,Gajraula Moradabad Passenger,GJL,MB
54397,Moradabad Sambahal Hatim Sarai Pass,SHTS,MB
55302,Kgm-Mb Pass.,KGM,MB
55304,Kathgodam - Moradabad Pass,KGM,MB
12368,Vikramshila Express,ANVT,BGP
51284,Amravati Bhusaval Passenger,AMI,BSL
51324,Baramati-Daund- Pune Passenger,BRMT,PUNE
51326,Baramati-Daund- Pune Shutte,BRMT,PUNE
51409,Pune -Shree Chatrapati Shahu M(T) Kolhapur Pass,PUNE,KOP
51410,Shree Chatrapati Shahu M(T) Kolhapur- Pune Passenger,KOP,PUNE
51421,Pune-Nizamabad Pass,PUNE,NZB
51422,Nizamabad Pune Passenger,NZB,PUNE
51433,Nizamabad Pandharpur Passenger,NZB,PVR
51434,Pandharpur Nizamabad Passenger,PVR,NZB
51441,Satara C Shahu Maharaj Passenger,STR,KOP
51442,C Shahu Maharaj Pune Passenger,KOP,STR
51445,Pandharpur Miraj Passenger,PVR,MRJ
51446,Miraj Pandharpur Passenger,MRJ,PVR
51449,Pune Solapur Passenger,PUNE,SUR
51450,Solapur Pune Passenger,SUR,PUNE
51455,Pune Solapur Passenger,PUNE,SUR
51456,Sholapur Pune Passenger,SUR,PUNE
51458,Dharwad Hubli Passenger,DWR,UBL
51461,Miraj Belgaum Passenger,MRJ,BGM
51462,Belgaum Miraj Passenger,BGM,MRJ
51463,Miraj Belgaum Passenger,MRJ,BGM
51464,Belgaum Miraj Passenger,BGM,MRJ
51601,Bina Katni Passenger,BINA,KTE
51602,Katni Bina Passenger,KTE,BINA
51605,Katni Chirmiri Passenger,KTE,CHRM
51607,Bina Guna Passenger,BINA,GUNA
51608,Guna Bina Passenger,GUNA,BINA
51609,Bina Guna Passenger,BINA,GUNA
51610,Guna Bina Passenger,GUNA,BINA
51611,Kota - Bina Passenger,KOTA,BINA
51612,Bina - Kota Passenger,BINA,KOTA
51614,Katni - Kota Passenger,KMZ,KOTA
51632,Bina Bhopal Passenger,BINA,BPL
51674,Satna - Itarsi Passenger,STA,ET
51675,Katni Chopan Fast Passenger,KTE,CPU
51676,Chopan Katni Passenger,CPU,KTE
51677,Chopan Shaktinagar Passenger,CPU,SKTN
51678,Shaktinagar Chopan Passenger,SKTN,CPU
51683,Khandwa Bir Shuttle,KNW,BIR
51684,Bir Khandwa Shuttle,BIR,KNW
51685,Khandwa Bir Shuttle,KNW,BIR
51686,Bir Khandwa Shuttle,BIR,KNW
51687,Khandwa Bir Shuttle,KNW,BIR
51688,Bir Khandwa Shuttle,BIR,KNW
51689,Khandwa Bir Shuttle,KNW,BIR
51701,Jabalpur - Rewa Passenger,JBP,REWA
53450,Bhagalpur Banka Passenger,BGP,BAKA
51435,Pune Satara Passenger,PUNE,STR
51436,Satara Pune Passenger,STR,PUNE
51451,Pune-Daund- Baramati Passenger,PUNE,BRMT
51452,Baramati-Daund-Pune Passenger,BRMT,PUNE
51603,Sagar Katni Passenger,SGO,KTE
51690,Bir Khandwa Shuttle,BIR,KNW
51751,Rewa Bilaspur Fast Passenger,REWA,BSP
51752,Bilaspur Rewa Fast Passenger,BSP,REWA
51753,Rewa Chirmiri Fast Passenger,REWA,CHRM
51754,Chirmiri Rewa Fast Passenger,CHRM,REWA
51755,Chirmiri Manendragarh Passenger,CHRM,MDGR
51756,Manendragarh Chirmiri Passenger,MDGR,CHRM
51763,Satna Manikpur Passenger,STA,MKP
51764,Manikpur Satna Passenger,MKP,STA
51765,Satna Manikpur Passenger,STA,MKP
51766,Manikpur Satna Passenger,MKP,STA
51767,Katni Satna Passenger,KTE,STA
51768,Satna Katni Passenger,STA,KTE
51777,Gwalior Bhind Passenger,GWL,BIX
51778,Bhind Gwalior Passenger,BIX,GWL
51779,Gwalior Bhind Passenger,GWL,BIX
51780,Bhind Gwalior Passenger,BIX,GWL
51801,Mahoba Kanpur Pass,MBA,CNB
51802,Kanpur Mahoba Passenger,CNB,MBA
51803,Mahoba Banda Passenger,MBA,BNDA
51804,Banda Mahoba Passenger,BNDA,MBA
51805,Jhansi Banda Passenger,JHS,BNDA
51806,Banda Jhansi Passenger,BNDA,JHS
51807,Banda Manikpur Passenger,BNDA,MKP
51808,Manikpur Banda Passenger,MKP,BNDA
51809,Kanpur Tundla Passenger,CNB,TDL
51810,Tundla Kanpur Passenger,TDL,CNB
51811,Bina Jhansi Passenger,BINA,JHS
51812,Jhansi Bina Passenger,JHS,BINA
51813,Jhansi Lucknow Passenger,JHS,LKO
51814,Lucknow-Jhansi Passenger,LKO,JHS
51815,Jhansi Agra Passenger,JHS,AGC
51818,Bandikui Agra Pass,BKI,AF
51819,Jhansi Allahabad Passenger,JHS,ALD
51821,Jhansi - Khujuraho Passenger,JHS,KURJ
51822,Khujuraho - Jhansi Passenger,KURJ,JHS
51828,Jhansi Itarsi Passenger,JHS,ET
51829,Nagpur Itarsi Passenger,NGP,ET
51830,Itarsi Nagpur Passenger,ET,NGP
51831,Jhansi Agra Passenger,JHS,AGC
51832,Agra Jhansi Passenger,AGC,JHS
51861,Ait Konch Passenger,AIT,KNH
55306,Ramnagar - Moradabad Fast Passenger,RMR,MB
51823,Farukhabad Allahabad Kanpur Passenger,ALD,FBD
51824,Farrukhabad Allahabad Passenger,FBD,ALD
51825,Kanpur Farrukhabaad Passenger,CNB,FBD
51826,Farrukhabad Kanpur Passenger,FBD,CNB
51863,Ait Konch Passenger,AIT,KNH
51864,Konch Ait Passenger,KNH,AIT
51865,Ait Konch Passenger,AIT,KNH
51866,Konch Ait Passenger,KNH,AIT
51867,Ait Konch Passenger,AIT,KNH
51868,Konch Ait Passenger,KNH,AIT
51869,Ait Konch Passenger,AIT,KNH
51870,Konch Ait Passenger,KNH,AIT
51901,Agra Delhi Passenger,AGC,DLI
51902,Delhi Agra Passenger,DLI,AGC
51903,Delhi Rohtak Passenger,DLI,ROK
51904,Rohtak Delhi Passenger,ROK,DLI
51905,Delhi Shamli Passenger,DLI,SMQL
51906,Shamli Delhi Passenger,SMQL,DLI
51907,Shamli Saharanpur Passenger,SMQL,SRE
51908,Saharanpur Shamli Passenger,SRE,SMQL
51910,Saharanpur Delhi Passenger,SRE,DLI
51911,Delhi Shamli Saharanpur Passenger,DLI,SRE
51912,Saharanpur Delhi Passenger,SRE,DLI
51913,Delhi - Saharanpur Passenger,DLI,SRE
51914,Saharanpur - Delhi Passenger,SRE,DLI
51915,Delhi - Farukh Nagar Passenger,DLI,FN
51916,Farukh Nagar - Delhi Passenger,FN,DLI
51971,Mathura Alwar Passenger,MTJ,AWR
51972,Alwar Mathura Passenger,AWR,MTJ
51973,Mathura Alwar Bandikui Passenger,MTJ,BKI
51974,Bandikui Mathura Passenger,BKI,MTJ
51975,Kasganj-Mathura Passenger,KSJ,MTJ
51976,Mathura-Kasganj Passenger,MTJ,KSJ
52002,Waghai Bilimora Mix Passenger,WGI,BIM
52003,Bilimora Waghai Mix Passenger,BIM,WGI
52004,Waghai Bilimora Mix Passenger,WGI,BIM
52011,Bilimora Waghai Pass,BIM,WGI
52012,Waghai Bilimora Pass,WGI,BIM
52013,Bilimora Waghai Pass,BIM,WGI
52014,Waghai Bilimora Pass,WGI,BIM
52015,Bharuch Kavi Passenger,BH,KAVI
52020,Dabhoi Miyagam Passenger,CDD,MYG
52021,Moti Koral Miyagam Mix Passenger,MKRL,MYG
52022,Miyagam Moti Koral Mix Passenger,MYG,MKRL
52023,Malsar Dabhoi Mix Passenger,MLSR,DB
52024,Dabhoi Malsar Mix Passenger,DB,MLSR
55308,Ramnagar - Moradabad Passenger,RMR,MB
55310,Ramnagar - Moradabad Passenger,RMR,MB
51881,Gwalior Agra Fast Passenger,GWL,AGC
51883,Bina Gwalior Passenger,BINA,GWL
51884,Gwalior Bina Passenger,GWL,BINA
52025,Dabhoi Chandod Mix Passenger,DB,CDD
52026,Chandod Dabhoi Mix Passenger,CDD,DB
52027,Choranda Dabhoi Mix Passenger,CRND,DB
52028,Dabhoi Choranda Mix Passenger,DB,CRND
52033,Jambusar Pratapnagar Mix Passenger,JMB,PRTN
52034,Pratapnagar Jambusar Mix Passenger,PRTN,JMB
52035,Jambusar Pratapnagar Passenger,JMB,PRTN
52036,Pratapnagar Jambusar Passenger,PRTN,JMB
52037,Nadiad Bhadran Mix Passenger,ND,BDRN
52038,Bhadran Nadiad Mix Passenger,BDRN,ND
52041,Miyagam Dabhoi Mix Passenger,MYGL,DB
52042,Dabhoi Jn Miyagam Jn Ng Passenger,DB,MYGL
52045,Miyagam Dabhoi Mix Passenger,MYG,DB
52046,Dabhoi Miyagam Mix Passenger,DB,MYG
52048,Umarpada Kosamba Passenger,UMPD,KSB
52072,Mavli - Bari Sadri Passenger,MVJ,BI
52073,Marwar Mavli Passenger,MJ,MVJ
52074,Mavli Marwar Passenger,MVJ,MJ
52075,Marwar Mavli Passenger,MJ,MVJ
52076,Mavli Marwar Passenger,MVJ,MJ
52082,Loharu Jaipur Passenger,LHU,JP
52083,Jaipur Loharu Passenger,JP,LHU
52084,Loharu Jaipur Passenger,LHU,JP
52085,Jaipur Churu Passenger,JP,CUR
52086,Churu Jaipur Passenger,CUR,JP
52087,Sikar Churu Passenger,SIKR,CUR
52088,Churu Sikar Passenger,CUR,SIKR
52101,Neral Matheran Passenger,NRL,MAE
52102,Matheran Neral Passenger,MAE,NRL
52103,Neral Matheran Passenger,NRL,MAE
52104,Matheran Neral Passenger,MAE,NRL
52105,Neral Matheran Passenger,NRL,MAE
52106,Matheran Neral Passenger,MAE,NRL
52108,Matheran Neral Passenger,MAE,NRL
52109,Neral Matheran Passenger,NRL,MAE
52110,Matheran Neral Passenger,MAE,NRL
52121,Pachora Jamner Passenger,PC,JMNR
52123,Pachora Jamner Passenger,PC,JMNR
52131,Murtajapur Yavatmal Passenger,MZR,YTL
52132,Yavatmal Murtajapur Passenger,YTL,MZR
52137,Murtajapur Achalpur Passenger,MZR,ELP
52138,Achalpur Murtajapur Passenger,ELP,MZR
52143,Pulgaon Arvi Passenger,PLO,ARVI
52144,Arvi Pulgaon Passenger,ARVI,PLO
55312,Kashipur - Moradabad Passenger,KPV,MB
14055,Dibrugarh - Old Delhi Brahmaputra Exp,DBRG,DLI
15959,Howrah - Dibrugarh Kamrup Exp,HWH,DBRG
52122,Jamner Pachora Passenger,JMNR,PC
52124,Jamner Pachora Passenger,JMNR,PC
52171,Gwalior Sheopur Passenger,GWO,SOE
52172,Sheopur Gwalior Passenger,SOE,GWL
52174,Sabalgarh Gwalior Passenger,SBL,GWL
52175,Gwalior Sabalgarh Fast Passenger,GWL,SBL
52177,Sabalgarh Sheopur Passenger,SBL,SOE
52178,Sheopur Sabalgarh Passenger,SOE,SBL
52181,Dhaulpur Tantpur Passenger,DHO,TPO
52182,Tantpur Mohari Bari Passenger,TPO,BARI
52183,Bari Mohari Sirmuttra Passenger,BARI,SRMT
52201,Kasganj Lalkuan Passenger,KSJF,LKKA
52202,Lalkuan Kasganj Passenger,LKKA,KSJF
52203,Kasganj Tanakpur Passenger,KSJF,TPU
52204,Tanakpur-Bareilly Passenger,TPU,KSJF
52205,Kasganj Pilibhit Passenger,KSJF,PBE
52206,Pilibhit Kasganj Passenger,PBE,KSJF
52207,Kasganj Pilibhit Passenger,KSJF,PBE
52208,Pilibhit Kasganj Passenger,PBE,KSJF
52209,Bareilly Lalkuan Passenger,BRY,LKKA
52210,Lalkuan Bareilly Passenger,LKKA,BRY
52211,Bareilly Lal Kuan Passenger,BRY,LKKA
52212,Lal Kuan Bareilly Passenger,LKKA,BRY
52214,Mailani Bareilly Passenger,MLN,BRY
52215,Bareilly Pilibhit Passenger,BRY,PBE
52216,Pilibhit Bareilly Passenger,PBE,BRY
52217,Kasganj Bareilly Passenger,KSJF,BRY
52218,Bareilly Kasganj Passenger,BRY,KSJF
52219,Pilibhit Tanakpur Passenger,PBE,TPU
52220,Tanakpur Pilibhit Passenger,TPU,PBE
52221,Pilibhit Mailani Passenger,PBE,MLN
52222,Mailani Pilibhit Passenger,MLN,PBE
52223,Pilibhit Mailani Passenger,PBE,MLN
52224,Lakhimpur Pilibhit Passenger,LMP,PBE
52225,Pilibhit Lakhimpur Passenger,PBE,LMP
52226,Mailani Pilibhit Passenger,MLN,PBE
52227,Pilibhit Tanakpur Passenger,PBE,TPU
52229,Shahjahanpur Tanakpur Passenger,SZP,TPU
52230,Tanakpur Shahjahanpur Passenger,TPU,SZP
52231,Pilibhit Shahjahanpur Passenger,PBE,SZP
52232,Shahjahanpur Pilibhit Passenger,SZP,PBE
52233,Pilibhit Shahjahanpur Passenger,PBE,SZP
52234,Shahjahanpur Pilibhit Passenger,SZP,PBE
52235,Pilibhit Shahjahanpur Passenger,PBE,SZP
55324,Ramnagar - Moradabad Passenger,RMR,MB
52176,Sabalgarh Gwalior Fast Passenger,SBL,GWL
52180,Sirmuttra Dhaulpur Passenger,SRMT,DHO
52184,Sirmuttra Dhaulpur Passenger,SRMT,DHO
52236,Shahjahanpur Pilibhit Passenger,SZP,PBE
52237,Pilibhit - Aishbagh Pass,PBE,ASSH
52239,Tikunia - Aishbagh Passenger,TQN,ASSH
52240,Aishbagh - Tikunia Passenger,ASSH,TQN
52241,Mailani Aishbagh Passenger,MLN,ASH
52242,Aishbagh Mailani Passenger,ASH,MLN
52243,Pilibhit - Aishbagh Passenger,PBE,ASSH
52245,Mailani  - Aishbagh Passenger,MLN,ASSH
52246,Aishbagh - Mailani Passenger,ASSH,MLN
52247,Mailani Sitapur Passenger,MLN,STP
52248,Sitapur Mailani Passenger,STP,MLN
52249,Sitapur Aishbagh Passenger,STP,ASH
52250,Aishbagh - Sitapur  Passenger,ASSH,STP
52251,Sitapur - Aishbagh Passenger,STP,ASSH
52252,Aishbagh Sitapur Passenger,ASH,STP
52254,Mailani Gonda Passenger,MLN,GD
52255,Gonda Bareilly Passenger,GD,BRY
52257,Gonda Mailani Passenger,GD,MLN
52258,Mailani Gonda Passenger,MLN,GD
52259,Gonda Mailani Passenger,GD,MLN
52260,Mailani Gonda Passenger,MLN,GD
52261,Gonda Nepalganj Passenger,GD,NPR
52262,Nepalganj Gonda Passenger,NPR,GD
52263,Gonda Nepalganj Passenger,GD,NPR
52264,Nepalganj Gonda Passenger,NPR,GD
52265,Gonda Nepalganj Passenger,GD,NPR
52266,Nepalganj Gonda Passenger,NPR,GD
52267,Gonda Nepalganj Passenger,GD,NPR
52268,Nepalganj Gonda Passenger,NPR,GD
52269,Anand Nagar Gonda Fast Passenger,ANDN,GD
52270,Gonda Anandnagar Passenger,GD,ANDN
52271,Anand Nagar Gonda Passenger,ANDN,GD
52272,Gonda Anandnagar Passenger,GD,ANDN
52274,Gonda Anandnagar Passenger,GD,ANDN
52276,Gonda Anandnagar Passenger,GD,ANDN
52277,Palia Kalan Mailani Passenger,PLK,MLN
52278,Mailani Palia Kalan Passenger,MLN,PLK
52280,Chhapra-Thawe Passenger,CPR,THE
52282,Chhapra Thawe Passenger,CPR,THE
52283,Thawe Chhapra Passenger,THE,CPR
52285,Thawe Chhapra Passenger,THE,CPR
52286,Chhapra Thawe Passenger,CPR,THE
52287,Thawe Chhapra Passenger,BRY,LKKA
52288,Chhapra Thawe Passenger,LKU,BRY
54311,Bareilly Moradabad Passenger,BE,MB
52273,Anand Nagar Gonda Passenger,ANDN,GD
52275,Anand Nagar Gonda Passenger,ANDN,GD
52295,Bareilly Lal Kuan Passenger,THE,CPR
52297,Pilibhit Shahjahanpur Passenger,PBE,SZP
52298,Shahjahanpur Pilibhit Passenger,SZP,PBE
52301,Balgona-Katwa Fast Local,BGNA,KWF
52302,Katwa Balgona Local,KWF,BGNA
52322,Saharsa-Forbesganj Passenger,SHC,FBG
52323,Forbesganj-Saharsa Passenger,FBG,SHC
52324,Saharsa-Forbesganj Passenger,SHC,FBG
52325,Forbesganj-Saharsa Passenger,FBG,SHC
52326,Saharsa-Forbesganj Passenger,SHC,FBG
52327,Forbesganj-Saharsa Passenger,FBG,SHC
52328,Saharsa-Forbesganj Passenger,SHC,FBG
52329,Forbesganj-Saharsa Passenger,FBG,SHC
52330,Saharsa-Forbesganj Passenger,SHC,FBG
52468,Baijnathpaprola  - Pathankot Passenger,BJPL,PTK
52471,Kangra Valley Rail Passenger,PTK,JDNX
52467,Kangra Valley Rail Passenger,PTK,BJPL
52470,Kangra Valley Rail Passenger,BJPL,PTK
16311,Bikaner - Kochuveli Express,BKN,KCVL
52472,Joginder Nagar - Pathankot Passenger,JDNX,PTK
52474,Kangra Valley Rail Passenger,JDNX,PTK
52501,Bhikhnathori Narkatiaganj Passenger,BKF,NKE
52502,Narkatiaganj Bhikhna Thori Passenger,NKE,BKF
52503,Bhikhnathori Narkatiaganj Passenger,BKF,NKE
52504,Narkatiaganj Bhikhna Thori Passenger,NKE,BKF
52505,Bhikhnathori Narkatiaganj Passenger,BKF,NKE
52506,Narkatiaganj Bhikhna Thori Passenger,NKE,BKF
52507,Raxaul-Narkatiaganj Passenger,RXL,NKE
52508,Narkatiganj Raxaul Passenger,NKE,RXL
52509,Raxaul Narkatiaganj Passenger,RXL,NKE
52510,Narkatiaganj Raxaul Passenger,NKE,RXL
52511,Raxaul Narkatiaganj Passenger,RXL,NKE
52512,Narkatiaganj Raxaul Passenger,NKE,RXL
52515,Jhanjharpur Laukaha Bazar Passenger,JJP,LKQ
52516,Laukaha Bazar Jhanjharpur Passenger,LKQ,JJP
52518,Laukaha Bazar Sakri Passenger,JJP,SKI
52519,Sakri Laukaha Bazar Passenger,SKI,JJP
52520,Laukaha Bazar Sakri Passenger,JJP,SKI
52521,Sakri Laukaha Bazar Passenger,SKI,JJP
52522,Laukaha Bazar Sakri Passenger,JJP,SKI
52523,Sakri Nirmali Passenger,SKI,NMA
52524,Nirmali Sakri Pass,NMA,SKI
52525,Sakri Nirmali Pass,SKI,NMA
52526,Nirmali Sakri Passenger,NMA,SKI
52527,Sakri Nirmali Pass,SKI,NMA
52528,Nirmali Sakri Pass,NMA,SKI
52529,Sakri Nirmali Pass,SKI,NMA
52530,Nirmali Sakri Pass,NMA,SKI
52531,Sakri Nirmali Pass,SKI,NMA
52532,Nirmali Sakri Pass,NMA,SKI
52534,Bihariganj Banmankhi Passenger,BHGJ,BNKI
52535,Banmankhi Bihariganj Passenger,BNKI,BHGJ
52536,Bihariganj Purnia Passenger,BHGJ,PRNA
52537,Purnia Bihariganj Passenger,BNKI,BHGJ
52538,Bihariganj Purnia Passenger,BHGJ,PRNA
52540,Darjeeling Kurseong Toy Train,DJ,KGN
52541,Kurseong Darjeeling Toy Train,NJP,DJ
52544,Darjeeling Kurseong Toy Train,DJ,KGN
52545,Kurseong Darjeeling Toy Train,KGN,DJ
52547,Darjeeling Joyride,DJ,DJRZ
52548,Darjeeling Himalayan Toy Train,DJ,DJRZ
52549,Darjeeling Himalayan Toy Train,DJ,DJRZ
52550,Darjeeling Joyride,DJ,DJRZ
52552,Murliganj-Purnia Passenger,MRIJ,PRNA
52553,Purnia Murliganj Passenger,PRNA,MRIJ
52566,Jiribam - Silchar Mg Passenger,JRBM,SCL
18005,Howrah - Jagdalpur Samaleshwari Exp,HWH,JDB
52554,Muraliganj Purnia Passenger,MRIJ,PRNA
52556,Budhma Banmankhi Passenger,BDMA,BNKI
52557,Banmankhi Budhma Passenger,BNKI,BDMA
52558,Budhma Banmankhi Passenger,BDMA,BNKI
52563,Agartala Silchar Passenger,AGTL,SCL
52564,Silchar Agartala Passenger,SCL,AGTL
52565,Silchar - Jiribam Mg Passenger,SCL,JRBM
52567,Badarpur Bhairabhi Passenger,BPB,BHRB
52568,Bhairabhi Badarpur Passenger,BHRB,BPB
52569,Karimganj Dullabcherra Passenger,KXJ,DLCR
52570,Dullabcherra Karimganj Passenger,DLCR,KXJ
52571,Karimganj Dullabcherra Passenger,KGN,DJ
52572,Dullabcherra Karimganj Passenger,DLCR,KXJ
52575,Agartala Dharmanagar Passenger,AGTL,DMR
52576,Dharmanagar Agartala Passenger,DMR,AGTL
52577,Dharmanagar Silchar Passenger,DMR,SCL
52578,Silchar Dharmanagar Passenger,SCL,DMR
52579,Agartala Dharmanagar Passenger,AGTL,DMR
52580,Dharmanagar Agartala Passenger,DMR,AGTL
52901,Mahesana Ahmedabad Passenger,MSH,ADI
52903,Mahesana Ahmedabad Passenger,MSH,ADI
52904,Ahmedabad Mahesana Passenger,ADI,MSH
52906,Ahmedabad Mahesana Passenger,ADI,MSH
52907,Mahesana Ahmedabad Passenger,MSH,ADI
52908,Ahmedabad Mahesana Passenger,ADI,MSH
52909,Mahesana Ahmedabad Passenger,MSH,ADI
52910,Ahmedabad Mahesana Fast Passenger,ADI,MSH
52911,Ranuj Ahmedabad Fast Passenger,RUJ,ADI
52912,Ahmedabad Ranuj Fast Passenger,ADI,RUJ
52913,Patan Ahmedabad Passenger,RUJ,ADI
52914,Ahmedabad Ranuj Passenger,ADI,RUJ
52915,Nandol Dehegam Ahmedabad Passenger,NHM,ADI
52916,Ahmedabad Nandol Dehegam Passenger,ADI,NHM
52917,Nandol Dehegam Ahmedabad Passenger,NHM,ADI
52918,Ahmedabad Nandol Dehegam Passenger,ADI,NHM
52919,Himmatnagar Ahmedabad Passenger,HMT,ADI
52920,Ahmedabad Himmatnagar Passenger,ADI,HMT
52921,Himmatnagar Ahmedabad Passenger,HMT,ADI
52922,Ahmedabad Himmatnagar Pass,ADI,HMT
52923,Khed Brahma Ahmedabad Passenger,KDBM,ADI
52924,Ahmedabad Khed Brahma Passenger,ADI,KDBM
52926,Ahmedabad Khed Brahma Passenger,ADI,KDBM
52927,Udaipur Ahmedabad Fast Passenger,UDZ,ADI
52928,Mewar Fast Passenger,ADI,UDZ
52929,Veraval Dhasa Passenger,VRL,DAS
52930,Dhasa Veraval Passenger,DAS,VRL
22464,Rajasthan Sampark Kranti Express,BKN,DEE
52931,Jetalsar Dhasa Passenger,JLR,DAS
52932,Dhasa Jetalsar Passenger,DAS,JLR
52933,Veraval Dhasa Passenger,VRL,DAS
52935,Ahmedabad Botad Passenger,GG,BTD
52937,Fatehabad Chowk Ujjain Passenger,FTD,UJN
52938,Botad Ahmedabad Passenger,BTD,GG
52939,Gandhigram Botad Passenger,GG,BTD
52942,Sbi-Btd - Gandhigram Passenger,BTDF,GG
52943,Ahmedabad Botad Passenger,GG,BTD
52945,Ahmedabad Botad Passenger,GG,BTD
52946,Dhasa Veraval Passenger,DAS,VRL
52947,Wansjaliya Dhassa Passenger,JLR,DAS
52948,Dhasa Wansjaliya Passenger,DAS,JLR
52949,Veraval Delvada Passenger,VRL,DVA
52950,Delvada Veraval Passenger,DVA,VRL
52951,Delvada Junagadh Passenger,DVA,JND
52952,Junagadh Delvada Passenger,JND,DVA
52953,Kodinar Veraval Passenger,KODR,VRL
52954,Veraval Kodinar Passenger,VRL,KODR
52955,Khijadiya Junagarh Pass,KJV,JND
52956,Junagadh Khijadiya Pass,JND,KJV
52957,Ratlam Mhow Fast Passenger,RTM,MHOW
52958,Mhow Ratlam Fast Passenger,MHOW,RTM
52959,Ratlam Mhow Fast Passenger,RTM,MHOW
52960,Mhow Ratlam Fast Passenger,MHOW,RTM
52961,Ratlam Mhow Fast Passenger,RTM,MHOW
52962,Mhow Ratlam Fast Passenger,MHOW,RTM
52963,Ratlam Mhow Fast Passenger,RTM,MHOW
52964,Mhow Ratlam Fast Passenger,MHOW,RTM
52965,Ratlam Mhow Fast Passenger,RTM,MHOW
52966,Mhow Ratlam Passenger,MHOW,RTM
52967,Indore Mhow Fast Passenger,INDM,MHOW
52968,Mhow Indore Fast Passenger,MHOW,INDM
52969,Ujjain Fatehabad Passenger,UJN,FTD
52970,Fatehabad Chowk Ujjain Passenger,FTD,UJN
52971,Ujjain Mhow Passenger,UJN,MHOW
52972,Mhow Ujjain Passenger,MHOW,UJN
52973,Ratlam Akola Passenger,RTM,AK
52975,Ratlam Akola Passenger,RTM,AK
52976,Akola Ratlam Fast Pass,AK,RTM
52977,Indore Mhow Fast Passenger,INDM,MHOW
52978,Mhow-Indore Passenger,MHOW,INDB
52979,Indore Mhow Passenger,INDB,MHOW
52980,Mhow - Indm Passenger,MHOW,INDB
52981,Indore Mhow Fast Passenger,INDB,MHOW
52982,Mhow Indore Mg Fast Passenger,MHOW,INDB
52983,Fatehabad Mhow Passenger,FTD,MHOW
14202,Rai Bareli Jaunpur Express,RBL,JNU
15632-Slip,Guwahati Barmer Express Slip,GHY,BKN
18508,Amritsar - Visakhapatnam Hirakud Exp,ASR,VSKP
25631,Bikaner Guwahati Express,BKN,GHY
52984,Mhow Fatehabad Fast Passenger,MHOW,FTD
52985,Indore Mg Mhow Passenger,INDB,MHOW
52986,Mhow Indore Mg Pass,MHOW,INDB
52987,Mhow Akola Fast Passenger,MHOW,AK
52988,Akola Mhow Fast Passenger,AK,MHOW
52989,Ujjain Mhow Passenger,UJN,MHOW
52990,Mhow Ujjain Passenger,MHOW,UJN
52991,Ujjain Khandwa Passenger,UJN,KNW
52992,Khandwa Ujjain Passenger Express,KNW,UJN
52993,Mhow Akola Passenger,MHOW,AK
52994,Akola Mhow Passenger,AK,MHOW
53001,Howrah Azimganj Passenger,HWH,AZ
53002,Azimganj Howrah Passenger,AZ,HWH
53003,Howrah Malda Town Fast Passenger,HWH,MLDT
53004,Malda Howrah Fast Passenger,MLDT,HWH
53006,Azimganj Katwa Passenger,AZ,KWAE
53007,Katwa Rampurhat Passenger,KWAE,RPH
53008,Rampurhat Katwa Passenger,RPH,KWAE
53010,Azimganj Katwa Passenger,AZ,KWAE
53012,Azimganj Katwa Passenger,AZ,KWAE
53014,Azimganj Katwa Passenger,AZ,KWAE
53016,Azimganj Katwa Passenger,AZ,KWAE
53017,Katwa Azimganj Passenger,KWAE,AZ
53018,Azimganj Katwa Passenger,AZ,KWAE
53022,Bhagalpur Azimganj Passenger,BGP,AZ
53035,Azimganj Barharwa Passenger,AZ,BHW
53043,Howrah-Rajgir Fast Passenger,HWH,RGD
53044,Rajgir-Howrah Fast Passenger,RGD,HWH
53045,Mayurakshi Fast Passenger,HWH,RPH
53046,Mayurakshi Fast Passenger,RPH,HWH
53047,Viswabharati Fast Passenger,HWH,RPH
53048,Viswabharati Fast Passenger,RPH,HWH
53050,Mokameh Howrah Passenger,MKA,HWH
53061,Barddhaman-Hatia Passenger,BWN,HTE
53062,Hatia Barddhaman Passenger,HTE,BWN
53064,Barharwa Barddhaman Passenger,BHW,BWN
53065,Barddhaman Rampurhat Passenger,BWN,RPH
53066,Rampurhat Barddhaman Passenger,RPH,BWN
53067,Barddhaman Rampurhat Passenger,BWN,RPH
53208,Buxar Islampur Passenger,BXR,IPR
53213,Buxar Mughal Sarai Passenger,BXR,MGS
53215,Buxar Mughal Sarai Passenger,BXR,MGS
53217,Buxar Mughal Sarai Passenger,BXR,MGS
18047,Howrah - Vasco Da Gama Amravati Exp,HWH,VSG
51196,Ballarshah Wardha Mumbai Passenger,BPQ,CSTM
53068,Rampurhat Barddhaman Passenger,RPH,BWN
53070,Rampurhat Barddhaman Passenger,RPH,BWN
53073,Rampurhat Sahibganj Passenger,RPH,SBG
53074,Sahibganj Rampurhat Passenger,SBG,RPH
53132,Muzaffarpur Sealdah Passenger,MFP,SDAH
53135,Sealdah Rampurhat Passenger,SDAH,RPH
53136,Rampurhat Sealdah Passenger,RPH,SDAH
53137,Rampurhat- Barharwa Passenger,RPH,BHW
53139,Kolkatachitpur-Chittaranjan Passenger,KOAA,CRJ
53140,Chittranjan-Kolkatachitpur Passenger,CRJ,KOAA
53152,Lalgola Ranaghat Passenger,LGL,RHA
53153,Ranaghat Lalgola Passenger,RHA,LGL
53154,Lalgola Ranaghat Passenger,LGL,RHA
53155,Ranaghat Lalgola Passenger,RHA,LGL
53156,Lgl Ranaghat Passenger,LGL,RHA
53172,Lalgola Sealdah Passenger,LGL,SDAH
53173,Sealdah Lalgola Passenger,SDAH,LGL
53174,Lalgola Sealdah Passenger,LGL,SDAH
53175,Sealdah Lalgola Passenger,SDAH,LGL
53177,Sealdah Lalgola Fast Passenger,SDAH,LGL
53178,Lalgola Sealdah Fast Passenger,LGL,SDAH
53179,Kolkata Lalgola Passenger,KOAA,LGL
53180,Lalgola Kolkata Passenger,LGL,SDAH
53181,Lalgola Passenger,SDAH,LGL
53203,Patna Buxar Passenger,PNBE,BXR
53204,Buxar Patna Passenger,BXR,PNBE
53205,Patna Buxar Passenger,PNBE,BXR
53206,Buxar Patna Passenger,BXR,PNBE
53207,Islampur Buxar Passenger,IPR,BXR
53214,Mughal Sarai Buxar Passenger,MGS,BXR
53216,Mughal Sarai Buxar Passenger,MGS,BXR
53218,Mughal Sarai Buxar Passenger,MGS,BXR
53219,Buxar Mughal Sarai Passenger,BXR,MGS
53227,Darbhanga-Patna Kamala Ganga Fast Passenger,DBG,PNBE
53228,Kamla Ganga Fast Passenger,PNBE,DBG
53229,Rajgir Danapur Passenger,RGD,DNR
53230,Danapur Rajgir Passenger,DNR,RGD
53231,Danapur Rajgir Passenger,DNR,RGD
53232,Rajgir Danapur Passenger,RGD,DNR
53321,Asansol Dhanbad Pass,ASN,DHN
53322,Dhanbad-Asansol Passenger Memu,DHN,ASN
53343,Nscb Gomoh - Chopan Passenger,GMO,CPU
53344,Chopan - Nscb Gomoh Passenger,CPU,GMO
53345,Chopan - Allahabad Passenger,CPU,ALD
53346,Allahabad - Chopan Passenger,ALD,CPU
13071,Jamalpur Express,HWH,JMP
18235,Bilaspur Express Cum Passenger,BPL,BSP
18409,Sri Jagannath Express,HWH,PURI
18645,East Coast Express,HWH,HYB
19306,Shipra Express,HWH,INDB
22308,Bikaner-Howrah Sf Express,BKN,HWH
23040,Rajgir Howrah Passenger,RGD,HWH
37355,Howrah-Tarakeswar Local,HWH,TAK
38442,Panskura Howrah Emu,PKU,HWH
43891,Avadi Pattabiram East Emu,AVD,PRES
51816,Agra Jhansi Passenger,AGC,JHS
53049,Howrah Mokameh Passenger,HWH,MKA
53323,Sindri Town Dhanbad Passsenge,SNDT,DHN
53324,Dhanbad Sindri Town Passenger,DHN,SNDT
53325,Sindri Town Dhanbad Passenger,SNDT,DHN
53326,Dhanbad Sindri Town Passenger,DHN,SNDT
53327,Sindri Town Gomoh Passenger,SNDT,GMO
53328,Gomoh Sindri Town Passenger,GMO,SNDT
53333,Sindri Town Dhanbad Passenger,SNDT,DHN
53334,Dhanbad Sindri Town Passenger,DHN,SNDT
53336,Ranchi Dhanbad Passenger,RNC,DHN
53337,Garhbeta Ranchi Passenger,GBA,RNC
53338,Ranchi Garhbeta Passenger,RNC,GBA
53339,Dhanbad Chandrapura Passenger,DHN,CRP
53340,Chandrapura Dhanbad Passenger,CRP,DHN
53341,Dhanbad-Muri Passenger,DHN,MURI
53342,Muri-Dhanbad Passenger,MURI,DHN
53347,Gomoh Barwadih Passenger,GMO,BRWD
53348,Barwadih Gomoh Passenger,BRWD,GMO
53350,Dehri On Sone Barwadih Passenger,DOS,BRWD
53351,Barwadih-Chunar Passenger,BRWD,CAR
53352,Chunar Chopan Passenger,CAR,CPU
53358,Dehari On Sone - Barkakana Passenger,DOS,BRKA
53359,Gomoh Barka Kana Passenger,GMO,BRKA
53360,Barkakana-Nsbc Gomoh Passenger,BRKA,GMO
53361,Barka Kana Varanasi Passenger,BRKA,BSB
53362,Varanasi-Barkakana Passenger,BSB,BRKA
53364,Dehri On Sone Gaya Passenger,DOS,GAYA
53401,Sahibganj- Malda Town Passenger,SBG,MLDT
53402,Malda Town- Sahibganj Passenger,MLDT,SBG
53403,Rampurhat Gaya Passenger,RPH,GAYA
53406,Sahibganj- Rampurhat Passenger,SBG,RPH
53412,Sahibganj Barharwa Passenger,SBG,BHW
53417,Barddhaman Maldatown Passenger,BWN,MLDT
53418,Malda Town Barddhaman Passenger,MLDT,BWN
53551,Jasidih-Dumka Passenger,JSME,DUMK
53553,Jasidih-Dumka Passenger,JSME,DUMK
53567,Asansol Jhajha Memu,ASN,JAJ
11055,Mumbai Ltt - Gorakhpur Exp,LTT,GKP
11107,Gwalior-Varanasi Bundelkhand Express,GWL,BSB
15270,Ahmedabad - Muzaffarpur Jan Sadharan Exp,ADI,MFP
16519,Jolarpettai - Bangalore Exp,JTJ,SBC
32252,Dankuni Sealdah Local,DKAE,SDAH
51253,Amla Chhindwara Passenger,AMLA,CWA
51882,Agra Gwalior Fast Passenger,AGC,GWL
52173,Gwalior Sabalgarh Passenger,GWL,SBL
53442,Bhagalpur Mandar Hill Passenger,BGP,MDLE
53481,Tinpahar Rajmahal Pass,TPH,RJL
53482,Rajmahal Tinpahar Passenger,RJL,TPH
53483,Tinpahar Rajmahal Pass,TPH,RJL
53484,Rajmahal Tinpahar Passenger,RJL,TPH
53485,Tinpahar Rajmahal Pass,TPH,RJL
53487,Tinpahar Rajmahal Pass,TPH,RJL
53490,Rajmahal Tinpahar Passenger,RJL,TPH
53491,Tinpahar Rajmahal Pass,TPH,RJL
53492,Rajmahal Tinpahar Passenger,RJL,TPH
53493,Tinpahar Rajmahal Pass,TPH,RJL
53494,Rajmahal-Teenpahar Pass.,RJL,TPH
53511,Madhupur Giridih Pass,MDP,GRD
53512,Giridih Madhupur Pass,GRD,MDP
53513,Madhupur Giridih Pass,MDP,GRD
53514,Giridih-Madhupur Passenger,GRD,MDP
53517,Madhupur Giridih Pass,MDP,GRD
53518,Giridih Madhupur Pass,GRD,MDP
53519,Madhupur Giridih Pass,MDP,GRD
53520,Giridih-Madhupur Passenger,GRD,MDP
53547,Andal-Jasidih Passenger,UDL,STN
53548,Jasidih Andal Passenger,JSME,UDL
53552,Dumka-Jasidih Passenger,DUMK,JSME
53554,Dumka-Jasidih Passenger,DUMK,JSME
53602,Dehri On Sone Gaya Passenger,DOS,GAYA
53603,Gaya Dehri On Sone Passenger,GAYA,DOS
53604,Dehri-On-Sone Gaya Passenger,DOS,GAYA
53607,Gaya Dehri On Sone Passenger,GAYA,DOS
53641,Dildarnagar Mughal Sarai Passenger,DLN,MGS
53643,Dildarnagar Tarighat Passenger,DLN,TRG
53644,Tarighat Dildarnagar Passenger,TRG,DLN
53645,Dildarnagar Tarighat Passenger,DLN,TRG
53646,Tarighat Dildarnagar Passenger,TRG,DLN
53647,Dildarnagar Tarighat Passenger,DLN,TRG
54001,Tilak Bridge Rohtak Shuttle,TKJ,ROK
54002,Rohtak Tilak Bridge Passenger,ROK,TKJ
54011,Rewari Passenger,TKJ,RE
54012,Rewari Tilak Bridge Passenger,RE,TKJ
54022,Tilak Bridge Delhi Bulandshahr Passenger,TKJ,BSC
57517,Hyderabad-Tandur Passenger,HYB,TDU
19916,Ahmedabad Mahesana Intercity,ADI,MSH
53036,Barharwa Azimganj Passenger,BHW,AZ
53609,Dehri On Sone Mughal Sarai Passenger,DOS,MGS
53611,Barwadih Dehri On Sone Passenger,BRWD,DOS
53612,Dehri On Sone Barwadih Passenger,DOS,BRWD
53614,Mughal Sarai Gaya Fast Passenger,MGS,GAYA
53616,Gaya Jamalpur Pass,GAYA,JMP
53623,Jhajha - Gaya Passenger,JAJ,GAYA
53624,Gaya - Jhajha Passenger,GAYA,JAJ
53625,Kiul Gaya Passenger,KIUL,GAYA
53626,Gaya Kiul Passenger,GAYA,KIUL
53627,Kiul Gaya Passenger,KIUL,GAYA
53628,Gaya Kiul Passenger,GAYA,KIUL
53629,Kiul Gaya Passenger,KIUL,GAYA
53630,Gaya Kiul Passenger,GAYA,KIUL
53631,Kiul Gaya Passenger,KIUL,GAYA
53632,Gaya Kiul Passenger,GAYA,KIUL
53642,Mughal Sarai Dildarnagar Passenger,MGS,DLN
53648,Tarighat Dildarnagar Passenger,TRG,DLN
53653,Patna Gaya Passenger,PNBE,GAYA
53654,Gaya Patna Passenger Memu,GAYA,PNBE
53659,Patna-Sasaram Passenger,PNBE,SSM
54003,H Nizamuddin Kosi Kalan,KSV,NZM
54004,H Nizamuddin Kosi Kalan,NZM,KSV
54006,Jind - Rohtak  Passenger (Unreserved),JIND,ROK
54007,Rohtak - Panipat - Jind Passenger (Unreserved),ROK,JIND
54008,Jind - Rohtak Passenger,JIND,ROK
54009,Jind - Rohtak Passenger,ROK,JIND
54013,Rohtak Bhiwani Passenger,ROK,BNW
54014,Bhiwani Rohtak Passenger,BNW,ROK
54015,Rohtak Bhiwani Passenger,ROK,BNW
54016,Bhiwani Rohtak Passenger,BNW,ROK
54018,Bhiwani Rohtak Passenger,BNW,ROK
54021,Tilak Bridge Passenger,BSC,NDLS
54023,Rohtak Jind Passenger,ROK,JIND
54024,Jind Delhi Passenger,JIND,DLI
54043,Jind Sirsa Passenger,JIND,SSA
54044,Sirsa Jind Passenger,SSA,JIND
54045,Jind Firozpur Passenger,JIND,FZR
54046,Jind Firozpur Passenger,FZR,JIND
54051,Ludhiana Firozpur Passenger,LDH,FZR
54052,Ludhiana Firozpur Passenger,FZR,LDH
54053,Jakhal Ludhiana Passenger,JHL,LDH
54054,Ludhiana Jakhal Passenger,LDH,JHL
54077,Bareilly Delhi Passenger,BE,DLI
54078,Shajahanpur Passenger Slip Ex Bareilly,DLI,BE
54091,Najibabad Kotdwara Pass,NBD,KTW
54104,Mughal Sarai Allahabad Passenger,ALD,CAR
54031,Delhi - Jind Passenger,DLI,JIND
54032,Jind - Delhi Passenger,JIND,DLI
54033,Old Delhi - Narwana Pass,DLI,NRW
54034,Jind - Delhi Pass,JIND,DLI
54035,Delhi  - Jakhal Passenger,DLI,JHL
54036,Jakhal - Delhi Passenger,JHL,DLI
54037,Kurukshetra Jind Passenger,KKDE,JIND
54038,Jind Kurukshetra Passenger,JIND,KKDE
54039,Kurukshetra Jind Passenger,KKDE,JIND
54040,Jind Kurukshetra Passenger,JIND,KKDE
54041,Kurukshetra Jind Passenger,KKDE,JIND
54042,Jind Kurukshetra Passenger,JIND,KKDE
54047,Jind Kurukshetra Passenger,KKDE,JIND
54048,Jind Nrw Kurukshetra Passenger,JIND,KKDE
54049,Rohtak - Jind Passenger,ROK,JIND
54050,Rohtak - Jind Passenger,JIND,ROK
54055,Moradabad Delhi Passenger,MB,DLI
54057,Delhi Shamli Passenger,DLI,SMQL
54058,Shamli Delhi Passenger,SMQL,DLI
54059,Delhi Shamli Passenger,DLI,SMQL
54060,Shamli Delhi Passenger,SMQL,DLI
54071,Hoshiarpur Jalandhar Dmu,HSX,JUC
54072,Jalandhar Hoshiarpur Dmu,JUC,HSX
54075,Sitapur Delhi Passenger,SPC,DLI
54076,Delhi - Sitapur Cant Passenger,DLI,SPC
54085,Delhi Rewari Pass,DLI,RE
54086,Rewari Delhi Pass,RE,DLI
54102,Kanpur Allahabad Passenger,CNB,ALD
54105,Mughalsarai Allahabad Passenger,MGS,ALD
54106,Allahabad Mughal Sarai Passenger,ALD,MGS
54107,Allahabad Jaunpur Passenger,ALD,JNU
54108,Allahabad Jaunpur Passenger,JNU,ALD
54109,Mughal Sarai Faizabad Passenger,MGS,FD
54157,Jhansi Kanpur Passenger,JHS,CNB
54158,Kanpur Jhansi Passenger,CNB,JHS
54160,Banda Jhansi Passenger,BNDA,JHS
54192,Kila Hathras Passenger,HRF,HRS
54193,Hathras Kila Passenger,HRS,HRF
54221,Rbl Raghuraj Singh Pass,RBL,RRS
54223,Rbl Raghuraj Singh Pass,RBL,RRS
54226,Raibareli Unchahar Passenger,RBL,UCR
54232,Lucknow-Faizabad Passenger,LKO,FD
54234,Lucknow Faizabad Passenger,LKO,FD
54239,Mankapur Faizabad Passenger,MUR,AY
54243,Mankapur Ayodhya Passenger,MUR,AY
54251,Lucknow Saharanpur Passenger,LKO,SRE
54254,Lucknow Pratapgarh,LKO,PRG
54271,Arrah-Sasaram-Mughal Sarai Passenger,ARA,MGS
53138,Barharwa- Rampurhat Passenger,BHW,RPH
54110,Faizabad Mughal Sarai Passenger,FD,MGS
54151,Fatehpur Kanpur Passenger,FTP,CNB
54152,Kanpur Fatehpur Passenger,CNB,FTP
54153,Rae Bareli Kanpur Passenger,RBL,CNB
54154,Kanpur Rae Bareli Passenger,CNB,RBL
54155,Manikpur Kanpur Passenger,MKP,CNB
54156,Kanpur Manikpur Passenger,CNB,MKP
54211,Rae Bareli Kanpur Passenger,RBL,CNB
54212,Kanpur Rae Bareli Passenger,CNB,RBL
54222,Lalganj Dalmau Rai Bareli Passenger,RRS,RBL
54224,Lalganj Rae Bareli Passenger,RRS,RBL
54225,Unchahar Raebareli Shuttle,UCR,RBL
54227,Unchahar Raebareli Shuttle,UCR,RBL
54228,Raibareli Unchahar Passenger,RBL,UCR
54233,Faizabad Lucknow Passenger,FD,LKO
54237,Mankapur Ayodhya Passenger,MUR,FD
54238,Faizabad Mankapur Passenger,FD,MUR
54240,Ayodhya Mankapur Passenger,AY,MUR
54244,Ayodhya Mankapur Passenger,AY,MUR
54252,Saharanpur Lucknow Passenger,SRE,LKO
54253,Prayag Ghat Lucknow Passenger,PRG,LKO
54255,Varanasi - Lucknow Passenger,BSB,LKO
54256,Lucknow - Varanasi Passenger,LKO,BSB
54262,Mughal Sarai Jaunpur Passenger,JNU,BSB
54263,Varanasi Sultanpur Passenger,BSB,SLN
54264,Sultanpur Varanasi Passenger,SLN,BSB
54265,Varanasi Sultanpur Passenger,BSB,SLN
54266,Sultanpur Varanasi Passenger,SLN,BSB
54267,Mughal Sarai Varanasi Passenger,MGS,BSB
54270,Varanasi Mughal Sarai Passenger,BSB,MGS
54273,Arrah Sasaram Passenger,ARA,SSM
54274,Sasaram Arrah Passenger,SSM,ARA
54293,Partapgarh Lucknow Passenger,PBH,LKO
54294,Lucknow Partapgarh Passenger,LKO,PBH
54303,Delhi Kalka Passenger,DLI,KLK
54304,Kalka Delhi Passenger,KLK,DLI
54310,Rewari Delhi Passenger,RE,DLI
54328,Shahjehanpur Sitapur Passenger,SPN,SCC
54329,Balamau Shahjahanpur Passenger,BLM,SPN
54330,Shahjehanpur Balamu Passenger,SPN,BLM
54331,Lucknow Balamau Passenger,LKO,BLM
54332,Balamu Lucknow Passenger,BLM,LKO
54334,Lucknow Varanasi Passenger,LKO,BSB
54351,Aligarh Bareilly Passenger,ALJN,BE
54352,Bareilly Aligarh Passenger,BE,ALJN
54466,Tundla - Farrukhabad Passenger,TDL,FBD
12285,Secunderabad- Hazrat Nizamuddin Duronto Express,SC,NZM
12918,Gujarat Sampark Kranti Express,NZM,ADI
17002,Secunderabad Sainagar Shirdi Express,SC,SNSI
17050-Slip,Machilipatnam Express Slip,SC,MUGR
22111,Bhusaval Nagpur (Triweekly) Express,BSL,NGP
47172,Secunderabad Falaknuma Mmts,SC,FM
47205,Secunderabad Falaknuma Mmts,SC,FM
52253,Gonda Mailani Passenger,GD,MLN
53411,Barharwa Sahibganj Passenger,BHW,SBG
53608,Dehri On Sone Gaya Passenger,DOS,GAYA
54231,Faizabad Lucknow Passenger,FD,LKO
54272,Mughal Sarai-Sasaram-Arrah Passenger,MGS,ARA
54281,Sultanpur Lucknow Passenger,SLN,LKO
54282,Lucknow Sultanpur Passenger,LKO,SLN
54283,Sultanpur Lucknow Passenger,SLN,LKO
54284,Lucknow Sultanpur Passenger,LKO,SLN
54291,Varanasi Partapgarh Passenger,BSB,PBH
54292,Partapgarh Varanasi Passenger,PBH,BSB
54301,Hapur Ghaziabad Shuttle,HPU,GZB
54302,Ghaziabad Hapur Passenger,GZB,HPU
54312,Moradabad Bareilly Passenger,MB,BE
54322,Sitapur Cantt Balamau Passenger,SCC,BLM
54323,Burhwal - Sitapur Cant Passenger,BUW,SCC
54324,Sitapur - Burhwal Passenger,SCC,BUW
54325,Sitapur Kanpur Dmu,SCC,CNB
54326,Kanpur Sitapur Pass,CNB,SCC
54327,Sitapur Shahjehanpur Passenger,SPC,SPN
54333,Varanasi Lucknow Passenger,BSB,LKO
54335,Balamau Kanpur Passenger,BLM,CNB
54341,Sharanpur Dehradun Passenger,SRE,DDN
54342,Dehradun Saharanpur Passenger,DDN,SRE
54354,Bareilly - Aligarh Passenger,BE,ALJN
54355,Roza Bareilly Passenger,ROZA,BE
54356,Bareilley Roza Junction Passenger,BE,ROZA
54371,Prayag Faizabad Passenger,PRG,FD
54372,Faizabad Prayag Passenger,FD,PRG
54374,Faizabad Prayag Passenger,FD,PRG
54375,Prayag Jaunpur Passenger,PRG,JNU
54376,Jaunpur Prayag Passenger,JNU,PRG
54392,Moradabad  -  Aligarh Passenger,MB,ALJN
54401,Khurja Meerut Passenger,KRJ,MTC
54403,Khurja Meerut Passenger,KRJ,MTC
54461,Bandikui - Bareilly Passenger,BKI,BE
54462,Bareilly - Bandikui Passenger,BE,BKI
54464,Rishikesh - Bandikui Passenger,RKSH,BKI
54465,Farrukhabad - Tundla Passenger,FBD,TDL
58838,Chhindwara Ramakon Nagpur Passenger,CWA,NGP
54373,Prayag Faizabad Passenger,PRG,FD
54377,Allahabad Passenger,PRG,BE
54378,Bareilly Allahabad Passenger,BE,PRG
54382,Najibabad Gajraula Passenger,NBD,GJL
54383,Gajraula Najibabad Passenger,GJL,NBD
54384,Najibabad Gajraula Passenger,NBD,GJL
54385,Najibabad Kotdwara Passenger,NBD,KTW
54386,Kotdwara Najibabad Passenger,KTW,NBD
54387,Najibabad Kotdwara Pass,NBD,KTW
54388,Kotdwara Najibabad Pass,KTW,NBD
54389,Najibabad Kotdwara Pass,NBD,KTW
54390,Kotdwara Najibabad Pass,KTW,NBD
54402,Meerut Khurja Passenger,MTC,KRJ
54405,Khurja Meerut Passenger,KRJ,MTC
54406,Meerut Khurja Passenger,MTC,KRJ
54411,Rewari Meerut Cantt. Passenger,RE,MUT
54412,Meerut Ndls Rewari Passenger,MUT,RE
54413,Delhi Rewari Passenger,DLI,RE
54414,Rewari Delhi Passenger,RE,DLI
54416,Rewari Delhi Sarai Rohilla Passenger,RE,DLI
54417,Delhi Rewari Passenger,DLI,RE
54418,Rewari Delhi Passenger,RE,DLI
54419,Delhi Sarai Rohilla Rewari Passenger,DLI,RE
54420,Rewari Delhi Passenger,RE,DLI
54421,Rewari Delhi Sarai Rohilla Passenger,DEE,RE
54422,Rewari Delhi Sarai Rohilla Passenger,RE,DEE
54463,Bandikui - Rishikesh Passenger,BKI,RKSH
54471,Delhi Rishikesh Passenger,DLI,RKSH
54472,Rishikesh Delhi Passenger,RKSH,DLI
54474,Saharanpur Delhi Passenger,SRE,DLI
54475,Haridwar Passenger,DLI,HW
54476,Haridwar Delhi Passenger,HW,DLI
54481,Haridwar Rishikesh Passenger,HW,RKSH
54482,Rishikesh Haridwar Passenger,RKSH,HW
54483,Haridwar Rishikesh Passenger,HW,RKSH
54484,Rishikesh Haridwar Passenger,RKSH,HW
54485,Haridwar Rishikesh Passenger,HW,RKSH
54486,Rishikesh Haridwar Passenger,RKSH,HW
54502,Bhiwani Delhi Passenger,BNW,DLI
54503,Delhi Bhiwani Passenger,DLI,BNW
54506,Ambala Delhi Passenger,UMB,DLI
54531,Ambala Kalka Shuttle,UMB,KLK
54542,Ambala Meerut Pass,UMB,MTC
54551,Ambala Bhatinda Passenger,UMB,BTI
54553,Ambala Dhuri Passenger,UMB,DUI
54572,Ludhiana Ferozpur Passenger,FZR,LDH
54575,Lohian Khas Ludhiana Passenger,LDH,LNK
54576,Lohian Khas Ludhiana Passenger,LNK,LDH
54468,Etah Tundla Passenger,ETAH,TDL
54469,Tundla Barhan Etah Passenger,TDL,ETAH
54470,Etah Tundla Passenger,ETAH,TDL
54473,Delhi Saharanpur Passenger,DLI,SRE
54505,Delhi Ambala Passenger,DLI,UMB
54511,Ambala Nangal Dam,UMB,NLDM
54521,Delhi Saharanpur Passenger,DLI,SRE
54522,Saharanpur Delhi Passenger,SRE,DLI
54532,Ambala Kalka Passenger,KLK,UMB
54539,Nizamuddin Ambala Passenger,NZM,UMB
54540,Ambala Delhi Passenger,UMB,NZM
54541,Meerut Ambala Pass,MTC,UMB
54555,Dhuri Bathinda Passenger,DUI,BTI
54556,Bhatinda Ambala Passenger,BTI,UMB
54557,Ambala Patiala Passenger,UMB,PTA
54558,Patiala Ambala Passenger,PTA,UMB
54559,Bathinda Fazilka (Via Abohar) Passenger,BTI,FKA
54560,Fazilka Bathinda (Via Abohar) Passenger,FKA,BTI
54561,Firozpur Bhatinda Passenger,BTI,FZR
54562,Firozpur Bhatinda Passenger,FZR,BTI
54563,Firozpur Bhatinda Passenger,BTI,FZR
54564,Firozpur Bhatinda Passenger,FZR,BTI
54581,Nangal Dam Una Himachal Passenger,NLDM,UHL
54582,Una Nangal Dam Passenger,UNA,NLDM
54601,Hisar Amritsar Passenger,HSR,ASR
54603,Hisar Ludhiana Passenger,HSR,LDH
54605,Hisar Ludhiana Passenger,HSR,LDH
54621,Jalandhar Pathankot Passenger,JUC,PTK
54622,Pathankot Jalandhar Passenger,PTK,JUC
54625,Jaijon Doaba Jalandhar Passenger,JJJ,JUC
54626,Jalandhar Jaijon Doaba Passenger,JJJ,JUC
54631,Dhuri Jakhal Hisar Passenger,HSR,DUI
54632,Dhuri Hisar Passenger,DUI,HSR
54633,Hisar Ludhiana Passenger,HSR,LDH
54634,Ludhiana Hisar Passenger,LDH,HSR
54636,Ludhiana Hisar Passenger,LDH,HSR
54637,Hoshiarpur-Jalandhar City Dmu,HSX,JUC
54638,Jalandhar City Hoshiarpur Dmu,JUC,HSX
54641,Delhi - Firozpur Passenger,DLI,FZR
54642,Firozpur - Delhi Passenger,FZR,DLI
54643,Jalandhar City - Firozpur Cant Passenger,JUC,FZR
54644,Firozpur Cant - Jalandhar City Passenger,FZR,JUC
54645,Ludhiana Firozpur Passenger,LDH,FZR
54653,Jammu Udhampur Passenger,JAT,UHP
54654,Udhampur Jammu Passenger,UHP,JAT
54701,Bhatinda Lalgarh Passenger,BTI,LGH
56373,Guruvayur Thrissur Passenger,GUV,TCR
53423,Jamalpur Kiul Pass,JMP,KIUL
54611,Amritsar Batala Pathankot Dmu,ASR,PTK
54612,Amritsar Batala Pathankot,PTK,ASR
54613,Amritsar Pathankot Dmu,ASR,PTK
54614,Amritsar Batala Pathankot Passenger,PTK,ASR
54615,Amritsar Pathankot Dmu,ASR,PTK
54616,Amritsar Batala Pathankot Dmu,PTK,ASR
54635,Hisar Ludhiana Passenger,HSR,LDH
54646,Ludhiana Firozpur Passenger,FZR,LDH
54702,Bikaner Abohar Passenger,LGH,ABS
54703,Abohar Jodhpur Passenger,ABS,JU
54751,Rewari Shri Ganganagar,RE,SGNR
54752,Shri Ganganagar Rewari,SGNR,RE
54753,Bhatinda Shri Ganganagar Passenger,BTI,SGNR
54754,Shri Ganganagar Bhatinda Passenger,SGNR,BTI
54755,Bhatinda Shri Ganganagar Passenger,BTI,SGNR
54756,Sriganganagar Bathinda Passenger,SGNR,BTI
54757,Ambala Cantt. Shri Ganganagar Passenger,UMB,SGNR
54758,Shri Ganganagar Bathinda Passenger,SGNR,UMB
54781,Bhatinda Rewari Passenger,BTI,RE
54782,Rewari Bhatinda Passenger,RE,BTI
54783,Fazilka Rewari Passenger,FKA,RE
54784,Rewari Fazilka Passenger,RE,FKA
54785,Firozpur Fazilka Passenger,FZR,FKA
54786,Fazilka Fir Passenger,FKA,FZR
54787,Bhiwani Rewari Passenger,BNW,RE
54788,Rewari Bhiwani Passenger,RE,BNW
54791,Mathura Alwar Bhiwani Passenger,MTJ,BNW
54792,Bhiwani Mathura Passenger,BNW,MTJ
54793,Sawai Madhopur Mathura Passenger,BXN,MTJ
54794,Mathura Bayana Passenger,MTJ,SWM
54805,Ahmedabad Ajmer Passenger,ADI,AII
54806,Ajmer Ahmedabad Passenger,AII,ADI
54807,Ajmer Jaipur Passenger,AII,JP
54809,Rewari-Degana Passenger,RE,DNA
54810,Degana Rewari Pass,DNA,RE
54811,Bhopal Jodhpur Passenger,BPL,JU
54812,Jodhpur Bhopal Passenger,JU,BPL
55002,Ayodhya Gorakhpur Passenger,AY,GKP
55008,Thawe Hajipur Passenger,THE,SEE
55009,Bhatni Chhapra Passenger,BTT,CPR
55012,Gorakhpur Siwan Passenger,GKP,SV
55013,Chhapra Varanasi Passenger,CPR,BSB
55015,Sonpur-Narkatiaganj Passenger,SEE,NKE
55017,Chhapra-Mau Passenger,CPR,MAU
55019,Chhapra Gorakhpur Passenger,CPR,GKP
56605,Coimbatore Thrissur Passenger,CBE,TCR
53430,Jamalpur Rampurhat Pass,JMP,BGP
53432,Jamalpur Rampurhat Pass,JMP,SBG
54801,Jodhpur - Ajmer Fast Passenger,JU,AII
54802,Ajmer - Jodhpur Fast Passenger,AII,JU
54803,Jodhpur - Ahmedabad Passenger,JU,ADI
54804,Ahmedabad - Jodhpur Passenger,ADI,JU
54813,Jodhpur Barmer Passenger,JU,BME
54814,Barmer Jodhpur Passenger,BME,JU
54815,Jodhpur Barmer Passenger,JU,BME
54816,Barmer Jodhpur Passenger,BME,JU
54817,Jaisalmer Jodhpur Passenger,JU,BME
54818,Jodhpur Jaisalmer Passenger,BME,JU
54819,Jaisalmer - Jodhpur Passenger,JSM,JU
54820,Jodhpur - Jaisalmer Passenger,JU,JSM
54821,Jodhpur Bhildi Passenger,JU,BLDI
54822,Bhildi Jodhpur Passenger,BLDI,JU
54823,Jodhpur Hissar Passenger,JU,HSR
54824,Hissar Jodhpur Passenger,HSR,JU
54881,Barmer Munabao Passenger,BME,MBF
54882,Munabao Barmer Passenger,MBF,BME
55005,Raxaul Sugauli Passenger,RXL,SGL
55006,Sugauli Raxaul Passenger,SGL,RXL
55007,Hajipur Thawe Passenger,HJP,THE
55018,Mau- Chhapra Passenger,MAU,CPR
55020,Gorakhpur Chhapra Passenger,GKP,CPR
55024,Raxaul Muzaffarpur Passenger,RXL,MFP
55025,Gorakhpur Gonda Passenger,GKP,GD
55026,Gonda Gorakhpur Passenger,GD,GKP
55027,Gorakhpur Gonda Passenger,GKP,GD
55028,Gonda Gorakhpur Passenger,GD,GKP
55030,Lucknow Gonda Passenger,GKP,MFP
55031,Gonda Lucknow Passenger,GD,LJN
55032,Lucknow Gonda Passenger,LJN,GD
55033,Sitapur Gonda Passenger,SPC,GD
55034,Gonda Sitapur Passenger,GD,SCC
55035,Gonda - Sitapur Pass,GD,SCC
55036,Sitapur -Gonda Pass,SCC,GD
55037,Burhwal - Sitapur Pass,BUW,SPC
55038,Sitapur - Burhwal Pass,SCC,BUW
55045,Shahjehanpur Sitapur Passenger,SCC,SPN
55046,Shahjehanpur Sitapur Passenger,SPN,SCC
55049,Gonda Lucknow Passenger,GD,LJN
55050,Lucknow-Gonda Passenger,LJN,GD
55101,Bhatani Barhaj Passenger,BTT,BHJ
55107,Siwan Thawe Passenger,SV,THE
55115,Chhapra Sv Passenger,CPR,SV
55116,Siwan Chhapra Passenger,SV,CPR
55125,Manduadih Allahabad Passenger,MUV,ALY
14313,Mumbai Ltt - Bareilly Weekly Exp,LTT,BE
53422,Kiul Jamalpur Pass,KIUL,JMP
53424,Kiul Jamalpur Pass,KIUL,JMP
53425,Jamalpur Kiul Passenger,JMP,KIUL
53427,Jamalpur Kiul Passenger,JMP,KIUL
53474,Jamalpur Monghyar Pass,JMP,MGR
53615,Jamalpur Gaya Passenger,JMP,GAYA
55039,Gorakhpur Nautanwa Passenger,GKP,NTV
55041,Gorakhpur Nautanwa Pass,NKE,GKP
55042,Gorakhpur Hajipur Passenger,GKP,SEE
55043,Gorakhpur Nautanwa Passenger,GKP,NTV
55044,Nautanwa Gorakhpur Passenger,NTV,GKP
55108,Thawe Siwan Passenger,THE,SV
55109,Siwan Thawe Passenger,SV,THE
55110,Thawe Siwan Passenger,THE,SV
55111,Siwan Thawe Passenger,SV,THE
55112,Thawe Siwan Passenger,THE,SV
55113,Siwan Thawe Passenger,SV,THE
55114,Thawe Siwan Passenger,THE,SV
55119,Gorakhpur Varanasi Passenger,GKP,BSB
55120,Varanasi Gorakhpur Passenger,BSB,GKP
55126,Allahabad Varanasi Passenger,ALY,BSB
55128,Allahabad Manduadih Passenger,ALY,MUV
55130,Allahabad Varanasi Passenger,ALY,MUV
55131,Chhapra Varanasi Passenger,CPR,BSB
55133,Ballia Varanasi Passenger,BUI,BCY
55137,Ballia Shahganj Passenger,BUI,SHG
55139,Ballia Shahganj Passenger,BUI,SHG
55143,Aunrihar-Jaunpur Passenger,ARJ,JNU
55144,Jaunpur-Aunrihar Passenger,JNU,ARJ
55145,Salempur Barhaj Passenger,SRU,BHJ
55146,Barhaj Bazar Salempur Passenger,BHJ,SRU
55159,Aunrihar- Jaunpur Passenger,ARJ,JNU
55160,Jaunpur- Aunrihar Passenger,JNU,ARJ
55162,Jaunpur- Aunrihar Passenger,JNU,ARJ
55207,Muzaffarpur Gorakhpur Passenger,MFP,GKP
55211,Muzaffarpur Raxaul Passenger,MFP,RXL
55212,Raxaul Muzaffarpur Passenger,RXL,MFP
55218,Chhapra Sonpur Passenger,CPR,SEE
55238,Samastipur-Barauni Passenger,SPJ,BJU
55239,Samastipur Muzaffarpur Passenger,SPJ,MFP
55240,Muzaffarpur-Samastipur Passenger,MFP,SPJ
55241,Barauni-Sonpur Passenger,BJU,SEE
55242,Sanpur-Barauni Passenger,SEE,BJU
55243,Barauni-Sonpur Passenger,BJU,SEE
55244,Sonpur Barauni Passenger,SEE,BJU
55245,Barauni-Sonpur Passenger,BJU,SEE
55246,Sonpur-Barauni Passenger,SEE,BJU
55127,Varanasi Allahabad Passenger,BSB,ALY
55129,Varanasi Allahabad Passenger,BSB,ALY
55132,Manduadih Chhapra Passenger,MUV,CPR
55134,Manduadih Ballia Passenger,MUV,BUI
55135,Azamgarh Manduadih Pass,AMH,MUV
55136,Manduadih Azamgarh Pass,MUV,AMH
55140,Shahganj Ballia Passenger,SHG,BUI
55142,Nautanwa Gorakhpur Passenger,NTV,GKP
55149,Gorakhpur Manduadih Passenger,GKP,MUV
55150,Manduadih-Gorakhpur Passenger,MUV,GKP
55203,Narkatiaganj Gorakhpur Passenger,NKE,GKP
55204,Gorakhpur Narkatiaganj Passenger,GKP,NKE
55209,Sonepur Gorakhpur Passenger,SEE,GKP
55210,Narkatiaganj Sonepur Passenger,NKE,SEE
55217,Sonpur Chhapra Passenger,SEE,CPR
55219,Sonepur Chhapra Passenger,SEE,CPR
55231,Begusarai Mokama Passenger,LAK,MKA
55232,Mokama Begusarai Passenger,MKA,BGS
55248,Hajipur-Barauni Passenger,HJP,BJU
55301,Moradabad Kathgodam Passenger,MB,KGM
55313,Kashipur Ramnagar Passenger,KPV,RMR
55314,Ramnagar Kashipur Passenger,RMR,KPV
55315,Lalkua Kashipur Passenger,LKU,KPV
55316,Kashipur Lalkuan Passenger,KPV,LKU
55317,Lalkua Kashipur Passenger,LKU,KPV
55319,Lalkua Kashipur Passenger,LKU,KPV
55320,Kashipur Lalkuan Passenger,KPV,LKU
55322,Ramnagar - Varanasi Passenger,RMR,BSB
55326,Kasganj Lucknow Pass,KSJ,LJN
55327,Kanpur Farrukhabad Passenger,CNB,FBD
55328,Farrukhabad Kanpur Passenger,FBD,CNB
55332,Kasganj Farrukhabad Passenger,KSJ,FBD
55333,Kasganj-Agrafort Passenger,KSJ,AF
55337,Kasganj Achhnera Fast Passenger,KSJ,AF
55338,Achhnera Kasganj Fast Passenger,AH,KSJ
55339,Kasganj-Mathura Passenger,KSJ,MTJ
55341,Kasganj-Bharatpur Passenger,KSJ,BTE
55342,Bte Ksj Pass,BTE,KSJ
55347,Kasganj Mathura Passenger,KSJ,MTJ
55348,Lal Kuan - Bareilly City  Passenger,LKU,BC
55349,Bareilly City - Lal Kuan Passenger,BC,LKU
55501,Samastipur-Darbhanga Passenger,SPJ,DBG
55502,Darbhanga-Samastipur Passenger,DBG,SPJ
55503,Samastipur-Darbhanga Passenger,SPJ,DBG
55504,Darbhanga-Samastipur Passenger,DBG,SPJ
55506,Runnisaidpur-Samastipur Passenger,RUSD,SPJ
55507,Darbhanga-Bairgania Passenger,DBG,BGU
55325,Lucknow Kasganj Passenger,LJN,KSJ
55329,Shikohabad Farrukhabad Passenger,SKB,KSJ
55330,Kasganj Shikohabad Passenger,KSJ,SKB
55331,Farrukhabad Kasganj Passenger,FBD,KSJ
55508,Bairgania-Darbhanga Passenger,BGU,DBG
55509,Darbhanga-Bairgania Passenger,DBG,BGU
55510,Bairgania-Darbhanga Passenger,BGU,DBG
55511,Darbhanga-Bairgania Passenger,DBG,SMI
55512,Bairgania-Darbhanga Passenger,SMI,DBG
55513,Samastipur Jaynagar Passenger,SPJ,JYG
55514,Jaynagar Samastipur Passenger,JYG,SPJ
55515,Samastipur-Jaynagar Passenger,SPJ,JYG
55516,Jaynagar-Samastipur Passenger,JYG,SPJ
55517,Darbhanga Jaynagar Passenger,DBG,JYG
55518,Jaynagar-Darbhanga Passenger,JYG,DBG
55519,Darbhanga-Jaynagar Passenger,DBG,JYG
55520,Jaynagar Darbhanga Passenger,JYG,DBG
55528,Samastipur-Barauni Passenger,SPJ,BJU
55529,Samastipur-Raxaul Passenger,SPJ,RXL
55530,Raxaul-Samastipur Passenger,RXL,SPJ
55531,Katihar-Barauni Passenger,KIR,BJU
55535,Katihar Darbhanga Passenger,KIR,DBG
55536,Darbhanga Katihar Passenger,DBG,KIR
55537,Katihar-Samastipur Passenger,KIR,SPJ
55538,Samastipur-Katihar Passenger,SPJ,KIR
55552,Hajipur-Barauni Passenger,HJP,BJU
55553,Dauram Madhepura Samastipur Passenger,DMH,SPJ
55554,Samastipur Dauram Madhepura Passenger,SPJ,DMH
55555,Dauram Madhepura Samastipur Passenger,DMH,SPJ
55556,Samastipur Dauram Madhepura Passenger,SPJ,DMH
55557,Samastipur Sonpur Passenger,SPJ,SEE
55558,Sonpur Samastipur Passenger,SEE,SPJ
55559,Khagaria Samastipur Passenger,KGG,SPJ
55560,Samastipur Khagaria Passenger,SPJ,KGG
55565,Saharsa Samastipur Passenger,SHC,SPJ
55566,Samastipur Saharsa Passenger,SPJ,SHC
55567,Saharsa Samastipur Passenger,SHC,SPJ
55568,Samastipur Saharsa Passenger,SPJ,SHC
55569,Daurammadhepura-Saharsa Passenger,DMH,SHC
55570,Saharsa-Daurammadhepura Passenger,SHC,DMH
55573,Raxaul Narkatiaganj Passenger,RXL,NKE
55574,Narkatiaganj Raxaul Passenger,NKE,RXL
55575,Darbhanga-Biraul Passenger,DBG,BIRL
55576,Biraul-Darbhanga Passenger,BIRL,DBG
55577,Sakri Biraul Passenger,SKI,BIRL
55578,Biraul Sakri Passenger,BIRL,SKI
55722,Balurghat Malda Town Passenger,BLGT,MLDT
55603,Guwahati Mairabari Passenger,GHY,MBO
55604,Mairabari Guwahati Passenger,MBO,GHY
55607,Guwahati Silghat Town Passenger,GHY,SHTT
55608,Silghat Town Guwahati Passenger,SHTT,GHY
55609,Dbb - Fkm Fast Passenger,DBB,FKM
55612,Kamakhya Fakiragram Fast Passenger,KYQ,FKM
55618,Guwahati New Bongaigaon Passenger,GHY,NBQ
55707,Radhikapur Katihar Passenger,RDP,KIR
55708,Katihar Radhikapur Passenger,KIR,RDP
55711,Malda Town New Jalpaiguri Passenger,MLDT,NJP
55712,New Jalpaiguri Malda Town Passenger,NJP,MLDT
55713,New Jalpaiguri - Dekargaon Pass,NJP,DKGN
55714,Dekargaon - New Jalpaiguri Pass,DKGN,NJP
55715,Katihar Siliguri Passenger,KIR,SGUJ
55716,Siliguri Katihar Passenger,SGUJ,KIR
55721,Malda Town Balurghat Passenger,MLDT,BLGT
55725,New Jalpaiguri Alipurduar Passenger,NJP,APDJ
55726,Alipur Duar New Jalpaiguri Passenger,APDJ,NJP
55727,Katihar Radhikapur Passenger,KIR,RDP
55728,Radhikapur Katihar Passenger,RDP,KIR
55729,Katihar Radhikapur Passenger,KIR,RDP
55730,Radhikapur Katihar Passenger,RDP,KIR
55731,Katihar Barsoi Passenger,KIR,BOE
55732,Barsoi Katihar Passenger,BOE,KIR
55733,Katihar Jogbani Passenger,KIR,JBN
55734,Jogbani Katihar Passenger,JBN,KIR
55735,Katihar Jogbani Passenger,KIR,JBN
55736,Jogbani Katihar Passenger,JBN,KIR
55737,Katihar Jogbani Passenger,KIR,JBN
55738,Jogbani Katihar Passenger,JBN,KIR
55739,Katihar Jogbani Passenger,KIR,JBN
55740,Jogbani Katihar Passenger,JBN,KIR
55741,Katihar Jogbani Fast Passenger,KIR,JBN
55743,Katihar Jogbani Passenger,KIR,JBN
55744,Jogbani Katihar Passenger,JBN,KIR
55745,New Jalpaiguri Bamanhat Passenger,NJP,AUB
55746,Bamanhat New Jalpaiguri Passenger,AUB,NJP
55747,Siliguri Haldibari Passenger,SGUJ,HDB
55748,Haldibari Siliguri Passenger,HDB,SGUJ
55749,New Jalpaiguri Haldibari Passenger,NJP,HDB
55750,Haldibari New Jalpaiguri Passenger,HDB,NJP
55751,New Jalpaiguri Haldibari Passenger,NJP,HDB
55752,Haldibari New Jalpaiguri Passenger,HDB,NJP
55811,Guwahati Lumding Passenger,GHY,LMG
55815,Kapali Fast Passenger,GHY,CPK
56006,Chengalpattu Arakkonam Passenger,CGL,AJJ
53429,Bhagalpur Jamalpur Passenger,BGP,JMP
53431,Sahibganj Jamalpur Passenger,SBG,JMP
55754,Guwahati - Alipur Duar Sifung Pass,GHY,APDJ
55755,Manihari Katihar Pass,MHI,KIR
55756,Katihar Manihari Pass,KIR,MHI
55757,Manihari Katihar Pass,MHI,KIR
55758,Katihar Manihari Pass,KIR,MHI
55759,Manihari Katihar Pass,MHI,KIR
55760,Katihar Manihari Pass,KIR,MHI
55791,Alipur Dwar Bamanhat Passenger,APDJ,NCB
55792,Bxt Alipur Duar Passenger,NCB,APDJ
55793,New Jalpaiguri Bamanhat Passenger,NJP,NCB
55794,Bamanhat New Jalpaiguri Passenger,BXT,NJP
55802,Manas Rhino Passenger,GHY,NBQ
55805,New Bongaigaon Guwahati Passenger,NBQ,GHY
55806,Guwahati New Bongaigaon Passenger,GHY,NBQ
55809,New Bongaigaon Guwahati Passenger,NBQ,GHY
55812,Lumding Guwahati Passenger,LMG,GHY
55816,Kapali Fast Passenger,CPK,GHY
55817,Chaparmukh Silghat Town Passenger,CPK,SHTT
55818,Silghat Town- Chaparmukh Passenger,SHTT,CPK
55901,Lumding Tinsukia Passenger,LMG,TSK
55902,Tinsukia Lumding Passenger,TSK,LMG
55903,Furkating Mariani Passenger,FKG,MXN
55904,Mariani Furkating Passenger,MXN,FKG
55905,Dibrugarh Ledo Passenger,DBRT,LEDO
55906,Ledo Dibrugarh Passenger,LEDO,DBRT
55907,Dibrugarh Ledo Passenger,DBRT,LEDO
55908,Ledo Dibrugarh Passenger,LEDO,DBRT
55913,Jorhat Town Tinsukia Passenger,JTTN,TSK
55914,Tinsukia Jorhat Town Passenger,TSK,JTTN
56001,Chennai Arakkonam Passenger,MAS,AJJ
56002,Arakkonam Chennai Passenger,AJJ,MAS
56003,Arakkonam Chengalpattu Passenger,AJJ,CGL
56005,Arakkonam Chengulpattu Passenger,AJJ,CGL
56007,Arakkonam Katpadi Passenger,AJJ,KPD
56008,Katpadi Arakkonam Passenger,KPD,AJJ
56009,Arakkonam Vellore Cantt Passenger,AJJ,VLR
56010,Vellore Cantt. Arakkonam Passenger,VLR,AJJ
56011,Arakkonam Nandalur Passenger,AJJ,NRE
56012,Nandalur Arakkonam Passenger,NRE,AJJ
56013,Arakkonam-Vellore Cantt Passenger,AJJ,VLR
56037,Chennai Pondicherry Passenger,MS,PDY
56038,Pondicherry Chennai Passenger,PDY,MS
56039,Kumbakonam Thanjavur Passenger,KMU,TJ
56040,Thanjavur Kumbakonam Passenger,TJ,KMU
56213,Chamarajanagar - Tirupati Fast Passenger,CMNR,TPTY
56042,Puducherry-Tirupati Passenger,PDY,TPTY
56043,Guruvayur Thrissur Passenger,GUV,TCR
56044,Thrissur Guruvayur Passenger,TCR,GUV
56045,Nagercoil Cape Passenger,NCJ,CAPE
56046,Kanyakumari Nagercoil Passenger,CAPE,NCJ
56102,Salem Mtdm Passenger,SA,MTDM
56103,Mettur Dam Salem Passenger,MTDM,SA
56136,Mettupalayam-Ooty Passenger,MTP,UAM
56137,Ooty-Mettupalayam Passenger,UAM,MTP
56139,Coonoor Passenger,UAM,ONR
56140,Udagamandalam Coonoor Passenger,UAM,ONR
56141,Coonoor Udagamandalam Passenger,ONR,UAM
56142,(Ooty)Udagamandalam Coonoor Passenger,UAM,ONR
56143,Udhagamandalam Passenger,ONR,UAM
56144,Coimbatore Mettupalaiyam Passenger,CBE,MTP
56145,Mettupalaiyam Coimbatore Passenger,MTP,CBE
56146,Coimbatore-Mettupalayam Passenger,CBE,MTP
56147,Mettupalayam-Coimbatore Passenger,MTP,CBE
56148,Coimbatoremettupalayam Passenger,CBE,MTP
56149,Mettupalayamcoimbatore Passenger,MTP,CBE
56150,Coimbatoremettupalayam Passenger,CBE,MTP
56151,Mettupalayamcoimbatore Passenger,MTP,CBE
56201,Chamrajnagar Mysore Passenger,CMNR,MYS
56202,Mysore Chamrajnagar Passenger,MYS,CMNR
56203,Chamarajnagar Mysore Passenger,CMNR,MYS
56204,Mysore Chamrajnagar Passenger,MYS,CMNR
56205,Nanjangud Mysore Passenger,NTW,MYS
56206,Nanjangud Mysore Passenger,MYS,NTW
56209,Chamrajnagar Mysore Passenger,CMNR,MYS
56210,Mysore Chamrajnagar Passenger,MYS,CMNR
56211,Chamrajnagar Mysore Passenger,CMNR,MYS
56212,Chamrajnagar Passenger,MYS,CMNR
56221,Bangalore Tumkur Passenger,SBC,TK
56222,Tumkur Bangalore Passenger,TK,SBC
56223,Bangalore Arisikere Passenger,SBC,ASK
56224,Arisikere Bangalore Passenger,ASK,SBC
56225,Bangalore Tumkur Passenger,SBC,TK
56226,Tumkur Bangalore Passenger,TK,SBC
56227,Bangalore Shimoga Town Passenger,SBC,SMET
56228,Shimoga Bangalore Passenger,SMET,SBC
56229,Mysore Bangalore Passenger,MYS,SBC
56230,Bangalore Mysore Passenger,SBC,MYS
56231,Mysore Bangalore (Push-Pull) Passenger,MYS,SBC
56232,Bangalore Mysore (Push-Pull) Passenger(Shuttle),SBC,MYS
56233,Bangalore Mysore Passenger,SBC,MYS
56234,Mysore Bangalore Passenger,MYS,SBC
56237,Mysore Bangalore (Push-Pull) Passenger,MYS,SBC
56004,Chengalpattu Arakkonam Passenger,CGL,AJJ
56238,Bangalore Mysore (Push-Pull) Passenger,SBC,MYS
56239,Shimoga Birur Passenger,SMET,RRB
56240,Birur Shimoga Passenger,RRB,SMET
56241,Salem Yesvantpur Passenger,SA,YPR
56242,Yesvantpur Salem Passenger,YPR,SA
56262,Bangalore - Arakkonam Passenger,SBC,AJJ
56263,Night Queen Passenger,MYS,SBC
56264,Night Queen Passenger,SBC,MYS
56265,Arsikere Mysore Passenger,ASK,MYS
56266,Mysore Arsikere Passenger,MYS,ASK
56268,Mysore Arsikere Passenger,MYS,ASK
56269,Shimoga Mysore Passenger,SMET,MYS
56270,Mysore Shimoga Passenger,MYS,SMET
56271,Shimoga Birur Passenger,SMET,RRB
56272,Birur Shimoga Town Passenger,RRB,SMET
56273,Arsikere Hubli Passenger,ASK,UBL
56274,Hubli Arsikere Passenger,UBL,ASK
56300,Kollam Alappuzha Passenger,QLN,ALLP
56301,Alappuzha Kollam Passenger,ALLP,QLN
56302,Alappuzha Ernakulam Passenger,ALLP,ERS
56303,Ernakulam Alappuzha Passenger,ERS,ALLP
56307,Kollam Tiruvananthapuram Passenger,QLN,TVC
56308,Tiruvananthapuram Kollam Passenger,TVC,QLN
56309,Kollam Tiruvananthapuram Passenger,QLN,TVC
56310,Nagercoil Tiruvananthapuram Passenger,NCJ,TVC
56311,Tiruvananthapuram Nagercoil Passenger,TVC,NCJ
56312,Tirunelveli Nagercoil Passenger,TEN,NCJ
56313,Tiruvananthapuram Nagercoil Passenger,TVC,NCJ
56315,Tiruvananthapuram Nagercoil Passenger,TVC,NCJ
56316,Nagercoil Tiruvananthapuram Passenger,NCJ,TVC
56317,Kochuveli Nagercoil Passenger,KCVL,NCJ
56318,Nagercoil Kochuveli Passenger,NCJ,KCVL
56319,Nagercoil Coimbatore Passenger,NCJ,CBE
56321,Kanyakumari Tirunelveli Passenger,CAPE,TEN
56323,Coimbatore Mangalore Fast Passenger,CBE,MAQ
56324,Coimbatore Fast Passenger,MAQ,CBE
56325,Nagercoil Cape Passenger,NCJ,CAPE
56331,Punalur Kollam Passenger,PUU,QLN
56370,Ernakulam Guruvayur Passenger,ERS,GUV
56503,Yesvantapur-Vijayawada Passenger,YPR,BZA
56504,Vijayawada Yesvantapur Passenger,BZA,YPR
56505,Bangarpet Marikuppam Passenger,BWT,MKM
56506,Marikuppam Bangarapet Passenger,MKM,BWT
56511,Bangarpet Marikuppam Passenger,BWT,MKM
56515,Bangalore City - Hubli Pass,SBC,UBL
56516,Hubli - Bangalore Cy Passenger,UBL,SBC
55525,Barauni-Samastipur Passenger,BJU,SPJ
56332,Kollam Punalur Passenger,QLN,PUU
56333,Punalur Kollam Passenger,PUU,QLN
56334,Kollam Punalur Passenger,QLN,PUU
56335,Punalur Kollam Passenger,PUU,QLN
56336,Kollam Punalur Passenger,QLN,PUU
56337,Punalur Kollam Passenger,PUU,QLN
56338,Kollam Punalur Passenger,QLN,PUU
56371,Guruvayur Ernakulam Passenger,GUV,ERS
56374,Thrissur Guruvayur Passenger,TCR,GUV
56375,Guruvayur Ernakulam Passenger,GUV,ERS
56376,Ernakulam Guruvayur Passenger,ERS,GUV
56377,Allepey Kayankulam Passenger,ALLP,KYJ
56379,Ernakulam Alappuzha Passenger,ERS,ALLP
56380,Kayankulam Ernakulam Passenger,KYJ,ERS
56381,Ernakulam Kayankulam Passenger,ERS,KYJ
56382,Kayankulam Ernakulam Passenger,KYJ,ERS
56383,Ernakulam Kayankulam Passenger,ERS,KYJ
56384,Alappuzha Ernakulam Passenger,ALLP,ERS
56391,Ernakulam Kollam Passenger,ERS,QLN
56392,Kollam Ernakulam Passenger,QLN,ERS
56501,Vijayawada Hubli Passenger,BZA,UBL
56502,Hubli Vijayawada Passenger,UBL,BZA
56507,Swarna Passenger Marikuppam Bangalore,MKM,SBC
56508,Bangalore-Marikuppam Swarna Pass.,SBC,MKM
56509,Marikuppam Bangalore Passenger,MKM,SBC
56510,Bangalore Marikuppam Passenger,SBC,MKM
56512,Marikuppam Bangarpet Passenger,MKM,BWT
56513,Salem Bangalore Passenger,SA,SBC
56514,Bangalore Salem Passenger,SBC,SA
56517,Chitradurga Harihar Passenger,CTA,HRR
56518,Harihar Chitradurga Passenger,HRR,CTA
56519,Bangalore Chitradurga Passenger,JRU,CTA
56520,Chitradura Bangalore Passenger,CTA,JRU
56525,Bangalore Chik Ballapur Passenger,SBC,CBP
56526,Chik Ballapur Bangalore Passenger,CBP,SBC
56527,Kanyakumari Nagercoil Passenger,CAPE,NCJ
56528,Nagercoil Kanyakumari Passenger,NCJ,CAPE
56601,Shoranur Kozhikode Passenger,SRR,CLT
56613,Shoranur Nilambur Fast Passenger,SRR,NIL
56615,Shoranur Nilambur Passenger,SRR,NIL
56640,Mangalore-Verna Passenger,MAQ,VEN
56641,Verna Mangalore Passenger,VEN,MAQ
56642,Kabakaputtur Mangalore Passenger,KBPR,MAQ
56651,Coimbatore Kannur Fast Passenger,CBE,CAN
56700,Madurai-Kollam Passenger,MDU,QLN
56701,Madurai Passenger,QLN,MDU
56602,Kannur Shoranur Passenger,CAN,SRR
56603,Thrissur Kannur Passenger,TCR,CAN
56604,Shoranur Coimbatore Passenger,SRR,CBE
56606,Ernakulam Shoranur Passenger,ERS,SRR
56607,Shoranur Ernakulam Passenger,SRR,ERS
56608,Ernakulam Shoranur Passenger,ERS,SRR
56609,Shoranur Ernakulam Passenger,SRR,ERS
56610,Nilambur Palakkad Passenger,NIL,PGT
56612,Nilambur Shoranur Passenger,NIL,SRR
56616,Nilambur Shoranur Fast Passenger,NIL,SRR
56617,Shoranur Nilambur Passenger,SRR,NIL
56618,Nilambur Shoranur Passenger,NIL,SRR
56619,Shoranur Nilambur Passenger,SRR,NIL
56620,Nilambur Road Shoranur Pass,NIL,SRR
56621,Shoranur Nilambur Road Pass,SRR,NIL
56643,Kabakaputtur Passenger,MAQ,KBPR
56644,Kabakaputtur Mangalore Passenger,KBPR,MAQ
56645,Kabakaputtur Passenger,MAQ,KBPR
56646,Subramanya Road Mangalore Passenger,SBHR,MAQ
56647,Subrahmanya Road Passenger,MAQ,SBHR
56650,Kannur Coimbatore Fast Passenger,CAN,CBE
56652,Kannur Kozhikkode Passenger,CAN,CLT
56653,Kozhikode Kannur Passenger,CLT,CAN
56654,Kozhikode Passenger,MAQ,CLT
56655,Kannur Mangalore Passenger,CAN,MAQ
56656,Kannur Passenger,MAQ,CAN
56657,Calicut Kannur Passenger,CLT,CAN
56659,Kannur Charvattur Passenger,CAN,CHV
56661,Charvattur Mangalore Passenger,CHV,MAQ
56703,Tiruchchirapali  - Dindigul Passenger,TPJ,DG
56707,Dindigul Madurai Passenger,DG,MDU
56708,Madurai Dindigul Passenger,MDU,DG
56709,Dindigul Madurai Passenger,DG,MDU
56710,Madurai Dindigul Passenger,MDU,DG
56712,Trichy Nagore Passenger,TPJ,NCR
56714,Tiruchirapalli Nagore Passenger,TPJ,NCR
56733,Madurai - Sengottai  Passenger,MDU,SCT
56734,Sengottai - Madurai Passenger,SCT,MDU
56735,Madurai  - Sengottai Passenger,MDU,SCT
56736,Sengottail Madurai Passenger,SCT,MDU
56806,Tiruchchirapalli Cuddalore Port Passenger,TPJ,CUPJ
56808,Tiruchchirapalli Villupuram Passenger,TPJ,VRI
56812,Tiruchchirapalli Mayiladuturai Passenger,TPJ,MV
56821,Mayiladuturai  - Dindigul Passenger,MV,DG
56824,Tiruchchirapalli Mayiladuturai Passenger,TPJ,MV
56826,Tirnunelveli Erode Passenger,TEN,ED
56829,Tiruchchirapalli Rameswaram Passenger,TPJ,RMM
14523,Harihar Express,MFP,UMB
53426,Kiul Jamalpur Pass,KIUL,JMP
53428,Kiul Jamalpur Pass,KIUL,JMP
55610,Fkm - Dbb Fast Passenger,FKM,DBB
56704,Dindigul - Tiruchchirapali Passenger,DG,TPJ
56705,Villupuram  - Madurai Passenger,VM,MDU
56706,Madurai - Villupuram Passenger,MDU,VM
56711,Nagore Trichy Passenger,NCR,TPJ
56713,Nagore Trichy Passenger,NCR,TPJ
56721,Madurai Rameswaram Passenger,MDU,RMM
56722,Rameswaram Madurai Passenger,RMM,MDU
56724,Rameswaram Madurai Passenger,RMM,MDU
56725,Madurai Rameswaram Passenger,MDU,RMM
56726,Rameswaram Madurai Passenger,RMM,MDU
56761,Tirunelveli Tiruchendur Passenger,TEN,TCN
56762,Tiruchendur Tirunelveli Passenger,TCN,TEN
56763,Tirunelveli Tiruchendur Passenger,TEN,TCN
56764,Tiruchendur Tirunelveli Passenger,TCN,TEN
56765,Tirunelveli Tiruchendur Passenger,TEN,TCN
56766,Tiruchendur Tirunelveli Passenger,TCN,TEN
56767,Tuticorin Tiruchendur Passenger,TN,TCN
56768,Tiruchendur Tuticorin Passenger,TCN,TN
56805,Cuddalore Port Tiruchchirapalli Passenger,CUPJ,TPJ
56807,Vriddhachalam Tiruchchirapalli Passenger,VRI,TPJ
56811,Mayiladuturai Tiruchchirapalli Passenger,MV,TPJ
56822,Dindigul - Mayiladuturai Passenger,DG,MV
56823,Mayiladuturai Tiruchchirapalli Passenger,MV,TPJ
56827,Tuticorin Tirunelveli Passenger,TN,TEN
56828,Tirunelveli Tuticorin Passenger,TEN,TN
56830,Rameswaram Trichy Passenger,RMM,TPJ
56835,Vriddhachalam Salem Passenger,VRI,SA
56836,Salem Vriddhachalam Passenger,SA,VRI
56837,Vriddhachalam Salem Passenger,VRI,SA
56838,Salem Vriddhachalam Passenger,SA,VRI
56839,Jolarpettai Erode Passenger,JTJ,ED
56840,Erode Jolarpettai Passenger,ED,JTJ
56845,Jolarpettai Erode Passenger,JTJ,ED
56846,Erode Jolarpettai Passenger,ED,JTJ
56859,Tambaram Villupuram Passenger,TBM,VM
56861,Villupuram-Puducherry Passenger,VM,PDY
56863,Villupuram-Puducherry Passenger,VM,PDY
56865,Puducherry-Villupuram Passenger,VM,PDY
56873,Villupuram Mayiladuthurai Passenger,VM,MV
56877,Villupuram-Mayiladuthurai Passenger,VM,MV
56904,Dharwar Solapur Passenger,DWR,SUR
56905,Solapur-Hubli Passenger,SUR,UBL
56906,Hubli - Solapur Passenger,UBL,SUR
55029,Muzaffarpur Gorakhpur Passenger,MFP,GKP
56833,Cuddalore Vriddhachalam Passenger,CUPJ,VRI
56841,Tiruchchirapalli Erode Passenger,TPJ,ED
56843,Tiruchchirapalli Erode Passenger,TPJ,ED
56847,Trichy Palakkad Town Passenger,TPJ,PGTN
56848,Palghat Town Tiruchchirapalli Passenger,PGTN,TPJ
56851,Nagore Trichy Passenger,NCR,TPJ
56852,Trichy Nagore Passenger,TPJ,NCR
56862,Puducherry-Villupuram Passenger,PDY,VM
56864,Puducherry-Villupuram Passenger,PDY,VM
56866,Puducherry-Villupuram Passenger,PDY,VM
56874,Mayiladuthurai Villupuram Passenger,MV,VM
56878,Mayiladuthurai-Villupuram Passenger,MV,VM
56890,Tiruturaipdi Tiruvarur Passenger,TTP,TVR
56891,Thiruvarur Karaikkudi Passenger,TVR,KKDI
56892,Karaikkudi Thiruvarur Passenger,KKDI,TVR
56893,Thiruvarur Karaikkudi Passenger,TVR,KKDI
56894,Karaikkudi Thiruvarur Passenger,KKDI,TVR
56902,Dharwar Hubil Passenger,DWR,UBL
56907,Hubli Dharwar Passenger,UBL,DWR
56909,Bangalore Hospet Passenger,SBC,UBL
56909-Slip,Bangalore Hospet Passenger Slip,SBC,HPT
56910,Bangalore Passenger,HPT,SBC
56911,Bangalore Hubli Passenger,JRU,UBL
56912,Hubli Bangalore Passenger,UBL,SBC
56913,Bangalore Hubli Fast Passenger,SBC,UBL
56914,Hubli Bangalore Passenger,UBL,SBC
56915,Hubli Passenger Slip,JRU,UBL
56916,Hubli Chikjajur Passenger,UBL,JRU
56917,Bangalore Shimoga Slip,RRB,SMET
56918,Shimoga Bangalore Passenger,SMET,SBC
56961,Kulem - Vasco Dagama Passenger,QLM,VSG
56963,Kulem - Vasco Da Gama Passenger,QLM,VSG
56964,Vasco Da Gama - Kulem Passenger,VSG,QLM
57129,Bijapur-Bolarum Passenger,BJP,BMO
57130,Hyderabad Bijapur Passenger,HYB,BJP
57131,Bolarum Hyderabad Passenger,BMO,HYB
57133,Bijapur Raichur Passenger,BJP,RC
57134,Raichur Bijapur Passenger,RC,BJP
57139,Dornakal Manuguru Passenger,DKJ,MUGR
57145,Dornakal Bhadrachalam Passenger,DKJ,BDCR
57146,Bhadrachalam Dornakal Passenger,BDCR,DKJ
57156,Hyderabad Gulbarga Passenger,HYB,GR
57201,Vijayawada Rajahmundry Passenger,BZA,RJY
57207,Tenali Markapur Road Passenger,TEL,MRK
57208,Markapur Road Guntur Passenger,MRK,GNT
57235,Rajamundry Visakhapatnam Passenger,RJY,VSKP
53131,Sealdah Muzaffarpur Fast Passenger,SDAH,MFP
56962,Vasco Dagama - Kulem Passenger,VSG,QLM
56965,Kulem - Vasco Da Gama Passenger,QLM,VSG
56966,Vasco Da Gama - Kulem Passenger,VSG,QLM
57121,Kazipet Balharshah Passenger,KZJ,BPQ
57122,Sirpur Town Kazipet Passenger,SRUR,KZJ
57124,Balharshah Bhadrachalam Passenger,BPQ,BDCR
57135,Nagpur Kazipet Passenger,NGP,KZJ
57136,Kazipet Nagpur Passenger,KZJ,NGP
57140,Link Secunderabad Express,MUGR,SC
57155,Gulbarga-Hyderabad Passenger,WADI,HYB
57202,Tenali Repalle Passenger,TEL,RAL
57203,Repalle Tenali Passenger,RAL,TEL
57209,Tenali Guntur Passenger,TEL,GNT
57210,Guntur Tenali Passenger,GNT,TEL
57216,Guntur Tenali Passenger,GNT,TEL
57217,Guntur Macherla Passenger,GNT,MCLA
57218,Macherla Bhimavaram Passenger,MCLA,BVRM
57219,Guntur Macherla Passenger,GNT,MCLA
57220,Macherla Guntur Passenger,MCLA,GNT
57224,Vijayawada Gudur Passenger,BZA,GDR
57225,Vijayawada Visakhapatnam Passenger,BZA,VSKP
57226,Visakhapatnam Vijayawada Passenger,VSKP,BZA
57229,Machilipatnam Visakhapatnam Fast Passenger,MTM,VSKP
57230,Visakhapatnam Machilipatnam Fast Passenger,VSKP,MTM
57231,Vijayawada Kakinada Port Fast Passenger,BZA,COA
57232,Kakinada Port Vijayawada Passenger,COA,BZA
57240,Bitragunta Chennai Passenger,BTTR,MAS
57241,Bitragunta Vijayawada Passenger,BTTR,BZA
57242,Vijayawada Bitragunta Passenger,BZA,BTTR
57254,Vijayawada Bhadrachalam Passenger,BZA,BDCR
57257,Tirupati Kakinada Port Passenger,TPTY,COA
57258,Kakinada Port Tirupati Passenger,COA,TPTY
57259,Bhimavaram Rajamundry Passenger,BVRM,RJY
57260,Rajamundry Narasapur Passenger,RJY,NS
57271,Rayagada Passenger,BZA,RGDA
57272,Rayagada Vijayawada Passenger,RGDA,BZA
57274,Tirupati Hubli Intercity Passenger,TPTY,UBL
57278,Vijayawada Bitragunta Passenger,BZA,BTTR
57279,Gudivada Narasapur Passenger,GDV,NS
57280,Bhimavaram Gudivada Passenger,BVRM,GDV
57427,Raichur Guntakal Passenger,RC,GTL
57428,Guntakal Raichur Passenger,GTL,RC
57437,Guntakal Hindupur Passenger,GTL,HUP
57438,Hindupur Guntakal Passenger,HUP,GTL
57547,Hyderabad Purna Passenger,HYB,PAU
51111,Chalisgaon Dhule Mix Passenger,CSN,DHI
57237,Kazipet Vijayawada Passenger,KZJ,BZA
57238,Vijaywada Kazipet Passenger,BZA,KZJ
57239,Chennai Gudur Passenger,MAS,GDR
57253,Bhadrachalam Vijayawada Passenger,BDCR,BZA
57256,Visakhapatnam Kakinada Port Passenger,VSKP,COA
57262,Nidadavolu Bhimavaram Passenger,NDD,BVRM
57263,Narasapur Nidadavolu Passenger,NS,NDD
57264,Narasapur Visakhapatnam (Link) Passenger,NS,VSKP
57265,Visakhapatnam Narasapur (Link) Passenger,VSKP,NS
57273,Hubli Tirupati Intercity Passenger,UBL,TPTY
57285,Nadikode Macherla Passenger,NDKD,MCLA
57286,Macherla Nadikode Passenger,MCLA,NDKD
57298,Narasapur Guntur Passenger,NS,GNT
57305,Kacheguda Guntur Fast Passenger,KCG,GNT
57306,Guntur Secunderabad Passenger,GNT,SC
57307,Secunderabad Medchal Suburban,SC,MED
57308,Medchal Secunderabad Suburban,MED,SC
57327,Dronachellam Guntur Passenger,DHNE,GNT
57328,Guntur Dhone Passenger,GNT,DHNE
57381,Guntur Narasapur Fast Passenger,GNT,NS
57382,Guntur Passenger,NS,GNT
57412,Gudur Tirupati Fast Passenger,GDR,TPTY
57426,Gunatkal Secunderabad Passenger,GTL,SC
57430,Gudur Tirupati Passenger,GDR,TPTY
57439,Gooty Dhone Passenger,GY,DHNE
57440,Dhone Gooty Passenger,DHNE,GY
57467,Kurnool Town Guntakal Passenger,KRNT,GTL
57469,Kurnool Town Guntakal Passenger,KRNT,GTL
57474,Bodhan Mahbubnagar Passenger,BDHN,MBNR
57475,Tirupati Guntakal Passenger,TPTY,GTL
57476,Guntakal Tirupati Passenger,GTL,TPTY
57501,Nizamabad Bodhan Passenger,NZB,BDHN
57502,Bodhan Nizamabad Passenger,BDHN,NZB
57503,Nizamabad Bodhan Passenger,NZB,BDHN
57504,Bodhan Nizamabad Passenger,BDHN,NZB
57512,Parbhani Purna Passenger,PBN,NED
57516,Nanded-Daund Junction Passenger,NED,DD
57518,Tandur Bolarum Passenger,TDU,BMO
57519,Bolarum Secunderabad Suburban,BMO,HYB
57539,Akola Parli Vaijnath Passenger,AK,PRLI
57540,Akola Passenger,PRLI,AK
57541,Nagarsol Nanded Passenger,NSL,NED
57542,Nanded Manmad Passenger,NED,MMR
57561,Kacheguda Manmad Passenger,KCG,MMR
57581,Akola Purna Passenger,AK,PAU
57583,Akola Purna Passenger,AK,PAU
57448,Mahbubnagar Secunderabad Passenger,MBNR,SC
57451,Chikjajur Guntakal Passenger,JRU,GTL
57453,Bellary Guntakal Passenger,BAY,GTL
57454,Guntakal Bellary Passenger,GTL,BAY
57468,Dhone Kurnool Town Passenger,DHNE,KRNT
57470,Guntakal Kurnool Town Passenger,GTL,KRNT
57473,Secunderabad Bodhan Passenger,SC,BDHN
57485,Secunderabad Mirzapali Passenger,SC,MZL
57486,Mirzapali Secunderabad Passenger,MZL,SC
57548,Purna Hyderabad Passenger,PAU,HYB
57549,Hyderabad Aurangabad Passenger,HYB,AWB
57550,Aurangabad-Hyderabad Passenger,AWB,HYB
57551,Purna Adilabad Passenger,PAU,ADB
57552,Adilabad Purna Passenger,ADB,PAU
57553,Parli Vaijnath Adilabad Passenger,PRLI,ADB
57554,Adilabad Parli Vaijnath Passenger,ADB,PRLI
57557,Nizamabad Nanded Passenger,NZB,NED
57558,Nanded Nizamabad Passenger,NED,NZB
57563,Hyderabad-Parbhani Pass,HYB,PBN
57564,Nanded Hyderabad Passenger,NED,HYB
57582,Purna Akola Passenger,PAU,AK
57605,Secunderabad Vikarabad Passenger,SC,VKB
57606,Vikarabad Secunderabad,VKB,SC
57619,Delta Fast Passenger,RAL,SC
57625,Kakatiya Fast Passenger,SC,MUGR
57626,Kakatiya Fast Passenger,MUGR,SC
57640,Guntur Tirupati Passanger,GNT,TPTY
57641,Solapur - Gadag Passenger,SUR,GDG
57642,Gadag - Solapur Passenger,GDG,SUR
57643,Bagalkot Gadag Passenger,BGK,GDG
57644,Gadag Bagalkot Passenger,GDG,BGK
57651,Secunderabad Repalle Passenger,SC,RAL
57652,Repalle Secunderabad Passenger,RAL,SC
57657,Manuguru Kazipet Passenger,MUGR,KZJ
57658,Kazipet Manuguru Passenger,KZJ,MUGR
57660,Falaknuma Gulbarga Passenger,FM,GR
58000,Puri -- Santragachi Passenger,PURI,KGP
58001,Howrah Puri Santragachi Passenger,HWH,PURI
58003,Howrah Bhadrak Passenger,HWH,BHC
58005,Kharagpur Khurda Fast Passenger,KGP,KUR
58006,Kurdha Road Kharagpur Passenger,KUR,KGP
58007,Kharagpur Balasore Bhadrakh Passenger,KGP,BHC
58011,Howrah Chakradharpur Passenger,HWH,CKP
58012,Chakradharpur Howrah Passenger,CKP,HWH
58014,Bokaro Steel City-Howrah Fast Passenger,BKSC,HWH
58015,Howrah Adra Memu Passenger,HWH,ADRA
58016,Adra Howrah Passenger,ADRA,HWH
51113,Chalisgaon Dhule Mix Passenger,CSN,DHI
51114,Dhule Chalisgaon Mix Passenger,DHI,CSN
51115,Chalisgaon Dhule Mix Passenger,CSN,DHI
51886,Damoh Bina Pass,DMO,BINA
57584,Purna Akola Passenger,PAU,AK
57628,Gulbarga Solapur Passenger,GR,SUR
57639,Tirupati Guntur Passenger,TPTY,GNT
57649,Gulbarga Wadi Passenger,GR,WADI
57650,Wadi Solapur Passenger,WADI,SUR
57659,Sholapur Falaknuma Passenger,SUR,FM
57685,Solapur Bijapur Passenger,SUR,BJP
57686,Bijapur Solapur Passenger,BJP,SUR
58002,Puri Santargachi Passenger,PURI,SRC
58008,Jajpur Keonjhar Kharagpur,JJKR,KGP
58009,Kharagpur Jajpur Keonjhar Road Passenger,KGP,JJKR
58010,Chakradharpur Adra Passenger,JJKR,KGP
58017,Kharagpur Asansol Passenger,KGP,ASN
58018,Asansol Adra Kharagpur Passenger,ASN,KGP
58019,Adra Asansol Passenger,ADRA,ASN
58020,Asansol Adra Passenger,ASN,ADRA
58021,Kharagpur Tatanagar Passenger,KGP,TATA
58022,Tatanagar Kharagpur Memu Passenger,TATA,KGP
58023,Tatanagar Barkakana Passenger,TATA,BRKA
58025,Kharagpur-Hatia Passenger,KGP,HTE
58026,Hatia Kharagpur Passenger,HTE,KGP
58101,Tatanagar Badampahar Passenger,TATA,BMPR
58103,Tatanagar Barabil Passenger,TATA,BBN
58104,Barabil Tatanagar Passenger,BBN,TATA
58109,Tatanagar Gua Passenger,TATA,GUA
58110,Gua Tatanagar Passenger,GUA,TATA
58111,Tatanagar - Itwari Passenger,TATA,ITR
58112,Itwari - Tatanagar Passenger,ITR,TATA
58113,Tata Bsp Pass,TATA,BSP
58114,Bsp Tata Passenger,BSP,TATA
58116,Rou Ckp Saranda Passenger,ROU,CKP
58151,Birmitrapur Barsuan Passenger,BRMP,BXF
58152,Barsuan Birmitrapur Passenger,BXF,BRMP
58162,Jharsuguda - Hatia Passenger (Unreserved),JSG,HTE
58201,Bilaspur Raipur Passenger,BSP,R
58202,Raipur Bilaspur Memu Local,R,BSP
58203,Gevra Raipur Passenger,GAD,R
58204,Raipur Gevra Road Passenger,R,GAD
58205,Raipur Itwari Pass,R,ITR
58206,Itwari Raipur Memu Pass,ITR,R
58208,Khariar Raipur Passenger,KSNG,R
58215,Jharsuguda Titlagarh Passenger,JSG,TIG
58216,Titlagarh Jharsuguda Passenger,TIG,JSG
58117,Jharsuguda Gondia Passenger,JSG,G
58118,Gondia Jharsuguda Passenger,G,JSG
58125,Sambalpur Jharsuguda Passenger,SBP,JSG
58131,Rourkela-Puri Passenger,ROU,PURI
58132,Puri Rourkela Passenger,PURI,ROU
58133,Rourkela Jharsuguda Passenger,ROU,JSG
58134,Jhsrsuguda Rourkela Passenger,JSG,ROU
58209,Gevra Bilaspur Passenger,GAD,BSP
58210,Bilaspur Gevra Passenger,BSP,GAD
58212,Bilaspur Gevra Passenger,BSP,GAD
58213,Jharsuguda Bilaspur Passenger,JSG,BSP
58214,Bilaspur Jharsuguda Passenger,BSP,JSG
58217,Titlagarh Raipur Passenger,TIG,R
58218,Raipur Titagarh Passenger,R,TIG
58220-Slip,Chirmiri Bilaspur Passenger Slip,CHRM,BPL
58221,Chirmiri Chandia Passenger,CHRM,CHD
58222,Chandia Chirmiri Passenger,CHD,CHRM
58223,Manendragarh Ambikapur Passang,MDGR,ABKP
58224,Ambikapur Manendragarh Passang,ABKP,MDGR
58401,Cuttack Paradip Passenger,CTC,PRDP
58405,Cuttack Paradip Passenger,CTC,PRDP
58406,Paradip Cuttack Passenger,PRDP,CTC
58407,Khurda Puri Passenger,KUR,PURI
58408,Puri Khurda Road Passenger,PURI,KUR
58409,Khurda Puri Passenger,KUR,PURI
58410,Puri Khurda Road Passenger,PURI,KUR
58414,Puri Talcher Passenger,PURI,TLHR
58415,Puri Cuttack Passenger,CTC,PURI
58416,Cuttack Puri Passenger,PURI,CTC
58417,Puri Gunupur Passenger,PURI,GNPR
58418,Parlakhemundi Puri Passenger,GNPR,PURI
58421,Angul Puri Fast Passenger,ANGL,PURI
58422,Puri Angul Fast Passenger,PURI,ANGL
58423,Bhadrak Cuttack Passenger,BHC,CTC
58424,Cuttack Bhadrakh Passenger,CTC,BHC
58435,Bhadrakh Cuttack Fast Passenger,BHC,CTC
58436,Cuttack Bhadrakh Fast Passenger,CTC,BHC
58527,Raipur Vishakhapatnam Passenger,R,VSKP
58528,Visakhapatnam Raipur Passenger,VSKP,R
58541,Rayagada Koraput Passenger,RGDA,KRPU
58542,Koraput Rayagada Passenger,KRPU,RGDA
58601,Kharagpur Adra Passenger,KGP,ADRA
58602,Adra Kharagpur Passenger,ADRA,KGP
58603,Kharagpur-Dhanbad Passenger,KGP,DHN
58604,Dhanbad Kharagpur Passenger,DHN,KGP
58605,Kharagpur Tatanagar Passenger,KGP,TATA
58606,Tatanagar Kharagpur Passenger,TATA,KGP
58220,Chirmiri Bilaspur Passenger,CHRM,BSP
58433,Cuttack Berhampur Fast Passenger,CTC,BAM
58434,Berhampur Cuttack Fast Passenger,BAM,CTC
58501,Visakhapatnam Kirandul Passenger,VSKP,KRDL
58525,Palasa Visakhapatnam Passenger,PSA,VSKP
58529,Durg Visakhapatnam Passenger,DURG,VSKP
58530,Visakhapatnam Durg Passenger,VSKP,DURG
58537,Rayagada Vishakhapatnam Passenger,RGDA,VSKP
58538,Visakhapatnam Rayagada Passenger,VSKP,RGDA
58607,Gomoh-Chakradharpur Passenger,GMO,CKP
58608,Chakradharpur Gomoh Passenger,CKP,GMO
58609,Tatanagar Chakradharpur Passenger,TATA,CKP
58652,Lohardaga Ranchi Passenger,LAD,RNC
58653,Ranchi - Lohardaga - Barkichampi Passenger,RNC,LAD
58654,Barkichampi - Lohardaga - Ranchi Passenger,LAD,RNC
58655,Ranchi Lohardaga Passenger,RNC,LAD
58656,Lohardaga Ranchi Passenger,LAD,RNC
58657,Ranchi Lohardaga Passenger,RNC,LAD
58658,Lohardaga Ranchi Passenger,LAD,RNC
58661,Tatanagar Hatia Passenger,TATA,HTE
58662,Hatia Tatanagar Passenger,HTE,TATA
58703,Durg Gondia Passenger,R,G
58704,Gondia Durg Passenger,G,R
58711,Telibandha Dhamtari Passenger,TBD,DTR
58712,Dhamtari Telibandha Passenger,DTR,TBD
58713,Telibandha Dhamtari Passenger,TBD,DTR
58714,Dhamtari Telibandha Passenger,DTR,TBD
58715,Telibandha Dhamtari Passenger,TBD,DTR
58716,Dhamtari Telibandha Passenger,DTR,TBD
58717,Telibandha Rajim Passenger,TBD,RIM
58718,Rajim Telibandha Pass,RIM,TBD
58719,Abhanpur Rajim Pass,AVP,RIM
58720,Rajim Abhanpur Pass,RIM,AVP
58721,Abhanpur Rajim Pass,AVP,RIM
58722,Rajim Abhanpur Pass,RIM,AVP
58802,Gondia Nagbhir Ballarshah Passenger,G,BPQ
58808,Wadsa Chanda Fort Passenger,WSA,CAF
58809,Ramtek Itwari Passenger,RTK,ITR
58810,Nagpur Ramtek Passenger,NGP,RTK
58811,Ramtek Nagpur Passenger,RTK,NGP
58813,Ramtek Itwari Passenger,RTK,ITR
58814,Itwari Ramtek Passenger,ITR,RTK
58815,Itwari Tirodi Passenger,ITR,TRDI
58816,Tirodi Itwari Passenger,TRDI,ITR
58817,Tumsar Road Tirodi Passenger,TMR,TRDI
58818,Tirodi Tumsar Road Demu,TRDI,TMR
58831,Nagpur Chindwara Passenger,NGP,CWA
58620,Barka Kana Adra Passenger,BRKA,ADRA
58621,Adra Barkakana Passenger,ADRA,BRKA
58701,Shahdol Ambikapur Passenger,SDL,ABKP
58702,Ambikapur Shahdol Passenger,ABKP,SDL
58804,Gondia Chanda Fort Passenger,G,CAF
58805,Chanda Fort Gondia Passenger,CAF,G
58806,Gondia Wadsa Passenger,G,WSA
58832,Chhindwara Ramakona Nagpur Passenger,CWA,NGP
58833,Nagpur Chindwara Passenger,NGP,CWA
58835,Nagpur Ramakona Chhindwara Passenger,NGP,CWA
58837,Nagpur Ramakona Chhindwara Passenger,NGP,CWA
58839,Nagpur Nainpur Jabalpur Fast Passenger,NGP,JBP
58841,Nagpur Ramakona Passenger,NGP,RMO
58843,Nagpur Nagbhir Passenger,NGP,NAB
58846,Nagbhir Itwari Passenger,NAB,ITR
58847,Nagpur Nagbhir Passenger,NGP,NAB
58849,Chhindwara Nainpur Passenger,CWA,NIR
58850,Nainpur Chhindwara Passenger,NIR,CWA
58851,Chhindwara Nainpur Passenger,CWA,NIR
58852,Nainpur Chhindwara Passenger,NIR,CWA
58853,Chhindwara Nainpur Passenger,CWA,NIR
58854,Nainpur Chhindwara Passenger,NIR,CWA
58855,Chhindwara Nainpur Passenger,CWA,NIR
58856,Nainpur Chhindwara Passenger,NIR,CWA
58857,Nainpur Mandla Fort Passenger,NIR,MFR
58858,Mandla Fort Balaghat Passenger,NIR,BTC
58859,Nainpur Mandla Fort Passenger,NIR,MFR
58860,Mandla Fort Nainpur Passenger,MFR,NIR
58861,Nainpur Mandla Fort Passenger,NIR,MFR
58862,Mandla Fort Nainpur Passenger,MFR,NIR
58863,Balaghat Jabalpur Passenger,BTC,JBP
58864,Jabalpur Balaghat Passenger,JBP,BTC
58865,Balaghat Jabalpur Passenger,BTC,JBP
58866,Jabalpur Balaghat Passenger,JBP,BTC
58867,Balaghat Jabalpur Passenger,BTC,JBP
58868,Jabalpur Balaghat Passenger,JBP,BTC
58869,Balaghat Jabalpur Passenger,BTC,JBP
58870,Jabalpur Balaghat Passenger,JBP,BTC
58871,Balaghat Jabalpur Passenger,BTC,JBP
58873,Balaghat Nainpur Passenger,BTC,NIR
58874,Nainpur Balaghat Passenger,NIR,BTC
58876,Jabalpur Nainpur Passenger,JBP,NIR
59009,Virar Bharuch Shuttle,VR,BH
59010,Bharuch Virar Passenger,BH,VR
59013,Bhusaval Passenger,ST,BSL
59023,Mumbai Valsad Passenger,BCT,BL
59025,Surat Amrawati Fast Passenger,ST,AMI
58834,Chhindwara Nagpur Passenger,CWA,NGP
58836,Chhindwara Nagpur Passenger,CWA,NGP
58840,Jabalpur Nir Nagpur Passenger,JBP,NGP
58842,Ramakona Nagpur Passenger,RMO,NGP
58844,Nagbhir Nagpur Passenger,NAB,NGP
58848,Nagbhir Nagpur Passenger,NAB,NGP
59026,Surat Fast Passenger,AMI,ST
59037,Virar Surat Passenger,VR,ST
59038,Surat Virar Passenger,ST,VR
59039,Virar Valsad Shuttle,VR,BL
59040,Vapi Virar Shuttle,VAPI,VR
59043,Virar Dahanu Shuttle,VR,DRD
59044,Dahanu Virar Shuttle,DRD,VR
59045,Vapi Passenger,BDTS,VAPI
59046,Valsad-Bandra Passenger,BL,BDTS
59047,Virar Surat Passenger,VR,ST
59048,Surat Virar Passenger,ST,VR
59049,Valsad Viramgam Passenger,BL,VG
59051,Surat Nandurbar Passenger,ST,NDB
59075,Bhusaval Passenger,ST,BSL
59076-Slip,Bhusaval Surat Mumbai Passenger,NDB,BCT
59077,Surat-Bhusaval Passenger,ST,BSL
59078,Bhusaval-Surat Passenger,BSL,ST
59092,Nandurbar Surat Passenger,NDB,ST
59101,Vadodara Kathana Passenger,BRC,KTNA
59102,Kathana Vadodara Passenger,KTNA,BRC
59103,Vadodara Kathana Passenger,BRC,KTNA
59104,Kathana Vadodara Passenger,KTNA,BRC
59112,Bodeli Dabhoi Passenger,BDE,DB
59115,Anand Godhra Passenger,ANND,GDA
59116,Godhra Anand Passenger,GDA,ANND
59117,Pratapnagar Bodeli Passenger,PRTN,BDE
59118,Chhota Udepur Pratapnagar Passenger,CTD,PRTN
59119,Pratapnagar Chhota Udepur Passenger,PRTN,CTD
59120,Chhota Udepur Pratap Nagar Passenger,CTD,PRTN
59121,Pratapnagar Chhota Udepur Passenger,PRTN,CTD
59122,Bodeli Pratapnagar Passenger,BDE,PRTN
59152,Modasa Nadiad Passenger,MDSA,ND
59158,Anand Vadodara Passenger,ANND,BRC
59163,Anand Vadtal Passenger,ANND,VTL
59164,Vadtal Swaminarayan Anand Passenger,VTL,ANND
59165,Anand Godhra Passenger,ANND,GDA
59166,Godhra Anand Passenger,GDA,ANND
59205,Wansjaliya Porbandar Passenger,KNLS,PBR
59206,Porbandar Wansjaliya Passenger,PBR,KNLS
59207,Bhavnagar Okha Passenger,BVC,OKHA
59208,Bhavnagar Passenger,OKHA,BVC
59211,Rajkot Porbandar Fast Passenger,RJT,PBR
59031,Surat Bharuch Passenger,ST,BH
59032,Bharuch Surat Passenger,BH,ST
59161,Bharuch Vadtal Swaminarayan Passenger,BH,VTL
59162,Vadtal Swaminarayan Bharuch Passenger,VTL,BH
59212,Porbandar Rajkot Fast Passenger,PBR,RJT
59213,Bhanvad Porbandar Passenger,BNVD,PBR
59215,Bhanvad Porbandar Passenger,BNVD,PBR
59216,Porbandar Bhanvad Passenger,PBR,BNVD
59225,Bhavnagar Mahuva Passenger,BVC,MHV
59226,Mahuva Bhavnagar Passenger,MHV,BVP
59227,Botad Bhavnagar Passenger,BTD,BVC
59228,Bhavnagar-Botad Passenger,BVC,BTD
59229,Botad Jn-Bhavnagar T Passenger,BTD,BVC
59230,Bhavnagar Botad Passenger,BVC,ST
59231,Surendranagar Botad Passenger,SUNR,BTD
59232,Botad Surendranagar Passenger,BTD,SUNR
59233,Surendranagar Bhavnagar Passenger,SUNR,BVC
59234,Bhavnagar Surendranagar Passenger,BVC,SUNR
59235,Dhola Mahuva Passenger,DLJ,MHV
59236,Mahuva Dhola Passenger,MHV,DLJ
59243,Rajula Mahuva Passenger,RJU,MHV
59244,Mahuva Rajula Passenger,MHV,RJU
59267,Palitana Bhavnagar Passenger,PIT,BVC
59268,Bhavnagar Palitana Passenger,BVC,PIT
59269,Palitana Bhavnagar Passenger,PIT,BVC
59270,Bhavnagar Palitana Passenger,BVC,PIT
59271,Surendranagar Bhavnagar Fast Passenger,SUNR,BVC
59272,Bhavnagar Surendranagar Passenger,BVC,SUNR
59295,Palitana Bhavnagar Passenger,PIT,BVC
59296,Bhavnagar Palitana Passenger,BVC,PIT
59297,Porbandar Veraval Passenger,PBR,VRL
59298,Veraval Porbandar Passenger,VRL,PBR
59306,Ujjain-Indore Passenger,UJN,INDB
59318,Ujjain Nagda Passenger,UJN,NAD
59319,Ujjain Bhopal Passenger,UJN,BPL
59320,Bhopal Ujjain Passenger,BPL,UJN
59341,Nagda Bina Passenger,NAD,BINA
59342,Bina Nagda Passenger,BINA,NAD
59345,Ratlam Nagda Passenger,RTM,NAD
59346,Nagda Ratlam Passenger,NAD,RTM
59355,Ratlam Mathura Passenger,RTM,MTJ
59356,Mathura Ratlam Passenger,MTJ,RTM
59357,Bayana Yamunabridge Passenger,BXN,JAB
59358,Yamuna Bridge Bayana Passenger,JAB,BXN
59379,Indore Maksi Passenger,INDB,MKC
59385,Panchvalley Fast Passenger,INDB,CWA
59386,Panchvalley Passenger,CWA,INDB
59317,Nagda Ujjain Passenger,NAD,UJN
59354,Ujjain Nagda Passenger,UJN,NAD
59386-Slip2,Panchvalley Passenger Slip2,CWA,GKP
59387,Nagda Indore Bg Passenger,NAD,INDB
59388,Indore Bg Nagda Passenger,INDB,NAD
59389,Indore-Bhopal Fast Passenger,INDB,BPL
59390,Bhopal-Indore Fast Passenger,BPL,INDB
59395,Amla Chhindwara Passenger,AMLA,CWA
59396,Chhindwara Amla Passenger,CWA,AMLA
59421,Rajkot Veraval Passenger,RJT,VRL
59422,Somnath Rajkot Passenger,SMNH,RJT
59423,Rajkot Somnath Passenger,RJT,SMNH
59424,Veraval Rajkot Passenger,VRL,RJT
59439,Ahmadabad Passenger,BCT,ADI
59440,Ahmedabad Passenger,ADI,BVI
59441,Mumbai Central-Ahmedabad Passenger,BCT,ADI
59441-Slip,Ahmedabad Passenger Slip,BCT,NDB
59459,Rajkot Veraval Passenger,RJT,VRL
59460,Veraval Mumbai Central Passenger Express,VRL,BCT
59461,Borivali Dahanu Shuttle,BVI,DRD
59462,Dahanu Mumbai Passenger,DRD,BCT
59473,Adi - Ptn Passenger,ADI,PTN
59474,Patan - Ahmedabad Passenger,PTN,ADI
59475,Mahesana Patan Passenger,MSH,PTN
59476,Patan Mehsana Passenger,PTN,MSH
59477,Mahesana Patan Passenger,MSH,PTN
59478,Patan Mehsana Passenger,PTN,MSH
59481,Haldighati Passenger,MSH,PTN
59482,Patan Mahesana Passenger,PTN,MSH
59483,Ahmedabad Patan Pass,MSH,PTN
59484,Patan Mahesana Dmu,PTN,MSH
59503,Viramgam Okha Fast Passenger,VG,OKHA
59504,Okha Viramgam Fast Passenger,OKHA,VG
59509,Mahesana Viramgam Passenger,MSH,VG
59510,Viramgam Mahesana Passenger,VG,MSH
59511,Mahesana Viramgam,MSH,VG
59512,Viramgam Mahesana,VG,MSH
59547,Ahmedabad Okha Passenger,ADI,OKHA
59548,Okha Ahmedabad Passenger,OKHA,ADI
59601,Beawar Ajmer Passenger,BER,AII
59602,Ajmer Beawar Passenger,AII,BER
59603,Ajmer Udaipur Passenger,AII,UDZ
59604,Udaipur Ajmer Passenger,UDZ,AII
59605,Chittaurgarh Udaipur Passenger,COR,UDZ
59606,Udaipur Chittaurgarh Passenger,UDZ,COR
59702,Hisar-Jaipur Passenger,HSR,JP
59703,Hisar Rewari Passenger,HSR,RE
59704,Gondia Durg Passenger,RE,HSR
51239,Amla Betul Passenger,AMLA,BZU
59394,Habibganj Dahod Fast Pass,HBJ,DHD
59705,Suratgarh Jaipur Passenger,SOG,JP
59707,Anupgarh - Suratgarh Passenger,APH,SOG
59708,Suratgarh - Anupgarh Passenger,SOG,APH
59709,Aph-Sog  Passanger,APH,SOG
59710,Suratgarh Anupgarh Passenger,SOG,APH
59711,Bhatinda Suratgarh Passenger,BTI,SOG
59712,Suratgarh Bhatinda Passenger,SOG,BTI
59713,Phulera Jaipur Passenger,FL,JP
59714,Jaipur Phulera Passenger,JP,FL
59715,Phulera Rewari Passenger,FL,RE
59716,Rewari Phulera Passenger,RE,FL
59717,Phulera Rewari Passenger,FL,RE
59718,Rewari Phulera Passenger,RE,FL
59721,Jaipur Hisar Passenger,JP,HSR
59722,Hisar - Jaipur Fast Passenger,HSR,JP
59723,Rewari Sadulpur Passenger,RE,HSR
59724,Sadulpur Rewari Passenger,HSR,RE
59725,Rewari Sadulpur Passenger,RE,HSR
59726,Sadulpur Rewari Passenger,HSR,RE
59801,Kota Jaipur Passenger,KOTA,JP
59802,Jaipur Nagda Fast Passenger,JP,NAD
59805,Bayana Jaipur Fast Passenger,JP,BXN
59806,Jaipur Bayana Fast Passenger,BXN,JP
59811,Haldighati Passenger,RTM,AF
59812,Haldighati Passenger,AF,RTM
59813,Kota Agra Yamuna Bridge Passenger,KOTA,JAB
59814,Agra Fort Bayana Passenger,AF,KOTA
59821,Kota - Bhind Passenger,KOTA,BIX
59822,Bhind - Kota Passenger,BIX,KOTA
59831,Vadodara Kota Passenger,BRC,KOTA
59833,Kota Nimach Passenger,KOTA,NMH
59834,Nimach Kota Passenger,NMH,KOTA
59835,Nimach Udaipur Passenger,NMH,UDZ
59836,Udaipur Nimach Passenger,UDZ,NMH
61135,Badnera Amravati Passenger,BD,AMI
63153,Jasidih Baidyanath Pass,JSME,BDME
63154,Baidyanath Jasidih Pass,BDME,JSME
63155,Jasidih Baidyanath Pass,JSME,BDME
63156,Baidyanath Jasidih Pass,BDME,JSME
63157,Jasidih Baidyanathdham Passenger,JSME,BDME
63160,Baidyanath Jasidih Pass,BDME,JSME
63161,Jasidih Baidyanath Pass,JSME,BDME
63162,Baidyanath Jasidih Pass,BDME,JSME
63163,Jasidih Baidyanath Pass,JSME,BDME
63164,Baidyanath Jasidih Pass,BDME,JSME
63165,Jasidih Baidyanath Pass,JSME,BDME
63167,Jasidih Baidyanath Pass,JSME,BDME
63168,Baidyanath Jasidih Pass,BDME,JSME
63207,Jhajha Patna Passenger Memu,JAJ,PNBE
63208,Patna Jhajha Passenger Memu,PNBE,JAJ
63209,Jhajha Patna Memu,JAJ,PNBE
63210,Patna - Jhajha Passenger,PNBE,JAJ
63211,Jasidih - Patna Memu,JSME,PNBE
63212,Patna-Jhajha Passenger Memu,PNBE,JAJ
63217,Mokama Danapur Passenger,MKA,DNR
63218,Danapur Mokameh Passenger,DNR,MKA
63219,Danapur Ara Memu,DNR,RPR
63220,Ara Danapur Passenger,RPR,PNBE
63223,Patna Ara Passenger Demu,PNBE,ARA
63224,Ara Patna Memu,ARA,PNBE
63225,Patna Buxar Passenger Memu,PNBE,BXR
63226,Buxar Patna Passenger,BXR,PNBE
63227,Patna Buxar Passenger Memu,PNBE,BXR
63228,Baxur Patna Passenger Memu,BXR,PNBE
63229,Buxar Mughal Sarai Passenger Memu,BXR,MGS
63230,Mughal Sarai Buxar Passenger,MGS,BXR
63231,Patna Buxar Passenger Dmu,PNBE,BXR
63232,Buxar Patna Passenger,BXR,PNBE
63243,Patna Gaya Passenger Memu,PNBE,GAYA
63244,Gaya Patna Passenger Memu,GAYA,PNBE
63245,Patna Gaya Passenger Memu,PNBE,GAYA
63246,Gaya Patna Passenger Memu,GAYA,PNBE
63247,Patna Gaya Passenger Memu,PNBE,GAYA
63248,Gaya Patna Passenger Memu,GAYA,PNBE
63249,Patna Gaya Passenger Memu,PNBE,GAYA
63250,Gaya Patna Passenger Memu,GAYA,PNBE
63251,Patna Gaya Passenger Memu,PNBE,GAYA
63252,Gaya Patna Passenger Memu,GAYA,PNBE
63253,Patna Gaya Passenger Memu,PNBE,GAYA
63254,Gaya Patna Passenger Memu,GAYA,PNBE
63255,Patna Gaya Passenger Memu,PNBE,GAYA
63256,Gaya Patna Passenger Memu,GAYA,PNBE
63501,Hwh Bwn Fast,HWH,BWN
63502,Bwn Howrah Emu,BWN,HWH
63505,Barddhaman Asansol Memu,BWN,ASN
63509,Barddhaman Asansol Memu,BWN,ASN
63511,Barddhaman Asansol Memu,BWN,ASN
63513,Barddhaman Asansol Memu,BWN,ASN
63515,Barddhaman Asansol Memu,BWN,ASN
63519,Barddhaman Asansol Memu,BWN,ASN
63521,Barddhaman Asansol Memu,BWN,ASN
63523,Barddhaman Asansol Memu,BWN,ASN
63597,Ranchi Asansol Memu,RNC,ASN
63598,Asansol Ranchi Memu,ASN,RNC
13155,Kolkata Chitpur - Sitamarhi Mithilanchal Exp,KOAA,SMI
53042,Jaynagar - Howrah Passenger,JYG,HWH
54159,Jhansi Banda Passenger,JHS,BNDA
63525,Barddhaman Asansol Memu,BWN,ASN
63541,Asansol-Gomoh Passenger (Memu),ASN,GMO
63542,Gomoh-Asansol Memu,GMO,ASN
63543,Asansol Gomoh Pass,ASN,GMO
63544,Gomoh Asansol Passenger Memu,GMO,ASN
63546,Dhanbad Asansol Passenger Memu,DHN,ASN
63547,Dhanbad Hazaribagh Passenger Memu,DHN,HZD
63549,Hazaribagh Road-Gaya Passenger,HZD,GAYA
63550,Koderma Dhanbad Passenger Memu,KQR,DHN
63551,Asansol Dhanbad Passenger Memu,ASN,DHN
63552,Dhanbad Asansol Passenger Memu,DHN,ASN
63556,Asansol Purulia Memu Passenger,ASN,PRR
63561,Asansol Jasidih Memu,ASN,JSME
63562,Baidyanath Dham Asansol Passenger,BDME,ASN
63563,Asansol Jasidh Memu,ASN,JSME
63564,Jasidih Asansol Memu,JSME,ASN
63567,Asansol Jhajha Passenger,ASN,JAJ
63568,Jhajha Asansol Memu,JAJ,ASN
63569,Asansol Jasidih Memu,ASN,JSME
63570,Baidyanathdham Asansol Passenger,BDME,ASN
63572,Kiul Jasidih Passenger Memu,KIUL,JSME
63574,Kiul Jhajha Passenger,KIUL,JSME
63591,Bokaro Steel City-Asansol Memu,BKSC,ASN
63592,Asansol-Bokaro Steel City Memu,ASN,BKSC
63593,Purulia Asansol Memu Passenger,PRR,ASN
63594,Asansol-Purulia Memu,ASN,PRR
63595,Bokaro Steel City-Asansol Memu,BKSC,ASN
63596,Asansol-Bokaro Steel City Memu,ASN,BKSC
64001,Delhi Panipat Emu,DLI,PNP
64002,Panipat Delhi Emu,PNP,DLI
64089,Nizamuddin Parikrama,NZM,PGMD
64090,Nizamuddin Parikrama Emu,NZM,LPNR
64091,Nizamuddin Nizamuddin Parikrama Emu,NZM,PGMD
64092,Nizamuddin Parikrama Emu,NZM,LPNR
64093,Nizamuddin Shakurbasti Parikrama,NZM,SSB
64094,Nizamuddin Parikrama,SSB,NZM
64095,Shakurbasti New Delhi Parikrama,NDLS,SSB
64096,Nizamuddin Parikrama Emu,SSB,NZM
64449,Ghaziabad New Delhi Ladies Special,GZB,NDLS
64450,New Delhi Ghaziabad Ladies Special,NDLS,GZB
64491,Palwal Ndls Ladies Special,PWL,NDLS
12374,Rampurhat - Sealdah Intercity Sf Exp,RPH,SDAH
12373,Sealdah - Rampurhat Intercity Sf Exp,SDAH,RPH
13258,Anand Vihar Delhi - Danapur Jansadharan Exp,ANVT,DNR
13257,Danapur - Delhi Anand Vihar Jan Sadharan Express,DNR,ANVT
57326,Guntur - Kacheguda Pass,GNT,KCG
57325,Kacheguda - Guntur Pass,KCG,GNT
11064,Salem - Chennai Egmore Exp,SA,MS
11272,Bhopal - Itarsi Vindhyachal Exp,BPL,ET
12163,Dadar - Chennai Egmore Sf Exp,DR,MS
12164,Dadar - Chennai Egmore Sf Exp,MS,DR
12319,Kolkata Chitpur - Agra Cantt Sf Exp,KOAA,AGC
12403,Allahabad Mathura Sf Express,ALD,MTJ
12407,New Jalpaiguri - Amritsar Karmabhoomi Exp,NJP,ASR
12495,Bikaner - Kolkata Chitpur Pratap Exp,BKN,KOAA
12513,Secunderabad - Guwahati Exp,SC,GHY
12591,Gorakhpur - Yesvantpur Sf Exp,GKP,YPR
12624,Tiruvananthapuram Chennai Sf Mail,TVC,MAS
12661,Chennai Egmore - Sengottai Pothigai Sf Exp,MS,SCT
12709,Simhapuri Sf Express,GDR,SC
12735,Secunderabad - Yesvantpur Garib Rath Exp,SC,YPR
12736,Yesvantpur - Secunderabad Garib Rath Exp,YPR,SC
12835,Hatia - Yesvantpur Sf Exp,HTE,YPR
12836,Yesvantpur - Hatia Sf Exp,YPR,HTE
12840,Chennai-Howrah Sf Mail,MAS,HWH
12889,Tatanagar - Yesvantpur Sf Exp,TATA,YPR
12890,Yesvantpur - Tatanagar Sf Exp,YPR,TATA
12993,Gandhidham - Puri Sf Exp,GIMB,PURI
12994,Puri - Gandhidham Sf Exp,PURI,GIMB
13158,Muzaffarpur - Kolkata Chitpur Tirhut Exp,MFP,KOAA
13351,Dhanbad - Alappuzha Exp,DHN,ALLP
15015,Gorakhpur - Yesvantpur Exp,GKP,YPR
15024,Yesvantpur - Gorakhpur Exp,YPR,GKP
15234,Darbhanga - Kolkata Chitpur Maithili Exp,DBG,KOAA
18107,Rourkela - Koraput Exp,ROU,KRPU
18311,Sambalpur - Varanasi Exp,SBP,BSB
18616,Hatia - Howrah Kriya Yoga Express,HTE,HWH
37855,Howrah-Barddhaman Local,HWH,BWN
51158,Itarsi Bhusaval Passenger,ET,BSL
51671,Itarsi - Katni Fast Passenger,ET,KTE
51827,Itarsi Jhansi Passenger,ET,JHS
52238,Aishbagh - Pilibhit Pass,ASSH,PBE
53041,Howrah - Jaynagar Passenger,HWH,JYG
53405,Rampurhat- Sahibganj Passenger,RPH,SBG
54103,Chunar Allahabad Passenger,CAR,ALD
54321,Balamau Sitapur Cantt Passenger,BLM,SCC
56100,Erode - Metur Dam Passenger,ED,MTDM
56101,Metur Dam - Erode Passenger,MTDM,ED
56731,Madurai  - Sengottai Passenger,MDU,SCT
56732,Sengottai - Madurai  Passenger,SCT,MDU
58161,Hatia - Jharsuguda Passenger (Unreserved),HTE,JSG
63548,Gaya Koderma Passenger Memu,GAYA,KQR
06012,Kollam Chennai Central (Weekly) Sf Special,QLN,MAS
11028,Chennai-Mumbai Cst Mail,MAS,CSTM
11042,Chennaicentral-Cst Mumbai Express,MAS,CSTM
12007,Chennai Cent - Mysore Shatabdi Express,MAS,MYS
12689,Chennai Central - Nagercoil Sf Exp,MAS,NCJ
14115,Haridwar Express,ALD,HW
14116,Allahabad Express,HW,ALD
14125,Saryu Express,ALD,FD
15619,Gaya - Kamakhya Weekly Exp,GAYA,KYQ
16222,Kaveri Express,MAS,MYS
16627,West Coast Express,MAS,MAQ
17242,Simhadri Link Express,NDD,NS
17311,Chennai Cent - Vasco Da Gama Exp,MAS,VSG
17604,Prashanti Nilayam Express,YPR,KCG
19025,Surat Bhavnagar Express Slip,ST,MHV
24512,Khurja Allahabad Link Express,BSC,ALD
38458,Panskura Howrah Emu,PKU,HWH
42402,Sullurpeta Chennai Emu Local,SPE,MAS
43001,Chennai Central Avadi Emu,MAS,AVD
47100,Hyderabad Lingampalli Mmts,HYB,LPI
47126,Lingampalli Hyderabad Mmts,LPI,HYB
47131,Lingampalli Hyderabad Mmts,LPI,HYB
47173,Lingampalli Falaknuma Mmts,LPI,FM
47186,Lingampalli Falaknuma Mmts,LPI,FM
51285,Bhusaval Nagpur Passenger,BSL,NGP
52047,Kosamba Umarpada Passenger,KSB,UMPD
53069,Barddhaman Rampurhat Passenger,BWN,RPH
53349,Barwadih Dehri On Sone Passenger,BRWD,DOS
53363,Gaya Dehri On Sone Passenger,GAYA,DOS
53601,Gaya Dehri On Sone Passenger,GAYA,DOS
53613,Gaya Mughal Sarai Fast Passenger,GAYA,MGS
54101,Allahabad Kanpur Passenger,ALD,CNB
54336,Kanpur Balamau Passenger,CNB,BLM
54512,Nangal Dam Ambala Passenger,NLDM,UMB
55617,New Bongaigaon Guwahati Passenger,NBQ,GHY
55801,Manas Rhino Passenger,NBQ,GHY
57223,Gudur Vijayawada Passenger,GDR,BZA
57277,Gudur Vijayawada Passenger,GDR,BZA
57411,Tirupati Gudur Passenger,TPTY,GDR
57452,Guntakal Chikjajur Passenger,GTL,JRU
57631,Solapur-Raichur Passenger,SUR,RC
58413,Dhenkanal Puri Passenger,TLHR,PURI
59014,Surat Passenger,BSL,ST
59076,Surat Passenger,BSL,ST
59380,Maksi Indore Bg Passenger,MKC,INDB
59393,Dahod Habibganj Fast Pass,DHD,HBJ
59803,Nagda Kota Passenger,NAD,KOTA
63518,Asansol Barddhaman Passenger,ASN,BWN
11008,Deccan Express,PUNE,CSTM
12221,Pune - Howrah Ac Duronto Exp,PUNE,HWH
12488,Seemanchal Express,ANVT,JBN
12786,Bangalore-Kacheguda Sf Express,SBC,KCG
12797,Venkatadri Sf Express,KCG,CTO
12798,Venkatadri Sf Express,CTO,KCG
15707,Amrapali Express,KIR,ASR
17603-Slip,Prasanthi Nilayam Express,KCG,UBL
17603-Slip2,Kacheguda-Vasco Prashanti Nilayam Slip,KCG,VSG
17639,Kacheguda - Akola Intercity Exp,KCG,AK
17640,Akola - Kacheguda Intercity Exp,AK,KCG
17651,Chennai Egmore Kacheguda Express,MS,KCG
17652,Kacheguda Chennai Egmore Express,KCG,MS
18474,Jodhpur - Puri Express,JU,PURI
19066,Bhagat Ki Kothi - Mumbai Bandra Exp,BGKT,BDTS
38460,Panskura Howrah Emu,PKU,HWH
47169,Falaknuma Lingampalli Mmts,FM,LPI
50106,Sawantwadi-Diva Passenger,SWV,DIVA
51097,Diva Panvel Passenger,DIVA,PNVL
51098,Panvel Diva Passenger,PNVL,DIVA
51347,Pune - Daund - Baramati Passenger,PUNE,BRMT
52019,Miyagam Chandod Mix Passenger,MYGL,CDD
52551,Purnia Murliganj Passenger,PRNA,MRIJ
52555,Purnia Murliganj Passenger,PRNA,MRIJ
52936,Ujjain Fatehabad Passenger,UJN,FTD
53610,Mughal Sarai Dehri On Sone Passenger,MGS,DOS
54261,Mughal Sarai Jaunpur Passenger,MGS,JNU
54268,Varanasi Mughal Sarai Passenger,BSB,MGS
54393,Moradabad Gajraula Passenger,MB,GJL
54704,Jodhpur Bhatinda Passenger,JU,BTI
55011,Siwan Gorakhpur Passenger,SV,GKP
55021,Samastipur Siwan Intercity Fast Passenger,SPJ,SV
55022,Siwan Samastipur Intercity Passenger,SV,SPJ
55335,Bareilly Lalkua Pass,BE,LKU
55541,Hajipur-Fulwaria Passenger,HJP,SV
55742,Jogbani Katihar Passenger,JBN,KIR
56524,Hindupur - Ksr Bengaluru City Passenger,HUP,SBC
56611,Palakkad Nilambur Passenger,PGT,NIL
56834,Vriddhachalam Cuddalore Passenger,VRI,CUPJ
57425,Kacheguda Guntakal Passenger,KCG,GTL
57435,Kacheguda Kurnool Town Passenger,KCG,KRNT
57456,Mahbubnagar Secunderabad Passenger,MBNR,KCG
57562,Manmad - Kacheguda Passenger,MMR,KCG
57594,Nanded Kacheguda Passenger,NED,KCG
57620,Delta Fast Passenger,KCG,RAL
59353,Nagda Ujjain Passenger,NAD,UJN
12240,Jaipur-Mumbai Central Ac Duronto Express,JP,BCT
12335,Bhagalpur - Mumbai Ltt Sf Exp,BGP,LTT
12349,Bhagalpur-Newdelhi Weekly Sf Express,BGP,NDLS
12409,Gondwana Express,RIG,NZM
12980,Jaipur - Mumbai Bandra (T.) (Triweekly) Sf Express,JP,BDTS
13348-Slip,Palamau Express Slip Slip,PNBE,SGRL
13352-Slip,Alappuzha Dhanbad Tatanagar Express Slip,ALLP,TATA
13402,Intercity Express,DNR,BGP
13409,Intercity Express,MLDT,BGP
15202,Raxaul Hajipur Intercity,RXL,HJP
17016,Visakha Express,SC,BBS
18411,Bhubaneswar-Visakhapatnam Inter City Express,BBS,VSKP
19047,Surat - Bhagalpur Tapti Ganga Exp,ST,BGP
50103,Dadar Ratnagiri Passenger,DR,RN
52081,Jaipur Loharu Fast Passenger,JP,LHU
52279,Kaptanganj Thawe Passenger,THE,CPR
52296,Lal Kuan Bareilly Passenger,CPR,THE
52517,Sakri Laukaha Bazar Passenger,SKI,JJP
52974,Akola Ratlam Fast Passenger,AK,RTM
53021,Azimganj Bhagalpur Passenger,AZ,BGP
53029,Azimganj Bhagalpur Passenger,AZ,BGP
53441,Mandar Parvat Bhagalpur Passenger,MDLE,BGP
53443,Mandar Hill Bhagalpur Passenger,MDLE,BGP
53445,Mandar Hill Bhagalpur Passenger,MDLE,BGP
53447,Banka Bhagalpur Passenger,BAKA,BGP
53449,Banka Bhagalpur Passenger,BAKA,BGP
53521,Asansol Varanasi Passenger,ASN,BSB
53660,Sasaram-Patna Passenger,SSM,PNBE
54381,Gajraula Najibabad Passenger,GJL,NBD
54571,Ludhiana Firozpur Passenger,LDH,FZR
54604,Ludhiana Hisar Passenger,LDH,HSR
54808,Jaipur Ajmer Passenger,JP,AII
56378,Kayankulam Alappuzha Passenger,KYJ,ALLP
56825,Erode Tirunelveli Passenger,ED,TEN
56844,Erode-Tiruchchirapalli Passenger,ED,TPJ
56903,Solapur - Dharwar Passenger,SUR,DWR
57515,Daund Nanded Passenger,DD,NED
57624,Guntur Kacheguda Pass,GNT,KCG
58027,Bhubaneswar-Khurda Road Passenger,BBS,KUR
58426,Bhubaneswar-Kendujhargarh Fast Passenger,BBS,KDJR
58812,Itwari Ramtek Passenger,ITR,RTK
58845,Itwari Nagbahir Passenger,ITR,NAB
59307,Indore Jaipur Link Express,INDB,JP
59701,Jaipur Hisar Passenger,JP,HSR
59706,Jaipur Suratgarh Passenger,JP,SOG
63242,Gaya Patna Passenger Memu,GAYA,PNBE
63554,Asansol-Bokaro Steel City Memu Passenger,ASN,BKSC
02094,Loharu - Jaipur Passenger Spl (Mg),LHU,JP
22406,Anandvihar Terminal-Bhagalpur Garib Rath,ANVT,BGP
06593,Yesvantpur-Hosur Passenger Special,YPR,HSRA
06001,Chennai Central-Kollam Sf Special,MAS,QLN
01102,Gwalior Mumbai Ltt (Weekly) Special,GWL,LTT
04857,Pipar Road -Jodhpur Passenger Special,PPR,JU
09001,Mumbai Central - Ahmedabad Sf Special,BCT,ADI
04204,Delhi Jn. -Varanasi Special,DLI,BSB
02414,Sri Ganganagar Sadulpur Passenger Holiday Special,SGNR,SDLP
11098,Ernakulam - Pune Poorna Exp,ERS,PUNE
07143,Hyderabad - C.Shahu Maharaj T. Kolhapur Special,HYB,KOP
11063,Chennai Egmore - Mettur Dam Slip Exp,MS,MTDM
08060,Howrah - Mumbai Ltt Sf Special,HWH,LTT
01493,Hubli Bijapur Special,UBL,BJP
05649,Mumbai Ltt - Kamakhya (Weekly) Special,LTT,KYQ
01101,Mumbai Ltt - Gwalior (Weekly) Special,LTT,GWL
04727,Bikaner-Mumbai Bandrat Sf Special,BKN,BDTS
06010,Kollamchennai Central Sf Special,QLN,MAS
04012,H. Nizamuddin - Sainagar Shirdi (Weekly) Special,NZM,SNSI
06346,Palghat Town - Pollachi Passenger Spl,PGTN,POY
11701,Jabalpur - Indore Intercity Exp,JBP,INDB
07106,Hyderabad-Ajmer Weekly Special,HYB,AII
08056,Tirupati-Kolkata Shalimar Special,TPTY,SHM
11034,Darbhanga - Pune Gyan Ganga Exp,DBG,PUNE
11013,Mumbai Ltt-Coimbatore Express,LTT,CBE
07604,Kamareddi Kacheguda Special,KMC,KCG
09723,Sabarmati - Jaipur Sf Holiday Special,SBI,JP
09722,Delhi Sarai Rohilla -Jaipur Sf Special,DEE,JP
11097,Pune - Ernakulam Poorna Exp,PUNE,ERS
11046,Dhanbad - Kolhapur Csmt Deekshabhoomi Exp,DHN,KOP
11061,Mumbai Ltt - Darbhanga Pawan Exp,LTT,DBG
12001,Bhopal-New Delhi Shatabdi Express,BPL,NDLS
12019,Howrah-Ranchi Shatabdi Express,HWH,RNC
11265,Jabalpur - Ambikapur Exp,JBP,ABKP
12027,Chennai Cent - Bangalore City Shatabdi Exp,MAS,SBC
12030,Amritsar-New Delhi Swarna Shatabdi Express,ASR,NDLS
12071,Mumbai Aurangabad Jan Shatabdi,CSTM,AWB
12077,Chennai Vijayawada Jan Shatabdi Express,MAS,BZA
12121,Jabalpur - Delhi H Nizamuddin S Kranti Exp,JBP,NZM
12142,Patliputra - Mumbai Ltt Sf Exp,PPTA,LTT
55247,Barauni-Hajipur Passenger,BJU,HJP
55539,Katihar Hajipur Passenger,KIR,HJP
55542,Phulwaria Hajipur Passenger,BHBR,HJP
55549,Barauni-Hajipur Passenger,BJU,HJP
59151,Nadiad Modasa Passenger,ND,MDSA
12394,Sampoorna Kranti Express,NDLS,RJPB
12555,Gorakhdham Express,GKP,HSR
12257,Yesvantapur Kochuveli Garib Rath Express,YPR,KCVL
12182,Ajmer - Jabalpur Dayodaya Express,AII,JBP
12346,Guwahati - Howrah Saraighat Sf Exp,GHY,HWH
12283,Ernakulam - Delhi H Nizamuddin Duronto Exp,ERS,NZM
12146,Puri - Mumbai Ltt Sf Exp,PURI,LTT
12471,Mumbai Bandra (T.) - Jammu Tawi Sf Swaraj Express,BDTS,JAT
12722-Slip,Dakshin Link Sf Express,NZM,VSKP
12317,Kolkata Sealdah - Amritsar Akal Takht Exp,SDAH,ASR
12619,Mumbai Ltt - Mangalore Cent Matsyagandha Exp,LTT,MAQ
12193,Bhopal Partapgarh Express,BPL,PBH
12258,Kochuveli-Yesvantpur Garib Rath,KCVL,YPR
12165,Mumbai Ltt - Varanasi Ratnagiri Exp,LTT,BSB
12615,Grand Trunk (Gt) Express,MAS,NDLS
12286,Hazrat Nizamuddin-Secunderabad Duronto Express,NZM,SC
12395,Rajendranagar-Ajmer Ibadat Express,RJPB,AII
12463,Rajasthan Sampark Kranti Express,DEE,JU
12227,Mumbai Central- Indore Duronto Express,BCT,INDB
12181,Jabalpur - Ajmer Dayodaya Exp,JBP,AII
12350,Newdelhi-Bhagalpur Weekly Sf Express,NDLS,BGP
12263,Pune - Hazrat Nizamuddin Ac Duronto Express,PUNE,NZM
12546,Mumbai Ltt - Raxaul Karmabhoomi Exp,LTT,RXL
12336,Mumbai Ltt - Bhagalpur Sf Exp,LTT,BGP
12467,Bikaner Jaipur Intercity,BKN,JP
12315,Ananya Express,SDAH,UDZ
12580,Puri Digha Samudra Kanya Super Fast Express,PURI,DGHA
12633,Chennai Egmore - Kanniyakumari Sf Exp,MS,CAPE
12542,Mumbai Ltt-Gorakhpur Sf Express,LTT,GKP
12448-Slip,Nizamuddin Khajuraholink Express Slip,NZM,KURJ
12653,Tiruchirappalli Mangalore Weekly Superfast Express,TPJ,MAQ
12463-Slip,Rajasthan Sampark Kranti Express Slip,DEE,BKN
12636,Madurai - Chennai Egmore Vaigai Sf Exp,MDU,MS
12561,Swatantrata Sainani Express,DBG,NDLS
12641,Kanyakumari - D H Nizamuddin Thirukkural Exp,CAPE,NZM
12739,Visakhapatnam Secunderabad Garib Rath Express,VSKP,SC
12652,Delhi H Nizamuddin - Madurai Tamil Nadu S Kranti,NZM,MDU
12687-Slip,Chennai Chandigarh Express Slip,MAS,DDN
12782,Nizamuddin-Mysore Swarna Jayanti Express,NZM,MYS
12684,Bangalore - Ernakulam Sf Exp,SBC,ERS
12803,Visakhapatnam-Nizamuddin Swarnajayanthi Express,VSKP,NZM
12810,Howrah - Mumbai Cst Sf Mail (Via Nagpur),HWH,CSTM
12826,Jharkhand Sampark Kranti Express,NDLS,RNC
12846,Bengaluru Cantt - Bhubaneswar Sf Exp,BNC,BBS
12847,Howrah-Digha Ac Duronto Express,HWH,DGHA
12848,Digha-Howrah Ac Duronto Express,DGHA,HWH
12849,Bilaspur Pune Sf Express,BSP,PUNE
12850,Pune Bilaspur Superfast Express,PUNE,BSP
12851,Bilaspur-Chennai Express,BSP,MAS
12852,Chennai-Bilaspur Express,MAS,BSP
12853,Durg - Bhopal Amarkantak Sf Exp,DURG,BPL
12854,Bhopal - Durg Amarkantak Sf Exp,BPL,DURG
12855,Bilaspur-Nagpur Intercity,BSP,NGP
12856,Nagpur-Bilaspur Intercity,NGP,BSP
12857,Tamralipta Express,HWH,DGHA
12858,Tamralipta Express,DGHA,HWH
12859,Mumbai Cst - Howrah Gitanjali Exp,CSTM,HWH
12860,Howrah - Mumbai Cst Gitanjali Exp,HWH,CSTM
12861,Link Superfast Express,VSKP,NZM
12862,Link Superfast Express,KZJ,VSKP
12863,Howrah - Yesvantpur Sf Exp,HWH,YPR
52332,Saharsa-Raghopur Passenger,SHC,RGV
12864,Yesvantpur - Howrah Sf Exp,YPR,HWH
12865,Lalmati Express,HWH,PRR
52401,Ratangarh Sardarshahar Passenger,RTGH,SRDR
12866,Lalmati Express,PRR,HWH
52402,Sardarshahar Ratangarh Passenger,SRDR,RTGH
12867,Howrah-Puducherry Express,HWH,PDY
16126,Jodhpur - Chennai Egmore Exp,JU,MS
13201,Rajendra Nagar Patna - Mumbai Ltt Janta Exp,RJPB,LTT
12868,Puducherry-Howrah (Aurobindo) Express,PDY,HWH
14041,Delhi Sarai Rohilla - Dehradun Mussoorie Exp,DEE,DDN
13157,Kolkata Chitpur - Muzaffarpur Tirhut Exp,KOAA,MFP
12950,K Santraganchi - Porbandar Kavi Guru Sf Exp,SRC,PBR
12878,New Delhi-Ranchi Garib Rath,NDLS,RNC
12987,Sealdah Ajmer Express,SDAH,AII
15233,Kolkata Chitpur - Darbhanga Maithili Exp,KOAA,DBG
12869,Mumbai Cst - Howrah Sf Exp,CSTM,HWH
15036,Uttarakhand Sampark Kranti Express,KGM,DLI
13151,Kolkata Chitpur-Jammutawi Express,KOAA,JAT
14312,Bhuj - Bareilly Ala Hazrat Exp,BHUJ,BE
12953,Mumbaicentral-H Nizamuddin August Kranti Rajdhani Express,BCT,NZM
12905,Porbandar - Howrah Sf Exp,PBR,HWH
12870,Howrah - Mumbai Cst Sf Exp,HWH,CSTM
13420,Jan Sewa Express,MFP,BGP
12995-Slip,Bandra-Udaipur Sf Express Slip,BDTS,AII
13318,Black Diamond Express,DHN,HWH
13187,Maa Tara Express,SDAH,RPH
14019,Chhindwara Delhi Sr (Biweekly) Kanhan Valley Express,CWA,DEE
12972,Bhavnagar Bandra Express,BVC,BDTS
12906,Howrah - Porbandar Sf Exp,HWH,PBR
12871,Howrah - Titlagarh Ispat Exp,HWH,TIG
13153,Sealdah-Malda Town Gour Express,SDAH,MLDT
15017,Mumbai Ltt - Gorakhpur Kashi Exp,LTT,GKP
15268,Mumbai Ltt - Raxaul Jan Sadharan Exp,LTT,RXL
13053,Howrah-Siuri Intercity Express,HWH,SURI
14218,Chandigarh Allahabad Unchahar Express,CDG,ALD
14887,Kalka - Barmer Chandigarh Express,KLK,BME
15271,Howrah-Muzaffarpur Jansadharan Express,HWH,MFP
13403,Vananchal Express,RNC,BGP
13503,Sealdah-Asansol Intercity Express,SDAH,ASN
16107,Chennai Egmore-Mangalore Express,MS,MAQ
14659,Delhi-Jaisalmer Express,DLI,JSM
15651,Guwahati - Jammu Tawi Lohit Exp,GHY,JAT
16321,Bangalore Tiruvananthapuram Weekly Express,SBC,TVC
17031,Mumbai Cst-Hyderabad Express,CSTM,HYB
17018,Secunderabad - Rajkot Express,SC,RJT
15763,Balurghat-New Jalpaiguri Intercity Express,BLGT,NJP
16507,Bhagat Ki Kothi - Bangalore Exp,BGKT,SBC
16558,Bangalore Mysore Rajya Rani Express,SBC,MYS
16701,Chennai Egmore-Rameshwaram Express,MS,RMM
17401-Slip,Tirupati-Narsapur Express Slip,TPTY,NS
17481-Slip,Bilaspur Manmad Express Slip,BSP,MMR
18001,Kandari Express,HWH,DGHA
18006,Jagdalpur - Howrah Samaleshwari Exp,JDB,HWH
52244,Aishbagh - Pilibhit Passenger,ASSH,PBE
19711-Slip,Jaipur-Indore Express Slip,JP,INDB
22823,Bhubaneswar - New Delhi Rajdhani Express,BBS,NDLS
47123,Hyderabad Lingampalli Mmts,HYB,LPI
18618,Ranchi-Howrah Intercity,RNC,HWH
41503,Chennai Beach Velachery Sunday Emu,MSB,VLCY
18030,Kolkata Salimar - Mumbai Ltt [Kurla] Exp,SHM,LTT
33593,Sealdah-Basirath Local,SDAH,BT
47207,Falaknuma Lingampalli Suburban,FM,LPI
21068,Rai Bareli-Mumbai Ltt Saket Express,RBL,LTT
19106,Haridwar-Ahmedabad Mail,HW,ADI
52228,Tanakpur Aishbagh Express,TPU,ASH
41021,Chennai Beach Velachery Emu,MSB,VLCY
18235-Slip,Bilaspur Express Passenger Slip,BPL,CHRM
22824,New Delhi - Bhubaneswar Rajdhani Exp (Via Bokaro),NDLS,BBS
51189,Itarsi - Allahabad Passenger,ET,ALD
51606,Chirmiri Katni Passenger,CHRM,DMO
38462,Panskura Howrah Emu,PKU,HWH
19115,Mumbai Bandra - Bhuj Sayaji Nagari Exp,BDTS,BHUJ
18412,Visakhapatnam-Bhubaneswar Inter City Express,VSKP,BBS
22161,Bhopal Damoh Rajya Rani Exp,BPL,DMO
47115,Hyderabad Lingampalli Mmts,HYB,LPI
47167,Falaknuma Lingampalli Mmts,FM,LPI
25201,Sugauli Narkatiaganj Intercity Link Express,SGL,NKE
41065,Chennai Beach Velachery Emu,MSB,VLCY
51862,Konch Ait Passenger,KNH,AIT
51261,Amravati Wardha Passenger,AMI,WR
40514,Chengulpet Chennai Beach Semi Fast Emu (12 Car),CGL,MSB
51112,Dhule Chalisgaon Mix Passenger,DHI,CSN
51820,Allahabad Jhansi Passenger,ALD,JHS
51702,Rewa - Jabalpur Passenger,REWA,JBP
51673,Itarsi - Satna Passenger,ET,STA
51240,Betul Amla Passenger,BZU,AMLA
51885,Bina Damoh Pass,BINA,DMO
51909,Delhi Shamli Saharanpur Passenger,DLI,SRE
51613,Kota - Katni Passenger,KOTA,KTE
52107,Neral Matheran Passenger,NRL,MAE
52213,Bareilly Mailani Passenger,BRY,MLN
52321,Forbesganj-Saharsa Passenger,FBG,SHC
52331,Raghopur-Saharsa Passenger,RGV,SHC
52403,Ratangarh Sardarshahar Passenger,RTGH,SRDR
52404,Sardarshahar Ratangarh Passenger,SRDR,RTGH
52405,Hanumangarh Suratgarh Passenger,SDLP,SGNR
52406,Suratgarh Hanumangarh Passenger,SGNR,SDLP
52407,Sadulpur Suratgarh Passenger,SDLP,SGNR
52408,Suratgarh Sadulpur Passenger,SGNR,SDLP
52411,Sadulpur Shri Ganganagar Passenger,SDLP,SGNR
52412,Shri Ganganagar Sadulpur Passenger,SGNR,SDLP
52413,Sdlp Sog Pass,SDLP,SGNR
52414,Sog Sdlp Pass,SGNR,SDLP
52415,Hanumangarh Suratgarh Passenger,SDLP,SOG
52451,Shivalik Deluxe Express,KLK,SML
52452,Shivalik Deluxe Express,SML,KLK
52453,Kalka Shimla Express,KLK,SML
52454,Shimla Kalka Express,SML,KLK
52455,Himalayan Queen,KLK,SML
52456,Himalayan Queen,SML,KLK
52457,Kalka Shimla Passenger,KLK,SML
52458,Shimla Kalka Passenger,SML,KLK
52461,Pathankot Jawalamukhi Road Passenger,PTK,JMKR
52462,Kangra Valley Rail Passenger,JMKR,PTK
52463,Kangra Valley Rail Passenger,PTK,BJPL
52464,Baijnathpaprola - Pathankot Pass,BJPL,PTK
52465,Pathankot - Pathankot Passenger,PTK,BJPL
52905,Mahesana Ahmedabad Passenger,MSH,ADI
56889,Tiruvarur Tiruturaipudi Passenger,TVR,TTP
57123,Bhadrachalam Sirpur Kagaznagar Passenger,BDCR,SRUR
54404,Meerut City Khurja Passenger,MTC,KRJ
52466,Kangra Valley Rail Passenger,BJPL,PTK
53220,Mughal Sarai Buxar Passenger,MGS,BXR
53415,Sahibganj Jamalpur Passenger,SBG,JMP
53522,Varanasi-Asansol Passenger,BSB,ASN
52925,Khed Brahma Ahmedabad Passenger,KDBM,ADI
55318,Kashipur Lalkuan Passenger,KPV,LKU
54467,Tundla Barhan Etah Passenger,TDL,ETAH
52533,Banmankhi Bihariganj Passenger,BNKI,BHGJ
54309,Delhi Rewari Passenger,DLI,RE
53335,Dhanbad Ranchi Passenger,DHN,RNC
54606,Ludhiana Hisar Passenger,LDH,HSR
52944,Botad Ahmedabad Passenger,BTD,GG
53416,Jamalpur Rampurhat Pass,JMP,SBG
52902,Ahmedabad Mahesana Passenger,ADI,MSH
55810,Guwahati New Bongaigaon Passenger,GHY,NBQ
54005,Delhi Bhiwani Passenger,DLI,BNW
55014,Manduadih Chhapra Passenger,MUV,CPR
53063,Barddhaman Barharwa Passenger,BWN,BHW
53404,Gaya Jamalpur Passenger,GAYA,JMP
55753,Alipur Duar - Guwahati Sifung Pass,APDJ,GHY
54415,Delhi Sarai Rohilla Rewari Passenger,DLI,RE
54353,Aligarh - Bareilly Passenger,ALJN,BE
55611,Fakiragram Kamakhya Passenger,FKM,KYQ
53421,Jamalpur Kiul Pass,JMP,KIUL
55237,Barauni-Samastipur Passenger,BJU,SPJ
54602,Amritsar Hisar Passenger,ASR,HSR
54092,Kotdwara Najibabad Passenger,KTW,NBD
55001,Gorakhpur Ayodhya Passenger,GKP,AY
56138,Coonoor Udagamandalam Passenger,ONR,UAM
55540,Hajipur-Katihar Passenger,HJP,KIR
55040,Nautanwa Gorakhpur Passenger,NTV,GKP
55532,Barauni-Katihar Passenger,BJU,KIR
56267,Arsikere Mysore Passenger,ASK,MYS
56600,Kozhikode Shoranur Passenger,CLT,SRR
56614,Nilambur Road Shoranur Passenger,NIL,SRR
56387,Ernakulam Kayamkulam Passenger,ERS,KYJ
56723,Madurai Rameswaram Passenger,MDU,RMM
57429,Tirupati Gudur Passenger,TPTY,GDR
57422,Guntakal Dronachellam Passenger,GTL,DHNE
57447,Secunderabad Mahbubnagar Passenger,SC,MBNR
57593,Kacheguda Nanded Passenger,KCG,NED
57632,Guntakal Gulbarga Passenger,GTL,GR
58028,Kurdha Road Bhubaneshwar Passenger,KUR,BBS
63166,Baidyanath Jasidih Pass,BDME,JSME
58801,Ballarshar Gondia Passenger(Via Nagbhir ),BPQ,G
58207,Raipur Kesinga Passenger,R,KSNG
59157,Vadodara Anand Passenger,BRC,ANND
59442,Ahmedabad Mumbai Central Passenger,ADI,BCT
58803,Chanda Fort Gondia Passenger,CAF,G
67295,Rajahmundry Visakhapatnam Pass,RJY,VSKP
58219,Bilaspur Chirmiri Passenger,BSP,CHRM
63241,Patna Gaya Passenger Memu,PNBE,GAYA
59214,Porbandar Bhanvad Passenger,PBR,BNVD
59024,Valsad Mumbai Passenger,BL,BCT
58425,Kendujhargarh-Bhubaneswar Fast Passenger,KDJR,BBS
59832,Kota Vadodara Passenger,KOTA,BRC
63545,Asansol Dhanbad Passenger,ASN,DHN
59050,Viramgam Valsad Passenger,VG,BL
59386-Slip,Panchvalley Passenger Slip1,CWA,ASR
64492,New Delhi Palwal Ladies Special,NDLS,PWL
67296,Visakhapatnam Rajahmundry Pass,VSKP,RJY
70101,Madgaon Karwar Passenger,MAO,KAWR
83112,Danapur Giridih Express,DNR,GRD
84369,Tribeni Link Express,BRWD,BE
